team,q1_rush_yds_mean,q1_rush_yds_median,q1_rush_yds_std,q1_rush_yds_p25,q1_rush_yds_p75,q1_rush_yds_max,q1_rush_yds_hit_20,q1_rush_yds_hit_25,q1_rush_yds_hit_30,q1_rush_att_mean,rb_carry_capture,rb_yard_capture,opp_q1_rush_yds_allowed_mean,opp_q1_rush_yds_allowed_median,opp_q1_rush_yds_allowed_p75,opp_q1_rush_yds_allowed_hit_30,opp_q1_rush_att_allowed_mean
BUF,43.05882352941177,42.0,24.99993079575197,19.0,67.0,80.0,0.7058823529411765,0.6470588235294118,0.5882352941176471,7.0,0.8403361344537815,0.8729508196721312,36.52941176470589,30.0,52.0,0.5294117647058824,7.588235294117647
NE,40.8235294117647,32.0,27.231545924269625,19.0,57.0,108.0,0.7058823529411765,0.5882352941176471,0.5294117647058824,7.647058823529412,0.8384615384615385,0.8097982708933718,29.058823529411764,24.0,47.0,0.4705882352941176,6.117647058823529
MIA,38.64705882352941,32.0,24.482745848671826,21.0,54.0,96.0,0.7647058823529411,0.7058823529411765,0.5882352941176471,6.0,0.9215686274509804,0.9162861491628614,31.94117647058824,20.0,56.0,0.4117647058823529,7.0
BAL,37.47058823529412,38.0,27.4507422958862,14.0,48.0,93.0,0.5882352941176471,0.5882352941176471,0.5882352941176471,7.647058823529412,0.8461538461538461,0.8163265306122449,21.23529411764705,18.0,30.0,0.2941176470588235,6.0
PHI,37.1764705882353,32.0,21.423558484329533,23.0,40.0,112.0,0.9411764705882352,0.7058823529411765,0.5882352941176471,6.647058823529412,0.7610619469026548,0.7879746835443038,29.764705882352946,30.0,36.0,0.5294117647058824,6.588235294117647
LA,35.1764705882353,27.0,22.72918645607487,15.0,50.0,79.0,0.6470588235294118,0.5294117647058824,0.4705882352941176,6.470588235294118,0.9545454545454546,0.911371237458194,20.705882352941178,19.0,26.0,0.1176470588235294,5.705882352941177
DAL,33.94117647058823,29.0,20.74344854259885,20.0,44.0,78.0,0.7647058823529411,0.6470588235294118,0.4705882352941176,7.176470588235294,0.9016393442622952,0.9220103986135182,26.23529411764705,21.0,42.0,0.3529411764705882,5.470588235294118
CHI,32.35294117647059,31.0,22.632462828919483,18.0,40.0,84.0,0.7058823529411765,0.6470588235294118,0.5294117647058824,7.117647058823529,0.8512396694214877,0.850909090909091,31.764705882352946,22.0,41.0,0.3529411764705882,6.470588235294118
WAS,31.058823529411764,30.0,17.857180425071704,20.0,39.0,80.0,0.7647058823529411,0.6470588235294118,0.5294117647058824,6.647058823529412,0.7345132743362832,0.7234848484848485,33.23529411764706,28.0,44.0,0.4705882352941176,6.470588235294118
IND,30.41176470588235,24.0,22.85261942388382,13.0,42.0,77.0,0.5882352941176471,0.4705882352941176,0.4117647058823529,6.588235294117647,0.8035714285714286,0.781431334622824,17.823529411764707,10.0,28.0,0.2352941176470588,5.0588235294117645
ATL,29.47058823529412,31.0,18.39155064011996,15.0,36.0,65.0,0.7058823529411765,0.5882352941176471,0.5294117647058824,6.588235294117647,0.9732142857142856,0.9840319361277444,29.705882352941178,27.0,40.0,0.4117647058823529,5.941176470588236
TB,29.176470588235293,31.0,12.22935376156915,21.0,34.0,51.0,0.8235294117647058,0.6470588235294118,0.5294117647058824,6.764705882352941,0.8956521739130435,0.844758064516129,21.11764705882353,18.0,31.0,0.2941176470588235,4.823529411764706
CAR,29.176470588235293,29.0,17.50709198856834,16.0,40.0,67.0,0.6470588235294118,0.6470588235294118,0.4705882352941176,6.764705882352941,0.8347826086956521,0.7741935483870968,33.76470588235294,30.0,50.0,0.5294117647058824,6.235294117647059
SEA,28.294117647058822,19.0,20.769787746748467,14.0,37.0,88.0,0.4705882352941176,0.4705882352941176,0.4705882352941176,6.0,0.8725490196078431,0.893970893970894,25.529411764705884,23.0,35.0,0.3529411764705882,7.235294117647059
GB,28.23529411764705,23.0,21.23407198699272,15.0,33.0,84.0,0.5294117647058824,0.4705882352941176,0.3529411764705882,6.882352941176471,0.7692307692307693,0.69375,28.41176470588235,25.0,38.0,0.3529411764705882,6.352941176470588
NYG,27.11764705882353,22.0,15.818389718526891,17.0,39.0,60.0,0.6470588235294118,0.4705882352941176,0.4117647058823529,6.235294117647059,0.8679245283018868,0.7288503253796096,37.588235294117645,31.0,50.0,0.5294117647058824,6.823529411764706
SF,26.823529411764707,27.0,23.083570154390426,11.0,29.0,94.0,0.5294117647058824,0.5294117647058824,0.2352941176470588,6.117647058823529,0.8557692307692307,0.8442982456140351,33.35294117647059,30.0,34.0,0.5294117647058824,6.941176470588236
DEN,26.705882352941178,18.0,19.62820511371733,15.0,31.0,75.0,0.4705882352941176,0.4117647058823529,0.2941176470588235,5.823529411764706,0.8282828282828283,0.7973568281938326,21.705882352941178,23.0,26.0,0.1764705882352941,6.117647058823529
TEN,26.294117647058822,23.0,20.72158495494451,12.0,35.0,92.0,0.5882352941176471,0.4705882352941176,0.4117647058823529,5.764705882352941,0.8775510204081632,0.9261744966442952,27.058823529411764,27.0,35.0,0.3529411764705882,5.882352941176471
NYJ,26.176470588235293,17.0,20.338995562328765,11.0,33.0,76.0,0.4705882352941176,0.4705882352941176,0.3529411764705882,6.529411764705882,0.7927927927927928,0.7573033707865169,39.05882352941177,34.0,48.0,0.5294117647058824,8.058823529411764
LAC,25.94117647058824,26.0,16.621993184917578,14.0,29.0,69.0,0.6470588235294118,0.5294117647058824,0.2352941176470588,6.352941176470588,0.8333333333333334,0.6938775510204082,33.8235294117647,24.0,48.0,0.4117647058823529,6.705882352941177
KC,25.23529411764705,21.0,13.989615525830352,17.0,30.0,66.0,0.5294117647058824,0.4117647058823529,0.2941176470588235,5.764705882352941,0.7653061224489796,0.6596736596736597,24.176470588235293,28.0,33.0,0.4117647058823529,6.529411764705882
CIN,24.58823529411765,23.0,15.173734363460827,15.0,29.0,63.0,0.5882352941176471,0.4117647058823529,0.2352941176470588,6.235294117647059,0.9056603773584906,0.9234449760765552,30.94117647058824,26.0,44.0,0.3529411764705882,6.529411764705882
PIT,24.294117647058822,17.0,16.394994594414023,13.0,43.0,55.0,0.4705882352941176,0.3529411764705882,0.2941176470588235,5.823529411764706,0.898989898989899,0.8813559322033898,28.0,21.0,32.0,0.2941176470588235,6.647058823529412
DET,23.41176470588235,21.0,8.015124112131513,18.0,28.0,44.0,0.5882352941176471,0.4117647058823529,0.1176470588235294,6.411764705882353,0.9357798165137616,0.9371859296482412,25.23529411764705,19.0,33.0,0.2941176470588235,6.117647058823529
JAX,23.176470588235293,18.0,18.34709559998577,7.0,31.0,71.0,0.4705882352941176,0.4117647058823529,0.2941176470588235,5.823529411764706,0.8282828282828283,0.7766497461928934,23.352941176470587,25.0,30.0,0.2941176470588235,5.352941176470588
CLE,23.11764705882353,18.0,15.612522699804252,14.0,34.0,54.0,0.4705882352941176,0.4705882352941176,0.3529411764705882,6.294117647058823,0.8878504672897196,0.7608142493638677,35.411764705882355,29.0,53.0,0.4705882352941176,6.647058823529412
ARI,22.529411764705884,21.0,11.852612752711696,14.0,31.0,46.0,0.5882352941176471,0.4117647058823529,0.2941176470588235,5.647058823529412,0.7916666666666666,0.741514360313316,28.47058823529412,29.0,36.0,0.4705882352941176,6.235294117647059
MIN,22.176470588235293,21.0,12.368057977366046,16.0,29.0,46.0,0.5882352941176471,0.3529411764705882,0.2352941176470588,6.0588235294117645,0.8932038834951457,0.8594164456233422,28.058823529411764,24.0,40.0,0.3529411764705882,6.823529411764706
LV,20.705882352941178,18.0,15.414907627443952,9.0,28.0,58.0,0.4705882352941176,0.3529411764705882,0.2352941176470588,5.235294117647059,0.8202247191011236,0.7215909090909091,27.176470588235293,29.0,43.0,0.4705882352941176,6.470588235294118
NO,20.11764705882353,18.0,16.291038146030857,10.0,27.0,71.0,0.4705882352941176,0.2941176470588235,0.2352941176470588,5.529411764705882,0.723404255319149,0.7631578947368421,30.058823529411764,28.0,41.0,0.4705882352941176,7.294117647058823
HOU,19.94117647058824,19.0,14.288912148257571,6.0,29.0,54.0,0.4117647058823529,0.2941176470588235,0.1764705882352941,6.352941176470588,0.8703703703703703,0.8849557522123894,22.529411764705884,21.0,28.0,0.2352941176470588,5.705882352941177
