team,player_name,gsis_id,pos_slot,pos_rank,depth_snapshot_utc,depth_source
ARI,Jeremiyah Love,00-0041027,11,1,2026-09-08T11:56:57+00:00,nflverse depth charts via nflreadpy
ARI,Tyler Allgeier,00-0037263,11,2,2026-09-08T11:56:57+00:00,nflverse depth charts via nflreadpy
ARI,Bam Knight,00-0037157,11,3,2026-09-08T11:56:57+00:00,nflverse depth charts via nflreadpy
ARI,James Conner,00-0033553,11,4,2026-09-08T11:56:57+00:00,nflverse depth charts via nflreadpy
ARI,Trey Benson,00-0039921,11,5,2026-09-08T11:56:57+00:00,nflverse depth charts via nflreadpy
ATL,Bijan Robinson,00-0038542,11,1,2026-09-08T11:56:57+00:00,nflverse depth charts via nflreadpy
ATL,Brian Robinson Jr.,00-0037746,11,2,2026-09-08T11:56:57+00:00,nflverse depth charts via nflreadpy
ATL,Trey Sermon,00-0036984,11,3,2026-09-08T11:56:57+00:00,nflverse depth charts via nflreadpy
BAL,Derrick Henry,00-0032764,11,1,2026-09-08T11:56:57+00:00,nflverse depth charts via nflreadpy
BAL,Justice Hill,00-0034975,11,2,2026-09-08T11:56:57+00:00,nflverse depth charts via nflreadpy
BAL,Rasheen Ali,00-0039796,11,3,2026-09-08T11:56:57+00:00,nflverse depth charts via nflreadpy
BAL,Adam Randall,00-0040888,11,4,2026-09-08T11:56:57+00:00,nflverse depth charts via nflreadpy
BUF,James Cook III,00-0037248,11,1,2026-09-08T11:56:57+00:00,nflverse depth charts via nflreadpy
BUF,Ray Davis,00-0039875,11,2,2026-09-08T11:56:57+00:00,nflverse depth charts via nflreadpy
BUF,Ty Johnson,00-0035537,11,3,2026-09-08T11:56:57+00:00,nflverse depth charts via nflreadpy
CAR,Chuba Hubbard,00-0036555,11,1,2026-09-08T11:56:57+00:00,nflverse depth charts via nflreadpy
CAR,Jonathon Brooks,00-0039344,11,2,2026-09-08T11:56:57+00:00,nflverse depth charts via nflreadpy
CAR,AJ Dillon,00-0036265,11,3,2026-09-08T11:56:57+00:00,nflverse depth charts via nflreadpy
CAR,Trevor Etienne,00-0040644,11,4,2026-09-08T11:56:57+00:00,nflverse depth charts via nflreadpy
CHI,D'Andre Swift,00-0036275,11,1,2026-09-08T11:56:57+00:00,nflverse depth charts via nflreadpy
CHI,Kyle Monangai,00-0040236,11,2,2026-09-08T11:56:57+00:00,nflverse depth charts via nflreadpy
CHI,Roschon Johnson,00-0039021,11,3,2026-09-08T11:56:57+00:00,nflverse depth charts via nflreadpy
CHI,Brittain Brown,00-0037329,11,4,2026-09-08T11:56:57+00:00,nflverse depth charts via nflreadpy
CIN,Chase Brown,00-0038597,11,1,2026-09-08T11:56:57+00:00,nflverse depth charts via nflreadpy
CIN,Samaje Perine,00-0033526,11,2,2026-09-08T11:56:57+00:00,nflverse depth charts via nflreadpy
CIN,Tahj Brooks,00-0040208,11,3,2026-09-08T11:56:57+00:00,nflverse depth charts via nflreadpy
CLE,Quinshon Judkins,00-0040784,11,1,2026-09-08T11:56:57+00:00,nflverse depth charts via nflreadpy
CLE,Dylan Sampson,00-0040162,11,2,2026-09-08T11:56:57+00:00,nflverse depth charts via nflreadpy
CLE,Raheim Sanders,00-0040466,11,3,2026-09-08T11:56:57+00:00,nflverse depth charts via nflreadpy
DAL,Javonte Williams,00-0036997,11,1,2026-09-08T11:56:57+00:00,nflverse depth charts via nflreadpy
DAL,Malik Davis,00-0037563,11,2,2026-09-08T11:56:57+00:00,nflverse depth charts via nflreadpy
DAL,Emari Demercado,00-0038705,11,3,2026-09-08T11:56:57+00:00,nflverse depth charts via nflreadpy
DEN,J.K. Dobbins,00-0036158,11,1,2026-09-08T11:56:57+00:00,nflverse depth charts via nflreadpy
DEN,RJ Harvey,00-0040730,11,2,2026-09-08T11:56:57+00:00,nflverse depth charts via nflreadpy
DEN,Jonah Coleman,00-0041496,11,3,2026-09-08T11:56:57+00:00,nflverse depth charts via nflreadpy
DEN,Tyler Badie,00-0037085,11,4,2026-09-08T11:56:57+00:00,nflverse depth charts via nflreadpy
DET,Jahmyr Gibbs,00-0039139,11,1,2026-09-08T11:56:57+00:00,nflverse depth charts via nflreadpy
DET,Sione Vaki,00-0039364,11,2,2026-09-08T11:56:57+00:00,nflverse depth charts via nflreadpy
DET,Jacob Saylors,00-0038896,11,3,2026-09-08T11:56:57+00:00,nflverse depth charts via nflreadpy
DET,Isiah Pacheco,00-0037197,11,4,2026-09-08T11:56:57+00:00,nflverse depth charts via nflreadpy
GB,MarShawn Lloyd,00-0039811,11,1,2026-09-08T11:56:57+00:00,nflverse depth charts via nflreadpy
GB,Chris Brooks,00-0038685,11,2,2026-09-08T11:56:57+00:00,nflverse depth charts via nflreadpy
GB,Kaleb Johnson,00-0040142,11,3,2026-09-08T11:56:57+00:00,nflverse depth charts via nflreadpy
GB,Josh Jacobs,00-0035700,11,4,2026-09-08T11:56:57+00:00,nflverse depth charts via nflreadpy
HOU,David Montgomery,00-0035685,11,1,2026-09-08T11:56:57+00:00,nflverse depth charts via nflreadpy
HOU,Woody Marks,00-0040583,11,2,2026-09-08T11:56:57+00:00,nflverse depth charts via nflreadpy
HOU,British Brooks,00-0039603,11,3,2026-09-08T11:56:57+00:00,nflverse depth charts via nflreadpy
IND,Jonathan Taylor,00-0036223,11,1,2026-09-08T11:56:57+00:00,nflverse depth charts via nflreadpy
IND,Seth McGowan,00-0041125,11,2,2026-09-08T11:56:57+00:00,nflverse depth charts via nflreadpy
IND,DJ Giddens,00-0040179,11,3,2026-09-08T11:56:57+00:00,nflverse depth charts via nflreadpy
JAX,Bhayshul Tuten,00-0040719,11,1,2026-09-08T11:56:57+00:00,nflverse depth charts via nflreadpy
JAX,Chris Rodriguez Jr.,00-0038611,11,2,2026-09-08T11:56:57+00:00,nflverse depth charts via nflreadpy
JAX,LeQuint Allen Jr.,00-0040238,11,3,2026-09-08T11:56:57+00:00,nflverse depth charts via nflreadpy
JAX,Ameer Abdullah,00-0032104,11,4,2026-09-08T11:56:57+00:00,nflverse depth charts via nflreadpy
KC,Kenneth Walker III,00-0038134,11,1,2026-09-08T11:56:57+00:00,nflverse depth charts via nflreadpy
KC,Emmett Johnson,00-0041013,11,2,2026-09-08T11:56:57+00:00,nflverse depth charts via nflreadpy
KC,Brashard Smith,00-0040078,11,3,2026-09-08T11:56:57+00:00,nflverse depth charts via nflreadpy
LA,Kyren Williams,00-0037840,11,1,2026-09-08T11:56:57+00:00,nflverse depth charts via nflreadpy
LA,Blake Corum,00-0039738,11,2,2026-09-08T11:56:57+00:00,nflverse depth charts via nflreadpy
LA,Ronnie Rivers,00-0037557,11,3,2026-09-08T11:56:57+00:00,nflverse depth charts via nflreadpy
LAC,Omarion Hampton,00-0040666,11,1,2026-09-08T11:56:57+00:00,nflverse depth charts via nflreadpy
LAC,Keaton Mitchell,00-0038454,11,2,2026-09-08T11:56:57+00:00,nflverse depth charts via nflreadpy
LAC,Kimani Vidal,00-0039391,11,3,2026-09-08T11:56:57+00:00,nflverse depth charts via nflreadpy
LV,Ashton Jeanty,00-0040122,11,1,2026-09-08T11:56:57+00:00,nflverse depth charts via nflreadpy
LV,Mike Washington Jr.,WAS569019,11,2,2026-09-08T11:56:57+00:00,nflverse depth charts via nflreadpy
LV,Dylan Laube,00-0039407,11,3,2026-09-08T11:56:57+00:00,nflverse depth charts via nflreadpy
LV,Chris Collier,00-0039244,11,4,2026-09-08T11:56:57+00:00,nflverse depth charts via nflreadpy
MIA,De'Von Achane,00-0039040,11,1,2026-09-08T11:56:57+00:00,nflverse depth charts via nflreadpy
MIA,Jaylen Wright,00-0039874,11,2,2026-09-08T11:56:57+00:00,nflverse depth charts via nflreadpy
MIA,Ollie Gordon II,00-0040198,11,3,2026-09-08T11:56:57+00:00,nflverse depth charts via nflreadpy
MIN,Aaron Jones Sr.,00-0033293,11,1,2026-09-08T11:56:57+00:00,nflverse depth charts via nflreadpy
MIN,Jordan Mason,00-0037525,11,2,2026-09-08T11:56:57+00:00,nflverse depth charts via nflreadpy
MIN,Demond Claiborne,00-0041104,11,3,2026-09-08T11:56:57+00:00,nflverse depth charts via nflreadpy
MIN,Jermar Jefferson,00-0036670,11,4,2026-09-08T11:56:57+00:00,nflverse depth charts via nflreadpy
NE,Rhamondre Stevenson,00-0036875,11,1,2026-09-08T11:56:57+00:00,nflverse depth charts via nflreadpy
NE,TreVeyon Henderson,00-0040734,11,2,2026-09-08T11:56:57+00:00,nflverse depth charts via nflreadpy
NE,Corey Kiner,00-0040556,11,3,2026-09-08T11:56:57+00:00,nflverse depth charts via nflreadpy
NE,Myles Montgomery,00-0041323,11,4,2026-09-08T11:56:57+00:00,nflverse depth charts via nflreadpy
NO,Travis Etienne Jr.,00-0036973,11,1,2026-09-08T11:56:57+00:00,nflverse depth charts via nflreadpy
NO,Alvin Kamara,00-0033906,11,2,2026-09-08T11:56:57+00:00,nflverse depth charts via nflreadpy
NO,Kendre Miller,00-0038551,11,3,2026-09-08T11:56:57+00:00,nflverse depth charts via nflreadpy
NO,Audric Estime,00-0039373,11,4,2026-09-08T11:56:57+00:00,nflverse depth charts via nflreadpy
NO,Ty Chandler,00-0037276,11,5,2026-09-08T11:56:57+00:00,nflverse depth charts via nflreadpy
NYG,Cam Skattebo,00-0040715,11,1,2026-09-08T11:56:57+00:00,nflverse depth charts via nflreadpy
NYG,Tyrone Tracy Jr.,00-0039384,11,2,2026-09-08T11:56:57+00:00,nflverse depth charts via nflreadpy
NYG,Najee Harris,00-0036893,11,3,2026-09-08T11:56:57+00:00,nflverse depth charts via nflreadpy
NYG,Devin Singletary,00-0035250,11,4,2026-09-08T11:56:57+00:00,nflverse depth charts via nflreadpy
NYJ,Breece Hall,00-0038120,11,1,2026-09-08T11:56:57+00:00,nflverse depth charts via nflreadpy
NYJ,Braelon Allen,00-0039794,11,2,2026-09-08T11:56:57+00:00,nflverse depth charts via nflreadpy
NYJ,Isaiah Davis,00-0039798,11,3,2026-09-08T11:56:57+00:00,nflverse depth charts via nflreadpy
NYJ,Kene Nwangwu,00-0036842,11,4,2026-09-08T11:56:57+00:00,nflverse depth charts via nflreadpy
NYJ,Chip Trayanum,00-0041239,11,5,2026-09-08T11:56:57+00:00,nflverse depth charts via nflreadpy
PHI,Saquon Barkley,00-0034844,11,1,2026-09-08T11:56:57+00:00,nflverse depth charts via nflreadpy
PHI,Tank Bigsby,00-0038555,11,2,2026-09-08T11:56:57+00:00,nflverse depth charts via nflreadpy
PHI,Will Shipley,00-0039746,11,3,2026-09-08T11:56:57+00:00,nflverse depth charts via nflreadpy
PIT,Jaylen Warren,00-0037228,11,1,2026-09-08T11:56:57+00:00,nflverse depth charts via nflreadpy
PIT,Rico Dowdle,00-0036139,11,2,2026-09-08T11:56:57+00:00,nflverse depth charts via nflreadpy
PIT,Eli Heidenreich,00-0041490,11,3,2026-09-08T11:56:57+00:00,nflverse depth charts via nflreadpy
SEA,Jadarian Price,00-0041512,11,1,2026-09-08T11:56:57+00:00,nflverse depth charts via nflreadpy
SEA,George Holani,00-0039299,11,2,2026-09-08T11:56:57+00:00,nflverse depth charts via nflreadpy
SEA,Emanuel Wilson,00-0038797,11,3,2026-09-08T11:56:57+00:00,nflverse depth charts via nflreadpy
SEA,Zach Charbonnet,00-0039165,11,4,2026-09-08T11:56:57+00:00,nflverse depth charts via nflreadpy
SF,Christian McCaffrey,00-0033280,11,1,2026-09-08T11:56:57+00:00,nflverse depth charts via nflreadpy
SF,Kaelon Black,00-0041052,11,2,2026-09-08T11:56:57+00:00,nflverse depth charts via nflreadpy
SF,Jordan James,00-0040177,11,3,2026-09-08T11:56:57+00:00,nflverse depth charts via nflreadpy
SF,Isaac Guerendo,00-0039363,11,4,2026-09-08T11:56:57+00:00,nflverse depth charts via nflreadpy
TB,Bucky Irving,00-0039361,11,1,2026-09-08T11:56:57+00:00,nflverse depth charts via nflreadpy
TB,Kenny Gainwell,00-0036919,11,2,2026-09-08T11:56:57+00:00,nflverse depth charts via nflreadpy
TB,Sean Tucker,00-0038951,11,3,2026-09-08T11:56:57+00:00,nflverse depth charts via nflreadpy
TEN,Tony Pollard,00-0035261,11,1,2026-09-08T11:56:57+00:00,nflverse depth charts via nflreadpy
TEN,Tyjae Spears,00-0039032,11,2,2026-09-08T11:56:57+00:00,nflverse depth charts via nflreadpy
TEN,Nicholas Singleton,00-0040886,11,3,2026-09-08T11:56:57+00:00,nflverse depth charts via nflreadpy
TEN,Julius Chestnut,00-0037594,11,4,2026-09-08T11:56:57+00:00,nflverse depth charts via nflreadpy
WAS,Jacory Croskey-Merritt,00-0040242,11,1,2026-09-08T11:56:57+00:00,nflverse depth charts via nflreadpy
WAS,Rachaad White,00-0037256,11,2,2026-09-08T11:56:57+00:00,nflverse depth charts via nflreadpy
WAS,Kaytron Allen,00-0041096,11,3,2026-09-08T11:56:57+00:00,nflverse depth charts via nflreadpy
WAS,Jeremy McNichols,00-0033955,11,4,2026-09-08T11:56:57+00:00,nflverse depth charts via nflreadpy
