team_depth,depth_player_name,player_id,pos_slot,pos_rank,depth_snapshot_utc,depth_source,team_rb_order,player_name,team_hist,q1_rush_yds_games,q1_rush_yds_mean,q1_rush_yds_median,q1_rush_yds_std,q1_rush_yds_min,q1_rush_yds_p25,q1_rush_yds_p75,q1_rush_yds_max,q1_rush_yds_hit_15,q1_rush_yds_hit_20,q1_rush_yds_hit_25,q1_rush_att_mean,q1_rush_att_median,q1_rush_att_max,rb_q1_carry_share_mean,rb_q1_yard_share_mean,hist_data_available,same_team_2025_2026,depth_default_room_share,role_confidence
ARI,Jeremiyah Love,00-0041027,11,1,2026-09-06T11:29:30+00:00,nflverse depth charts via nflreadpy,1,,,,,,,,,,,,,,,,,,,False,False,0.68,0.55
ARI,Tyler Allgeier,00-0037263,11,2,2026-09-06T11:29:30+00:00,nflverse depth charts via nflreadpy,2,Tyler Allgeier,ATL,17.0,5.764705882352941,3.0,5.886469148066765,-1.0,1.0,11.0,20.0,0.0588235294117647,0.0588235294117647,0.0,1.411764705882353,1.0,4.0,0.2005225166989872,0.2371556713430806,True,False,0.25,0.72
ARI,Bam Knight,00-0037157,11,3,2026-09-06T11:29:30+00:00,nflverse depth charts via nflreadpy,3,Bam Knight,ARI,10.0,10.1,4.5,11.886547017532047,-2.0,1.75,16.75,31.0,0.3,0.3,0.2,2.7,3.0,5.0,0.5051190476190476,0.4241094886975894,True,True,0.07,0.9
ATL,Bijan Robinson,00-0038542,11,1,2026-09-06T11:29:30+00:00,nflverse depth charts via nflreadpy,1,Bijan Robinson,ATL,17.0,23.235294117647054,24.0,15.10562579954395,0.0,10.0,34.0,54.0,0.7058823529411765,0.5882352941176471,0.4705882352941176,5.0,5.0,9.0,0.7714662788192199,0.746653003642065,True,True,0.68,0.97
ATL,Brian Robinson Jr.,00-0037746,11,2,2026-09-06T11:29:30+00:00,nflverse depth charts via nflreadpy,2,Brian Robinson,SF,15.0,5.333333333333333,1.0,6.497862896539309,0.0,0.0,9.0,19.0,0.2,0.0,0.0,1.1333333333333333,1.0,3.0,0.1682611832611832,0.1474591705084244,True,False,0.25,0.72
ATL,Trey Sermon,00-0036984,11,3,2026-09-06T11:29:30+00:00,nflverse depth charts via nflreadpy,3,,,,,,,,,,,,,,,,,,,False,False,0.07,0.55
BAL,Derrick Henry,00-0032764,11,1,2026-09-06T11:29:30+00:00,nflverse depth charts via nflreadpy,1,Derrick Henry,BAL,17.0,26.11764705882353,15.0,23.02142826085189,-5.0,12.0,36.0,79.0,0.5294117647058824,0.4705882352941176,0.3529411764705882,5.294117647058823,5.0,11.0,0.7156142876731113,0.8182015030134328,True,True,0.68,0.97
BAL,Justice Hill,00-0034975,11,2,2026-09-06T11:29:30+00:00,nflverse depth charts via nflreadpy,2,Justice Hill,BAL,8.0,2.875,0.5,5.4872010169119925,0.0,0.0,1.75,17.0,0.125,0.0,0.0,0.875,0.5,3.0,0.109375,-0.0161210317460317,True,True,0.25,0.72
BAL,Rasheen Ali,00-0039796,11,3,2026-09-06T11:29:30+00:00,nflverse depth charts via nflreadpy,3,Rasheen Ali,BAL,4.0,0.0,0.0,0.0,0.0,0.0,0.0,0.0,0.0,0.0,0.0,0.25,0.0,1.0,0.0192307692307692,0.0,True,True,0.07,0.72
BUF,James Cook III,00-0037248,11,1,2026-09-06T11:29:30+00:00,nflverse depth charts via nflreadpy,1,James Cook,BUF,17.0,28.88235294117647,23.0,23.439238978162933,-1.0,10.0,42.0,79.0,0.5882352941176471,0.5294117647058824,0.4705882352941176,4.529411764705882,4.0,9.0,0.6656144509085684,0.6303048620479449,True,True,0.68,0.97
BUF,Ray Davis,00-0039875,11,2,2026-09-06T11:29:30+00:00,nflverse depth charts via nflreadpy,2,Ray Davis,BUF,10.0,7.7,0.0,15.053571004914415,0.0,0.0,3.75,47.0,0.2,0.2,0.2,1.2,0.0,7.0,0.1037179487179487,0.1148546679719927,True,True,0.25,0.9
BUF,Ty Johnson,00-0035537,11,3,2026-09-06T11:29:30+00:00,nflverse depth charts via nflreadpy,3,Ty Johnson,BUF,17.0,4.176470588235294,0.0,6.617581699023639,0.0,0.0,6.0,23.0,0.1176470588235294,0.0588235294117647,0.0,0.6470588235294118,0.0,3.0,0.0978021978021977,0.1683742820842597,True,True,0.07,0.97
CAR,Chuba Hubbard,00-0036555,11,1,2026-09-06T11:29:30+00:00,nflverse depth charts via nflreadpy,1,Chuba Hubbard,CAR,15.0,8.4,7.0,7.872314356866939,0.0,0.0,15.5,22.0,0.3333333333333333,0.1333333333333333,0.0,2.066666666666667,2.0,6.0,0.2864163614163614,0.2756509409403091,True,True,0.68,0.97
CAR,Jonathon Brooks,00-0039344,11,2,2026-09-06T11:29:30+00:00,nflverse depth charts via nflreadpy,2,,,,,,,,,,,,,,,,,,,False,False,0.25,0.55
CAR,AJ Dillon,00-0036265,11,3,2026-09-06T11:29:30+00:00,nflverse depth charts via nflreadpy,3,AJ Dillon,PHI,5.0,7.2,11.0,5.1146847410177685,0.0,2.0,11.0,12.0,0.0,0.0,0.0,1.2,1.0,2.0,0.2857142857142857,0.2101785714285714,True,False,0.07,0.72
CHI,D'Andre Swift,00-0036275,11,1,2026-09-06T11:29:30+00:00,nflverse depth charts via nflreadpy,1,D'Andre Swift,CHI,16.0,16.8125,17.0,12.962536161955343,-2.0,8.0,23.75,43.0,0.5625,0.375,0.25,3.8125,4.0,6.0,0.6009691697191697,0.7120465042848886,True,True,0.68,0.97
CHI,Kyle Monangai,00-0040236,11,2,2026-09-06T11:29:30+00:00,nflverse depth charts via nflreadpy,2,Kyle Monangai,CHI,16.0,12.4375,9.5,16.00378373229281,0.0,1.0,13.5,63.0,0.25,0.125,0.125,2.625,2.0,11.0,0.3126583485958486,0.2208023109903182,True,True,0.25,0.97
CHI,Roschon Johnson,00-0039021,11,3,2026-09-06T11:29:30+00:00,nflverse depth charts via nflreadpy,3,Roschon Johnson,CHI,2.0,0.0,0.0,0.0,0.0,0.0,0.0,0.0,0.0,0.0,0.0,0.0,0.0,0.0,0.0,0.0,True,True,0.07,0.72
CIN,Chase Brown,00-0038597,11,1,2026-09-06T11:29:30+00:00,nflverse depth charts via nflreadpy,1,Chase Brown,CIN,17.0,15.882352941176473,13.0,10.334877289127087,0.0,8.0,25.0,37.0,0.4705882352941176,0.4117647058823529,0.2941176470588235,4.176470588235294,4.0,7.0,0.6794924030218148,0.6436079149820855,True,True,0.68,0.97
CIN,Samaje Perine,00-0033526,11,2,2026-09-06T11:29:30+00:00,nflverse depth charts via nflreadpy,2,Samaje Perine,CIN,13.0,8.538461538461538,6.0,9.524182861096149,0.0,0.0,12.0,34.0,0.1538461538461538,0.1538461538461538,0.0769230769230769,1.7692307692307692,2.0,5.0,0.279989454989455,0.2934169937229912,True,True,0.25,0.9
CIN,Tahj Brooks,00-0040208,11,3,2026-09-06T11:29:30+00:00,nflverse depth charts via nflreadpy,3,Tahj Brooks,CIN,6.0,0.8333333333333334,0.0,1.8633899812498247,0.0,0.0,0.0,5.0,0.0,0.0,0.0,0.3333333333333333,0.0,2.0,0.037037037037037,0.0177304964539007,True,True,0.07,0.72
CLE,Quinshon Judkins,00-0040784,11,1,2026-09-06T11:29:30+00:00,nflverse depth charts via nflreadpy,1,Quinshon Judkins,CLE,14.0,16.5,16.0,12.804853990354038,-2.0,7.25,20.75,48.0,0.5714285714285714,0.2857142857142857,0.2142857142857142,5.071428571428571,4.5,8.0,0.8006725417439704,0.7434365840353235,True,True,0.68,0.9
CLE,Dylan Sampson,00-0040162,11,2,2026-09-06T11:29:30+00:00,nflverse depth charts via nflreadpy,2,Dylan Sampson,CLE,15.0,2.2666666666666666,1.0,5.567365225630123,-7.0,0.0,3.5,19.0,0.0666666666666666,0.0,0.0,0.8666666666666667,1.0,2.0,0.1495526695526695,0.0989200523514249,True,True,0.25,0.97
CLE,Raheim Sanders,00-0040466,11,3,2026-09-06T11:29:30+00:00,nflverse depth charts via nflreadpy,3,Raheim Sanders,CLE,4.0,4.5,1.0,6.689544080129826,0.0,0.0,5.5,16.0,0.25,0.0,0.0,1.5,0.5,5.0,0.2202380952380952,0.1895604395604395,True,True,0.07,0.72
DAL,Javonte Williams,00-0036997,11,1,2026-09-06T11:29:30+00:00,nflverse depth charts via nflreadpy,1,Javonte Williams,DAL,16.0,23.9375,20.5,13.686072984972716,5.0,16.75,30.0,60.0,0.75,0.625,0.375,5.5,5.0,10.0,0.8224320818070818,0.8153523315175576,True,True,0.68,0.97
DAL,Malik Davis,00-0037563,11,2,2026-09-06T11:29:30+00:00,nflverse depth charts via nflreadpy,2,Malik Davis,DAL,9.0,7.666666666666667,3.0,11.55662388223981,0.0,0.0,11.0,38.0,0.1111111111111111,0.1111111111111111,0.1111111111111111,1.2222222222222223,1.0,3.0,0.1228632478632478,0.1675095196371792,True,True,0.25,0.72
DAL,Emari Demercado,00-0038705,11,3,2026-09-06T11:29:30+00:00,nflverse depth charts via nflreadpy,3,Emari Demercado,ARI,11.0,1.3636363636363635,0.0,2.931730090290382,-3.0,0.0,2.5,8.0,0.0,0.0,0.0,0.5454545454545454,0.0,2.0,0.0926406926406926,0.1018572976957309,True,False,0.07,0.72
DEN,J.K. Dobbins,00-0036158,11,1,2026-09-06T11:29:30+00:00,nflverse depth charts via nflreadpy,1,J.K. Dobbins,DEN,10.0,12.7,9.5,11.027692415006868,-2.0,4.25,20.75,32.0,0.3,0.3,0.2,2.9,3.0,4.0,0.6032142857142857,0.3953833530211626,True,True,0.68,0.9
DEN,RJ Harvey,00-0040730,11,2,2026-09-06T11:29:30+00:00,nflverse depth charts via nflreadpy,2,RJ Harvey,DEN,17.0,9.647058823529411,6.0,11.129934075543824,-1.0,2.0,11.0,40.0,0.2352941176470588,0.1764705882352941,0.1176470588235294,2.235294117647059,2.0,5.0,0.3751454427925016,0.4353046337971902,True,True,0.25,0.97
DEN,Jonah Coleman,00-0041496,11,3,2026-09-06T11:29:30+00:00,nflverse depth charts via nflreadpy,3,,,,,,,,,,,,,,,,,,,False,False,0.07,0.55
DET,Jahmyr Gibbs,00-0039139,11,1,2026-09-06T11:29:30+00:00,nflverse depth charts via nflreadpy,1,Jahmyr Gibbs,DET,17.0,16.294117647058822,18.0,8.810185989105438,-4.0,12.0,21.0,32.0,0.7058823529411765,0.3529411764705882,0.1176470588235294,4.176470588235294,3.0,9.0,0.637857567269332,0.6715180443899674,True,True,0.68,0.97
DET,Sione Vaki,00-0039364,11,2,2026-09-06T11:29:30+00:00,nflverse depth charts via nflreadpy,2,Sione Vaki,DET,1.0,0.0,0.0,0.0,0.0,0.0,0.0,0.0,0.0,0.0,0.0,0.0,0.0,0.0,0.0,0.0,True,True,0.25,0.72
DET,Jacob Saylors,00-0038896,11,3,2026-09-06T11:29:30+00:00,nflverse depth charts via nflreadpy,3,Jacob Saylors,DET,1.0,0.0,0.0,0.0,0.0,0.0,0.0,0.0,0.0,0.0,0.0,0.0,0.0,0.0,0.0,0.0,True,True,0.07,0.72
GB,MarShawn Lloyd,00-0039811,11,1,2026-09-06T11:29:30+00:00,nflverse depth charts via nflreadpy,1,,,,,,,,,,,,,,,,,,,False,False,0.68,0.55
GB,Chris Brooks,00-0038685,11,2,2026-09-06T11:29:30+00:00,nflverse depth charts via nflreadpy,2,Chris Brooks,GB,7.0,4.0,1.0,4.566962103755937,0.0,0.0,7.5,12.0,0.0,0.0,0.0,0.7142857142857143,1.0,2.0,0.1028257456828885,0.2346450158107839,True,True,0.25,0.72
GB,Kaleb Johnson,00-0040142,11,3,2026-09-06T11:29:30+00:00,nflverse depth charts via nflreadpy,3,Kaleb Johnson,PIT,10.0,2.0,0.5,2.8284271247461903,0.0,0.0,2.75,9.0,0.0,0.0,0.0,0.6,0.5,2.0,0.1077380952380952,0.1281506568144499,True,False,0.07,0.72
HOU,David Montgomery,00-0035685,11,1,2026-09-06T11:29:30+00:00,nflverse depth charts via nflreadpy,1,David Montgomery,DET,17.0,5.647058823529412,3.0,6.192416391138897,-1.0,1.0,9.0,22.0,0.1176470588235294,0.0588235294117647,0.0,1.8235294117647056,2.0,4.0,0.3025464731347084,0.2659341136504258,True,False,0.68,0.72
HOU,Woody Marks,00-0040583,11,2,2026-09-06T11:29:30+00:00,nflverse depth charts via nflreadpy,2,Woody Marks,HOU,16.0,10.0,7.5,10.874281585465774,-3.0,1.75,15.5,38.0,0.3125,0.125,0.125,2.9375,3.0,6.0,0.459375,0.434519459946549,True,True,0.25,0.97
HOU,British Brooks,00-0039603,11,3,2026-09-06T11:29:30+00:00,nflverse depth charts via nflreadpy,3,British Brooks,HOU,3.0,3.0,0.0,4.242640687119285,0.0,0.0,4.5,9.0,0.0,0.0,0.0,1.0,1.0,2.0,0.1216931216931216,0.1034482758620689,True,True,0.07,0.72
IND,Jonathan Taylor,00-0036223,11,1,2026-09-06T11:29:30+00:00,nflverse depth charts via nflreadpy,1,Jonathan Taylor,IND,17.0,22.0,22.0,16.542280943797607,2.0,8.0,31.0,62.0,0.5882352941176471,0.5294117647058824,0.4117647058823529,5.0588235294117645,5.0,10.0,0.7962248535777947,0.7527501698384985,True,True,0.68,0.97
IND,Seth McGowan,00-0041125,11,2,2026-09-06T11:29:30+00:00,nflverse depth charts via nflreadpy,2,,,,,,,,,,,,,,,,,,,False,False,0.25,0.55
IND,DJ Giddens,00-0040179,11,3,2026-09-06T11:29:30+00:00,nflverse depth charts via nflreadpy,3,DJ Giddens,IND,4.0,0.0,0.0,0.0,0.0,0.0,0.0,0.0,0.0,0.0,0.0,0.0,0.0,0.0,0.0,0.0,True,True,0.07,0.72
JAX,Bhayshul Tuten,00-0040719,11,1,2026-09-06T11:29:30+00:00,nflverse depth charts via nflreadpy,1,Bhayshul Tuten,JAX,15.0,5.266666666666667,3.0,7.084882183604435,0.0,0.0,7.5,28.0,0.0666666666666666,0.0666666666666666,0.0666666666666666,1.2,1.0,6.0,0.1629365079365079,0.2253888092965596,True,True,0.68,0.97
JAX,Chris Rodriguez Jr.,00-0038611,11,2,2026-09-06T11:29:30+00:00,nflverse depth charts via nflreadpy,2,Chris Rodriguez Jr.,WAS,12.0,15.166666666666666,12.5,15.799964838216852,0.0,0.0,25.25,51.0,0.5,0.4166666666666667,0.25,2.4166666666666665,2.0,5.0,0.3602182539682539,0.401077466175016,True,False,0.25,0.72
JAX,LeQuint Allen Jr.,00-0040238,11,3,2026-09-06T11:29:30+00:00,nflverse depth charts via nflreadpy,3,LeQuint Allen Jr.,JAX,9.0,0.5555555555555556,0.0,1.0657403385139377,0.0,0.0,0.0,3.0,0.0,0.0,0.0,0.2222222222222222,0.0,1.0,0.074074074074074,0.115079365079365,True,True,0.07,0.72
KC,Kenneth Walker III,00-0038134,11,1,2026-09-06T11:29:30+00:00,nflverse depth charts via nflreadpy,1,Kenneth Walker III,SEA,17.0,15.176470588235292,11.0,11.014617528900333,2.0,8.0,18.0,41.0,0.2941176470588235,0.2352941176470588,0.2352941176470588,3.4705882352941178,4.0,5.0,0.6194677871148458,0.6268376207137069,True,False,0.68,0.72
KC,Emmett Johnson,00-0041013,11,2,2026-09-06T11:29:30+00:00,nflverse depth charts via nflreadpy,2,,,,,,,,,,,,,,,,,,,False,False,0.25,0.55
KC,Brashard Smith,00-0040078,11,3,2026-09-06T11:29:30+00:00,nflverse depth charts via nflreadpy,3,Brashard Smith,KC,11.0,4.181818181818182,0.0,9.86101766662486,0.0,0.0,3.0,35.0,0.0909090909090909,0.0909090909090909,0.0909090909090909,0.9090909090909092,0.0,6.0,0.1325757575757575,0.112812510486929,True,True,0.07,0.9
LA,Kyren Williams,00-0037840,11,1,2026-09-06T11:29:30+00:00,nflverse depth charts via nflreadpy,1,Kyren Williams,LA,17.0,22.176470588235293,17.0,17.866285351161693,1.0,13.0,27.0,76.0,0.7058823529411765,0.3529411764705882,0.3529411764705882,4.235294117647059,4.0,8.0,0.6643270128564246,0.634809031198674,True,True,0.68,0.97
LA,Blake Corum,00-0039738,11,2,2026-09-06T11:29:30+00:00,nflverse depth charts via nflreadpy,2,Blake Corum,LA,17.0,9.882352941176473,8.0,12.333037185883033,0.0,2.0,11.0,48.0,0.1764705882352941,0.1176470588235294,0.1176470588235294,1.9411764705882355,2.0,6.0,0.2889212095094448,0.3027252298175604,True,True,0.25,0.97
LA,Ronnie Rivers,00-0037557,11,3,2026-09-06T11:29:30+00:00,nflverse depth charts via nflreadpy,3,Ronnie Rivers,LA,2.0,0.0,0.0,0.0,0.0,0.0,0.0,0.0,0.0,0.0,0.0,0.0,0.0,0.0,0.0,0.0,True,True,0.07,0.72
LAC,Omarion Hampton,00-0040666,11,1,2026-09-06T11:29:30+00:00,nflverse depth charts via nflreadpy,1,Omarion Hampton,LAC,9.0,9.22222222222222,9.0,7.3602200718574196,-3.0,3.0,14.0,22.0,0.2222222222222222,0.1111111111111111,0.0,3.4444444444444446,3.0,7.0,0.6139770723104055,0.4506711090502528,True,True,0.68,0.72
LAC,Keaton Mitchell,00-0038454,11,2,2026-09-06T11:29:30+00:00,nflverse depth charts via nflreadpy,2,Keaton Mitchell,BAL,12.0,4.416666666666667,1.5,5.634097581295123,0.0,0.0,7.0,18.0,0.0833333333333333,0.0,0.0,1.0,0.5,4.0,0.1049672549672549,0.121915933460074,True,False,0.25,0.72
LAC,Kimani Vidal,00-0039391,11,3,2026-09-06T11:29:30+00:00,nflverse depth charts via nflreadpy,3,Kimani Vidal,LAC,12.0,12.25,7.0,14.922717580923388,0.0,1.0,17.25,53.0,0.3333333333333333,0.25,0.1666666666666666,3.333333333333333,2.5,7.0,0.4656625781625781,0.4475606630211893,True,True,0.07,0.9
LV,Ashton Jeanty,00-0040122,11,1,2026-09-06T11:29:30+00:00,nflverse depth charts via nflreadpy,1,Ashton Jeanty,LV,17.0,14.941176470588236,14.0,10.79471868818699,-1.0,6.0,24.0,35.0,0.4705882352941176,0.3529411764705882,0.1764705882352941,4.117647058823529,4.0,8.0,0.8087768440709617,0.7994639542012633,True,True,0.68,0.97
LV,Mike Washington Jr.,WAS569019,11,2,2026-09-06T11:29:30+00:00,nflverse depth charts via nflreadpy,2,,,,,,,,,,,,,,,,,,,False,False,0.25,0.55
LV,Dylan Laube,00-0039407,11,3,2026-09-06T11:29:30+00:00,nflverse depth charts via nflreadpy,3,Dylan Laube,LV,3.0,0.0,0.0,0.0,0.0,0.0,0.0,0.0,0.0,0.0,0.0,0.0,0.0,0.0,0.0,0.0,True,True,0.07,0.72
MIA,De'Von Achane,00-0039040,11,1,2026-09-06T11:29:30+00:00,nflverse depth charts via nflreadpy,1,De'Von Achane,MIA,16.0,32.375,26.0,20.817285485864865,0.0,15.75,51.0,67.0,0.75,0.6875,0.6875,3.9375,4.5,6.0,0.6983382936507937,0.796842022246199,True,True,0.68,0.97
MIA,Jaylen Wright,00-0039874,11,2,2026-09-06T11:29:30+00:00,nflverse depth charts via nflreadpy,2,Jaylen Wright,MIA,9.0,4.111111111111111,4.0,3.107140323135458,0.0,2.0,7.0,9.0,0.0,0.0,0.0,1.4444444444444444,1.0,4.0,0.1814975148308481,0.0750604789807298,True,True,0.25,0.72
MIA,Ollie Gordon II,00-0040198,11,3,2026-09-06T11:29:30+00:00,nflverse depth charts via nflreadpy,3,Ollie Gordon II,MIA,16.0,2.5625,0.0,4.107443700161939,-1.0,0.0,3.75,11.0,0.0,0.0,0.0,1.0625,1.0,5.0,0.1361471861471861,0.0778792811293381,True,True,0.07,0.97
MIN,Aaron Jones Sr.,00-0033293,11,1,2026-09-06T11:29:30+00:00,nflverse depth charts via nflreadpy,1,Aaron Jones,MIN,12.0,14.166666666666666,8.5,13.024549469708688,-1.0,4.5,25.25,35.0,0.4166666666666667,0.3333333333333333,0.25,4.0,3.5,9.0,0.6278439153439154,0.56770785439462,True,True,0.68,0.9
MIN,Jordan Mason,00-0037525,11,2,2026-09-06T11:29:30+00:00,nflverse depth charts via nflreadpy,2,Jordan Mason,MIN,16.0,8.5,6.0,8.162413858657255,0.0,1.75,13.0,26.0,0.25,0.1875,0.0625,2.25,2.0,5.0,0.4111111111111111,0.4471765648442205,True,True,0.25,0.97
MIN,Demond Claiborne,00-0041104,11,3,2026-09-06T11:29:30+00:00,nflverse depth charts via nflreadpy,3,,,,,,,,,,,,,,,,,,,False,False,0.07,0.55
NE,Rhamondre Stevenson,00-0036875,11,1,2026-09-06T11:29:30+00:00,nflverse depth charts via nflreadpy,1,Rhamondre Stevenson,NE,14.0,21.714285714285715,18.0,20.768893537584283,-2.0,6.25,27.75,67.0,0.5,0.5,0.4285714285714285,3.2857142857142856,3.0,7.0,0.42388147566719,0.4165663395057764,True,True,0.68,0.9
NE,TreVeyon Henderson,00-0040734,11,2,2026-09-06T11:29:30+00:00,nflverse depth charts via nflreadpy,2,TreVeyon Henderson,NE,17.0,11.411764705882351,11.0,8.918314424818783,0.0,5.0,17.0,30.0,0.3529411764705882,0.1176470588235294,0.1176470588235294,2.647058823529412,2.0,7.0,0.3550204697263521,0.3563012236748944,True,True,0.25,0.97
NE,Corey Kiner,00-0040556,11,3,2026-09-06T11:29:30+00:00,nflverse depth charts via nflreadpy,3,Corey Kiner,ARI,4.0,0.0,0.0,0.0,0.0,0.0,0.0,0.0,0.0,0.0,0.0,0.0,0.0,0.0,0.0,0.0,True,False,0.07,0.72
NO,Travis Etienne Jr.,00-0036973,11,1,2026-09-06T11:29:30+00:00,nflverse depth charts via nflreadpy,1,Travis Etienne,JAX,17.0,13.058823529411764,12.0,12.06097541775464,-3.0,6.0,16.0,51.0,0.3529411764705882,0.1764705882352941,0.1176470588235294,3.647058823529412,4.0,7.0,0.6545518207282913,0.5661493637884562,True,False,0.68,0.72
NO,Alvin Kamara,00-0033906,11,2,2026-09-06T11:29:30+00:00,nflverse depth charts via nflreadpy,2,Alvin Kamara,NO,11.0,15.909090909090908,14.0,6.8284770757141535,6.0,11.5,20.0,28.0,0.4545454545454545,0.2727272727272727,0.1818181818181818,3.909090909090909,3.0,9.0,0.6414141414141414,0.6887753069510055,True,True,0.25,0.9
NO,Kendre Miller,00-0038551,11,3,2026-09-06T11:29:30+00:00,nflverse depth charts via nflreadpy,3,Kendre Miller,NO,7.0,6.714285714285714,6.0,6.295447010437343,0.0,2.0,8.5,20.0,0.1428571428571428,0.1428571428571428,0.0,1.1428571428571428,1.0,2.0,0.1781746031746031,0.1834550977881549,True,True,0.07,0.72
NYG,Cam Skattebo,00-0040715,11,1,2026-09-06T11:29:30+00:00,nflverse depth charts via nflreadpy,1,Cam Skattebo,NYG,8.0,10.375,9.5,7.873015622999868,-2.0,6.5,12.75,27.0,0.25,0.125,0.125,2.625,3.0,4.0,0.4384920634920635,0.3441647693530764,True,True,0.68,0.72
NYG,Tyrone Tracy Jr.,00-0039384,11,2,2026-09-06T11:29:30+00:00,nflverse depth charts via nflreadpy,2,Tyrone Tracy Jr.,NYG,15.0,10.266666666666667,10.0,11.04817732579552,-3.0,3.0,13.5,40.0,0.1333333333333333,0.1333333333333333,0.1333333333333333,3.1333333333333333,3.0,7.0,0.4889417989417989,0.4664915557715917,True,True,0.25,0.97
NYG,Najee Harris,00-0036893,11,3,2026-09-06T11:29:30+00:00,nflverse depth charts via nflreadpy,3,Najee Harris,LAC,3.0,6.333333333333333,6.0,5.312459150169743,0.0,3.0,9.5,13.0,0.0,0.0,0.0,1.3333333333333333,1.0,3.0,0.2095238095238095,0.2294593444018731,True,False,0.07,0.72
NYJ,Breece Hall,00-0038120,11,1,2026-09-06T11:29:30+00:00,nflverse depth charts via nflreadpy,1,Breece Hall,NYJ,16.0,15.0625,15.0,11.121312591146784,1.0,6.25,17.5,42.0,0.5625,0.1875,0.125,3.8125,4.0,7.0,0.6179247835497836,0.8770812933467718,True,True,0.68,0.97
NYJ,Braelon Allen,00-0039794,11,2,2026-09-06T11:29:30+00:00,nflverse depth charts via nflreadpy,2,Braelon Allen,NYJ,4.0,7.75,2.5,10.638961415476606,0.0,0.75,9.5,26.0,0.25,0.25,0.25,2.0,2.0,4.0,0.1948051948051948,0.1228864211219292,True,True,0.25,0.72
NYJ,Isaiah Davis,00-0039798,11,3,2026-09-06T11:29:30+00:00,nflverse depth charts via nflreadpy,3,Isaiah Davis,NYJ,13.0,4.307692307692308,3.0,4.4095109686050815,0.0,0.0,6.0,13.0,0.0,0.0,0.0,1.1538461538461535,1.0,3.0,0.1563991563991563,0.154192595653677,True,True,0.07,0.9
PHI,Saquon Barkley,00-0034844,11,1,2026-09-06T11:29:30+00:00,nflverse depth charts via nflreadpy,1,Saquon Barkley,PHI,16.0,23.0,19.5,18.801595676963167,0.0,15.25,28.25,82.0,0.75,0.5,0.375,4.3125,4.0,8.0,0.6001488095238096,0.5860659112317322,True,True,0.68,0.97
PHI,Tank Bigsby,00-0038555,11,2,2026-09-06T11:29:30+00:00,nflverse depth charts via nflreadpy,2,Tank Bigsby,PHI,10.0,6.1,2.5,7.790378681424928,0.0,0.0,9.5,22.0,0.2,0.1,0.0,0.7,0.5,2.0,0.1086111111111111,0.1633105590062111,True,True,0.25,0.9
PHI,Tank Bigsby,00-0038555,11,2,2026-09-06T11:29:30+00:00,nflverse depth charts via nflreadpy,2,Tank Bigsby,JAX,1.0,0.0,0.0,0.0,0.0,0.0,0.0,0.0,0.0,0.0,0.0,0.0,0.0,0.0,0.0,0.0,True,False,0.25,0.72
PHI,Will Shipley,00-0039746,11,3,2026-09-06T11:29:30+00:00,nflverse depth charts via nflreadpy,3,Will Shipley,PHI,6.0,5.5,2.0,8.902246907382429,0.0,0.0,4.0,25.0,0.1666666666666666,0.1666666666666666,0.1666666666666666,0.6666666666666666,0.5,2.0,0.0861111111111111,0.1194841269841269,True,True,0.07,0.72
PIT,Jaylen Warren,00-0037228,11,1,2026-09-06T11:29:30+00:00,nflverse depth charts via nflreadpy,1,Jaylen Warren,PIT,16.0,15.875,13.0,12.902882429906892,0.0,6.5,22.5,48.0,0.5,0.3125,0.25,3.375,3.0,7.0,0.5727678571428572,0.61994768951723,True,True,0.68,0.97
PIT,Rico Dowdle,00-0036139,11,2,2026-09-06T11:29:30+00:00,nflverse depth charts via nflreadpy,2,Rico Dowdle,CAR,17.0,15.058823529411764,11.0,12.927265250284416,0.0,4.0,31.0,34.0,0.4117647058823529,0.3529411764705882,0.2941176470588235,3.7058823529411766,3.0,8.0,0.5634633340515693,0.497580028861484,True,False,0.25,0.72
PIT,Eli Heidenreich,00-0041490,11,3,2026-09-06T11:29:30+00:00,nflverse depth charts via nflreadpy,3,,,,,,,,,,,,,,,,,,,False,False,0.07,0.55
SEA,Jadarian Price,00-0041512,11,1,2026-09-06T11:29:30+00:00,nflverse depth charts via nflreadpy,1,,,,,,,,,,,,,,,,,,,False,False,0.68,0.55
SEA,George Holani,00-0039299,11,2,2026-09-06T11:29:30+00:00,nflverse depth charts via nflreadpy,2,George Holani,SEA,4.0,2.25,0.0,3.897114317029974,0.0,0.0,2.25,9.0,0.0,0.0,0.0,0.25,0.0,1.0,0.03125,0.0625,True,True,0.25,0.72
SEA,Emanuel Wilson,00-0038797,11,3,2026-09-06T11:29:30+00:00,nflverse depth charts via nflreadpy,3,Emanuel Wilson,GB,16.0,3.5,2.0,4.650268809434569,-1.0,0.0,5.25,17.0,0.0625,0.0,0.0,1.3125,1.0,6.0,0.2216547341547341,0.1794455086318294,True,False,0.07,0.72
SF,Christian McCaffrey,00-0033280,11,1,2026-09-06T11:29:30+00:00,nflverse depth charts via nflreadpy,1,Christian McCaffrey,SF,17.0,17.941176470588236,17.0,16.34722710156174,0.0,4.0,26.0,61.0,0.5294117647058824,0.3529411764705882,0.2941176470588235,4.235294117647059,4.0,8.0,0.6902809608691962,0.7039616818444969,True,True,0.68,0.97
SF,Kaelon Black,00-0041052,11,2,2026-09-06T11:29:30+00:00,nflverse depth charts via nflreadpy,2,,,,,,,,,,,,,,,,,,,False,False,0.25,0.55
SF,Jordan James,00-0040177,11,3,2026-09-06T11:29:30+00:00,nflverse depth charts via nflreadpy,3,,,,,,,,,,,,,,,,,,,False,False,0.07,0.55
TB,Bucky Irving,00-0039361,11,1,2026-09-06T11:29:30+00:00,nflverse depth charts via nflreadpy,1,Bucky Irving,TB,10.0,18.6,19.0,8.01498596380555,4.0,12.25,25.25,29.0,0.7,0.4,0.3,4.9,5.0,7.0,0.7446645021645022,0.687349430253842,True,True,0.68,0.9
TB,Kenny Gainwell,00-0036919,11,2,2026-09-06T11:29:30+00:00,nflverse depth charts via nflreadpy,2,Kenneth Gainwell,PIT,16.0,5.625,3.5,6.333196270446701,-1.0,0.75,10.25,19.0,0.125,0.0,0.0,1.8125,2.0,3.0,0.3265625,0.2822012050974797,True,False,0.25,0.72
TB,Sean Tucker,00-0038951,11,3,2026-09-06T11:29:30+00:00,nflverse depth charts via nflreadpy,3,Sean Tucker,TB,14.0,5.428571428571429,0.5,7.384484561897191,0.0,0.0,10.25,23.0,0.1428571428571428,0.0714285714285714,0.0,1.2857142857142858,0.5,5.0,0.1683673469387755,0.1556995404544796,True,True,0.07,0.9
TEN,Tony Pollard,00-0035261,11,1,2026-09-06T11:29:30+00:00,nflverse depth charts via nflreadpy,1,Tony Pollard,TEN,17.0,21.94117647058824,13.0,19.90113974931585,1.0,10.0,28.0,87.0,0.4705882352941176,0.4705882352941176,0.3529411764705882,4.176470588235294,4.0,8.0,0.7565826330532213,0.8457818372479464,True,True,0.68,0.97
TEN,Tyjae Spears,00-0039032,11,2,2026-09-06T11:29:30+00:00,nflverse depth charts via nflreadpy,2,Tyjae Spears,TEN,13.0,2.3846153846153846,1.0,2.84303363270405,0.0,0.0,3.0,8.0,0.0,0.0,0.0,0.8461538461538461,1.0,2.0,0.1324481074481074,0.0862634316600653,True,True,0.25,0.9
TEN,Nicholas Singleton,00-0040886,11,3,2026-09-06T11:29:30+00:00,nflverse depth charts via nflreadpy,3,,,,,,,,,,,,,,,,,,,False,False,0.07,0.55
WAS,Jacory Croskey-Merritt,00-0040242,11,1,2026-09-06T11:29:30+00:00,nflverse depth charts via nflreadpy,1,Jacory Croskey-Merritt,WAS,17.0,8.588235294117647,7.0,8.898504986988558,0.0,0.0,14.0,30.0,0.2352941176470588,0.1176470588235294,0.0588235294117647,2.294117647058824,2.0,7.0,0.354014939309057,0.3690215990546708,True,True,0.68,0.97
WAS,Rachaad White,00-0037256,11,2,2026-09-06T11:29:30+00:00,nflverse depth charts via nflreadpy,2,Rachaad White,TB,17.0,9.235294117647058,7.0,8.37032160296271,0.0,3.0,14.0,31.0,0.2352941176470588,0.1764705882352941,0.0588235294117647,2.117647058823529,2.0,6.0,0.3423245055597996,0.3509841678881993,True,False,0.25,0.72
WAS,Kaytron Allen,00-0041096,11,3,2026-09-06T11:29:30+00:00,nflverse depth charts via nflreadpy,3,,,,,,,,,,,,,,,,,,,False,False,0.07,0.55
