season,game_id,week,team,window,opponent,player_id,pbp_player_name,gsis_id,player_name,position,rush_att,rush_yds,site,team_rush_att,team_rush_yds,carry_share,yard_share
2026,2026_01_ARI_LAC,1,ARI,Q1,LAC,00-0037263,T.Allgeier,00-0037263,Tyler Allgeier,RB,3,7.0,A,9,29.0,0.3333333333333333,0.2413793103448276
2026,2026_01_ARI_LAC,1,ARI,Q1,LAC,00-0041027,J.Love,00-0041027,Jeremiyah Love,RB,4,9.0,A,9,29.0,0.4444444444444444,0.3103448275862069
2026,2026_01_ARI_LAC,1,LAC,Q1,ARI,00-0040666,O.Hampton,00-0040666,Omarion Hampton,RB,3,10.0,H,5,17.0,0.6,0.5882352941176471
2026,2026_01_ARI_LAC,1,LAC,Q1,ARI,00-0038454,K.Mitchell,00-0038454,Keaton Mitchell,RB,1,2.0,H,5,17.0,0.2,0.11764705882352941
2026,2026_01_ATL_PIT,1,PIT,Q1,ATL,00-0037228,J.Warren,00-0037228,Jaylen Warren,RB,3,9.0,H,6,19.0,0.5,0.47368421052631576
2026,2026_01_ATL_PIT,1,ATL,Q1,PIT,00-0038542,Bi.Robinson,00-0038542,Bijan Robinson,RB,2,7.0,A,6,17.0,0.3333333333333333,0.4117647058823529
2026,2026_01_ATL_PIT,1,PIT,Q1,ATL,00-0036139,R.Dowdle,00-0036139,Rico Dowdle,RB,3,10.0,H,6,19.0,0.5,0.5263157894736842
2026,2026_01_ATL_PIT,1,ATL,Q1,PIT,00-0037746,Br.Robinson,00-0037746,Brian Robinson,RB,4,10.0,A,6,17.0,0.6666666666666666,0.5882352941176471
2026,2026_01_BAL_IND,1,IND,Q1,BAL,00-0036223,J.Taylor,00-0036223,Jonathan Taylor,RB,4,11.0,H,4,11.0,1.0,1.0
2026,2026_01_BAL_IND,1,BAL,Q1,IND,00-0032764,D.Henry,00-0032764,Derrick Henry,RB,5,18.0,A,7,39.0,0.7142857142857143,0.46153846153846156
2026,2026_01_BAL_IND,1,BAL,Q1,IND,00-0034975,J.Hill,00-0034975,Justice Hill,RB,0,0.0,A,7,39.0,0.0,0.0
2026,2026_01_BUF_HOU,1,BUF,Q1,HOU,00-0037248,J.Cook,00-0037248,James Cook,RB,4,26.0,A,7,31.0,0.5714285714285714,0.8387096774193549
2026,2026_01_BUF_HOU,1,BUF,Q1,HOU,00-0039875,R.Davis,00-0039875,Ray Davis,RB,1,3.0,A,7,31.0,0.14285714285714285,0.0967741935483871
2026,2026_01_BUF_HOU,1,HOU,Q1,BUF,00-0035685,D.Montgomery,00-0035685,David Montgomery,RB,8,18.0,H,10,29.0,0.8,0.6206896551724138
2026,2026_01_BUF_HOU,1,HOU,Q1,BUF,00-0040583,W.Marks,00-0040583,Woody Marks,RB,1,4.0,H,10,29.0,0.1,0.13793103448275862
2026,2026_01_BUF_HOU,1,BUF,Q1,HOU,00-0039471,F.Gore,00-0039471,Frank Gore Jr.,RB,0,0.0,A,7,31.0,0.0,0.0
2026,2026_01_CHI_CAR,1,CHI,Q1,CAR,00-0036275,D.Swift,00-0036275,D'Andre Swift,RB,8,65.0,A,12,81.0,0.6666666666666666,0.8024691358024691
2026,2026_01_CHI_CAR,1,CAR,Q1,CHI,00-0036555,C.Hubbard,00-0036555,Chuba Hubbard,RB,2,9.0,H,4,15.0,0.5,0.6
2026,2026_01_CHI_CAR,1,CHI,Q1,CAR,00-0040236,K.Monangai,00-0040236,Kyle Monangai,RB,1,-1.0,A,12,81.0,0.08333333333333333,-0.012345679012345678
2026,2026_01_CHI_CAR,1,CAR,Q1,CHI,00-0039344,J.Brooks,00-0039344,Jonathon Brooks,RB,2,6.0,H,4,15.0,0.5,0.4
2026,2026_01_CHI_CAR,1,CAR,Q1,CHI,00-0036265,A.Dillon,00-0036265,AJ Dillon,RB,0,0.0,H,4,15.0,0.0,0.0
2026,2026_01_CLE_JAX,1,CLE,Q1,JAX,00-0040784,Q.Judkins,00-0040784,Quinshon Judkins,RB,4,13.0,A,4,13.0,1.0,1.0
2026,2026_01_CLE_JAX,1,JAX,Q1,CLE,00-0040719,B.Tuten,00-0040719,Bhayshul Tuten,RB,2,9.0,H,7,25.0,0.2857142857142857,0.36
2026,2026_01_CLE_JAX,1,JAX,Q1,CLE,00-0038611,C.Rodriguez,00-0038611,Chris Rodriguez Jr.,RB,3,12.0,H,7,25.0,0.42857142857142855,0.48
2026,2026_01_CLE_JAX,1,JAX,Q1,CLE,00-0032104,A.Abdullah,00-0032104,Ameer Abdullah,RB,0,0.0,H,7,25.0,0.0,0.0
2026,2026_01_CLE_JAX,1,CLE,Q1,JAX,00-0040466,R.Sanders,00-0040466,Raheim Sanders,RB,0,0.0,A,4,13.0,0.0,0.0
2026,2026_01_DAL_NYG,1,DAL,Q1,NYG,00-0036997,J.Williams,00-0036997,Javonte Williams,RB,4,10.0,A,5,10.0,0.8,1.0
2026,2026_01_DAL_NYG,1,NYG,Q1,DAL,00-0040715,C.Skattebo,00-0040715,Cam Skattebo,RB,4,16.0,H,9,52.0,0.4444444444444444,0.3076923076923077
2026,2026_01_DAL_NYG,1,NYG,Q1,DAL,00-0035250,D.Singletary,00-0035250,Devin Singletary,RB,2,7.0,H,9,52.0,0.2222222222222222,0.1346153846153846
2026,2026_01_DAL_NYG,1,NYG,Q1,DAL,00-0039384,T.Tracy,00-0039384,Tyrone Tracy Jr.,RB,1,6.0,H,9,52.0,0.1111111111111111,0.11538461538461539
2026,2026_01_DAL_NYG,1,DAL,Q1,NYG,00-0038705,E.Demercado,00-0038705,Emari Demercado,RB,0,0.0,A,5,10.0,0.0,0.0
2026,2026_01_DAL_NYG,1,DAL,Q1,NYG,00-0038738,H.Luepke,00-0038738,Hunter Luepke,RB,0,0.0,A,5,10.0,0.0,0.0
2026,2026_01_DEN_KC,1,DEN,Q1,KC,00-0036158,J.Dobbins,00-0036158,J.K. Dobbins,RB,2,3.0,A,4,16.0,0.5,0.1875
2026,2026_01_DEN_KC,1,KC,Q1,DEN,00-0038134,K.Walker,00-0038134,Kenneth Walker III,RB,7,32.0,H,9,50.0,0.7777777777777778,0.64
2026,2026_01_DEN_KC,1,DEN,Q1,KC,00-0040730,R.Harvey,00-0040730,RJ Harvey,RB,2,13.0,A,4,16.0,0.5,0.8125
2026,2026_01_DEN_KC,1,KC,Q1,DEN,00-0041013,E.Johnson,00-0041013,Emmett Johnson,RB,1,3.0,H,9,50.0,0.1111111111111111,0.06
2026,2026_01_GB_MIN,1,MIN,Q1,GB,00-0033293,A.Jones,00-0033293,Aaron Jones,RB,4,17.0,H,11,32.0,0.36363636363636365,0.53125
2026,2026_01_GB_MIN,1,GB,Q1,MIN,00-0038685,C.Brooks,00-0038685,Chris Brooks,RB,2,17.0,A,5,21.0,0.4,0.8095238095238095
2026,2026_01_GB_MIN,1,MIN,Q1,GB,00-0037525,J.Mason,00-0037525,Jordan Mason,RB,4,5.0,H,11,32.0,0.36363636363636365,0.15625
2026,2026_01_GB_MIN,1,GB,Q1,MIN,00-0039811,M.Lloyd,00-0039811,MarShawn Lloyd,RB,3,4.0,A,5,21.0,0.6,0.19047619047619047
2026,2026_01_MIA_LV,1,MIA,Q1,LV,00-0039040,D.Achane,00-0039040,De'Von Achane,RB,3,4.0,A,6,17.0,0.5,0.23529411764705882
2026,2026_01_MIA_LV,1,LV,Q1,MIA,00-0040122,A.Jeanty,00-0040122,Ashton Jeanty,RB,5,25.0,H,7,29.0,0.7142857142857143,0.8620689655172413
2026,2026_01_MIA_LV,1,LV,Q1,MIA,00-0037304,C.Heyward,00-0037304,Connor Heyward,RB,1,1.0,H,7,29.0,0.14285714285714285,0.034482758620689655
2026,2026_01_MIA_LV,1,LV,Q1,MIA,00-0040878,M.Washington,00-0040878,Mike Washington Jr.,RB,0,0.0,H,7,29.0,0.0,0.0
2026,2026_01_MIA_LV,1,MIA,Q1,LV,00-0039874,J.Wright,00-0039874,Jaylen Wright,RB,0,0.0,A,6,17.0,0.0,0.0
2026,2026_01_NE_SEA,1,SEA,Q1,NE,00-0041512,J.Price,00-0041512,Jadarian Price,RB,5,34.0,H,9,51.0,0.5555555555555556,0.6666666666666666
2026,2026_01_NE_SEA,1,SEA,Q1,NE,00-0039299,G.Holani,00-0039299,George Holani,RB,3,14.0,H,9,51.0,0.3333333333333333,0.27450980392156865
2026,2026_01_NE_SEA,1,NE,Q1,SEA,00-0036875,R.Stevenson,00-0036875,Rhamondre Stevenson,RB,7,12.0,A,10,26.0,0.7,0.46153846153846156
2026,2026_01_NE_SEA,1,SEA,Q1,NE,00-0038797,E.Wilson,00-0038797,Emanuel Wilson,RB,1,3.0,H,9,51.0,0.1111111111111111,0.058823529411764705
2026,2026_01_NE_SEA,1,NE,Q1,SEA,00-0040556,C.Kiner,00-0040556,Corey Kiner,RB,0,0.0,A,10,26.0,0.0,0.0
2026,2026_01_NO_DET,1,DET,Q1,NO,00-0039139,J.Gibbs,00-0039139,Jahmyr Gibbs,RB,10,52.0,H,11,55.0,0.9090909090909091,0.9454545454545454
2026,2026_01_NO_DET,1,NO,Q1,DET,00-0036973,T.Etienne,00-0036973,Travis Etienne,RB,2,3.0,A,4,8.0,0.5,0.375
2026,2026_01_NO_DET,1,NO,Q1,DET,00-0041326,C.Donaldson,00-0041326,CJ Donaldson,RB,1,3.0,A,4,8.0,0.25,0.375
2026,2026_01_NO_DET,1,NO,Q1,DET,00-0038551,K.Miller,00-0038551,Kendre Miller,RB,1,2.0,A,4,8.0,0.25,0.25
2026,2026_01_NO_DET,1,DET,Q1,NO,00-0039364,S.Vaki,00-0039364,Sione Vaki,RB,1,3.0,H,11,55.0,0.09090909090909091,0.05454545454545454
2026,2026_01_NYJ_TEN,1,NYJ,Q1,TEN,00-0038120,B.Hall,00-0038120,Breece Hall,RB,7,27.0,A,9,30.0,0.7777777777777778,0.9
2026,2026_01_NYJ_TEN,1,TEN,Q1,NYJ,00-0035261,T.Pollard,00-0035261,Tony Pollard,RB,3,12.0,H,6,22.0,0.5,0.5454545454545454
2026,2026_01_NYJ_TEN,1,TEN,Q1,NYJ,00-0039032,T.Spears,00-0039032,Tyjae Spears,RB,1,1.0,H,6,22.0,0.16666666666666666,0.045454545454545456
2026,2026_01_NYJ_TEN,1,NYJ,Q1,TEN,00-0039794,B.Allen,00-0039794,Braelon Allen,RB,0,0.0,A,9,30.0,0.0,0.0
2026,2026_01_SF_LA,1,LA,Q1,SF,00-0037840,K.Williams,00-0037840,Kyren Williams,RB,4,19.0,H,6,27.0,0.6666666666666666,0.7037037037037037
2026,2026_01_SF_LA,1,SF,Q1,LA,00-0033280,C.McCaffrey,00-0033280,Christian McCaffrey,RB,1,6.0,A,3,10.0,0.3333333333333333,0.6
2026,2026_01_SF_LA,1,SF,Q1,LA,00-0041052,K.Black,00-0041052,Kaelon Black,RB,2,4.0,A,3,10.0,0.6666666666666666,0.4
2026,2026_01_SF_LA,1,LA,Q1,SF,00-0039738,B.Corum,00-0039738,Blake Corum,RB,2,8.0,H,6,27.0,0.3333333333333333,0.2962962962962963
2026,2026_01_SF_LA,1,LA,Q1,SF,00-0037557,R.Rivers,00-0037557,Ronnie Rivers,RB,0,0.0,H,6,27.0,0.0,0.0
2026,2026_01_TB_CIN,1,TB,Q1,CIN,00-0039361,B.Irving,00-0039361,Bucky Irving,RB,4,21.0,A,7,26.0,0.5714285714285714,0.8076923076923077
2026,2026_01_TB_CIN,1,TB,Q1,CIN,00-0036919,K.Gainwell,00-0036919,Kenny Gainwell,RB,2,9.0,A,7,26.0,0.2857142857142857,0.34615384615384615
2026,2026_01_TB_CIN,1,CIN,Q1,TB,00-0038597,C.Brown,00-0038597,Chase Brown,RB,4,16.0,H,5,22.0,0.8,0.7272727272727273
2026,2026_01_TB_CIN,1,CIN,Q1,TB,00-0033526,S.Perine,00-0033526,Samaje Perine,RB,0,0.0,H,5,22.0,0.0,0.0
2026,2026_01_WAS_PHI,1,WAS,Q1,PHI,00-0040242,J.Croskey-Merritt,00-0040242,Jacory Croskey-Merritt,RB,3,11.0,A,7,18.0,0.42857142857142855,0.6111111111111112
2026,2026_01_WAS_PHI,1,WAS,Q1,PHI,00-0037256,R.White,00-0037256,Rachaad White,RB,4,7.0,A,7,18.0,0.5714285714285714,0.3888888888888889
2026,2026_01_WAS_PHI,1,PHI,Q1,WAS,00-0034844,S.Barkley,00-0034844,Saquon Barkley,RB,5,9.0,H,6,15.0,0.8333333333333334,0.6
2026,2026_01_WAS_PHI,1,PHI,Q1,WAS,00-0038555,T.Bigsby,00-0038555,Tank Bigsby,RB,0,0.0,H,6,15.0,0.0,0.0
2026,2026_01_WAS_PHI,1,WAS,Q1,PHI,00-0041096,K.Allen,00-0041096,Kaytron Allen,RB,0,0.0,A,7,18.0,0.0,0.0
2026,2026_01_WAS_PHI,1,PHI,Q1,WAS,00-0039746,W.Shipley,00-0039746,Will Shipley,RB,0,0.0,H,6,15.0,0.0,0.0
2026,2026_02_CAR_ATL,2,CAR,Q1,ATL,00-0036555,C.Hubbard,00-0036555,Chuba Hubbard,RB,3,10.0,A,4,13.0,0.75,0.7692307692307693
2026,2026_02_CAR_ATL,2,ATL,Q1,CAR,00-0038542,Bi.Robinson,00-0038542,Bijan Robinson,RB,6,16.0,H,10,39.0,0.6,0.41025641025641024
2026,2026_02_CAR_ATL,2,CAR,Q1,ATL,00-0039344,J.Brooks,00-0039344,Jonathon Brooks,RB,1,3.0,A,4,13.0,0.25,0.23076923076923078
2026,2026_02_CAR_ATL,2,ATL,Q1,CAR,00-0037746,Br.Robinson,00-0037746,Brian Robinson,RB,2,16.0,H,10,39.0,0.2,0.41025641025641024
2026,2026_02_CAR_ATL,2,CAR,Q1,ATL,00-0036265,A.Dillon,00-0036265,AJ Dillon,RB,0,0.0,A,4,13.0,0.0,0.0
2026,2026_02_CIN_HOU,2,HOU,Q1,CIN,00-0035685,D.Montgomery,00-0035685,David Montgomery,RB,3,7.0,H,5,18.0,0.6,0.3888888888888889
2026,2026_02_CIN_HOU,2,CIN,Q1,HOU,00-0033526,S.Perine,00-0033526,Samaje Perine,RB,1,2.0,A,4,21.0,0.25,0.09523809523809523
2026,2026_02_CIN_HOU,2,CIN,Q1,HOU,00-0038597,C.Brown,00-0038597,Chase Brown,RB,3,19.0,A,4,21.0,0.75,0.9047619047619048
2026,2026_02_CIN_HOU,2,HOU,Q1,CIN,00-0040583,W.Marks,00-0040583,Woody Marks,RB,1,-2.0,H,5,18.0,0.2,-0.1111111111111111
2026,2026_02_CLE_TB,2,CLE,Q1,TB,00-0040784,Q.Judkins,00-0040784,Quinshon Judkins,RB,7,18.0,A,8,12.0,0.875,1.5
2026,2026_02_CLE_TB,2,TB,Q1,CLE,00-0039361,B.Irving,00-0039361,Bucky Irving,RB,3,45.0,H,6,68.0,0.5,0.6617647058823529
2026,2026_02_CLE_TB,2,CLE,Q1,TB,00-0040466,R.Sanders,00-0040466,Raheim Sanders,RB,0,0.0,A,8,12.0,0.0,0.0
2026,2026_02_CLE_TB,2,TB,Q1,CLE,00-0036919,K.Gainwell,00-0036919,Kenny Gainwell,RB,0,0.0,H,6,68.0,0.0,0.0
2026,2026_02_CLE_TB,2,CLE,Q1,TB,00-0038794,J.McLaughlin,00-0038794,Jaleel McLaughlin,RB,0,0.0,A,8,12.0,0.0,0.0
2026,2026_02_DET_BUF,2,BUF,Q1,DET,00-0037248,J.Cook,00-0037248,James Cook,RB,7,38.0,H,12,77.0,0.5833333333333334,0.4935064935064935
2026,2026_02_DET_BUF,2,DET,Q1,BUF,00-0039139,J.Gibbs,00-0039139,Jahmyr Gibbs,RB,3,25.0,A,4,25.0,0.75,1.0
2026,2026_02_DET_BUF,2,DET,Q1,BUF,00-0039364,S.Vaki,00-0039364,Sione Vaki,RB,0,0.0,A,4,25.0,0.0,0.0
2026,2026_02_GB_NYJ,2,NYJ,Q1,GB,00-0038120,B.Hall,00-0038120,Breece Hall,RB,6,7.0,H,7,8.0,0.8571428571428571,0.875
2026,2026_02_GB_NYJ,2,GB,Q1,NYJ,00-0040142,K.Johnson,00-0040142,Kaleb Johnson,RB,2,16.0,A,2,16.0,1.0,1.0
2026,2026_02_GB_NYJ,2,GB,Q1,NYJ,00-0039811,M.Lloyd,00-0039811,MarShawn Lloyd,RB,0,0.0,A,2,16.0,0.0,0.0
2026,2026_02_GB_NYJ,2,NYJ,Q1,GB,00-0039794,B.Allen,00-0039794,Braelon Allen,RB,0,0.0,H,7,8.0,0.0,0.0
2026,2026_02_GB_NYJ,2,GB,Q1,NYJ,00-0038685,C.Brooks,00-0038685,Chris Brooks,RB,0,0.0,A,2,16.0,0.0,0.0
2026,2026_02_IND_KC,2,IND,Q1,KC,00-0036223,J.Taylor,00-0036223,Jonathan Taylor,RB,10,41.0,A,13,56.0,0.7692307692307693,0.7321428571428571
2026,2026_02_IND_KC,2,KC,Q1,IND,00-0038134,K.Walker,00-0038134,Kenneth Walker III,RB,3,23.0,H,3,23.0,1.0,1.0
2026,2026_02_IND_KC,2,IND,Q1,KC,00-0041125,S.McGowan,00-0041125,Seth McGowan,RB,0,0.0,A,13,56.0,0.0,0.0
2026,2026_02_IND_KC,2,KC,Q1,IND,00-0041013,E.Johnson,00-0041013,Emmett Johnson,RB,0,0.0,H,3,23.0,0.0,0.0
2026,2026_02_JAX_DEN,2,DEN,Q1,JAX,00-0036158,J.Dobbins,00-0036158,J.K. Dobbins,RB,4,25.0,H,4,25.0,1.0,1.0
2026,2026_02_JAX_DEN,2,JAX,Q1,DEN,00-0040719,B.Tuten,00-0040719,Bhayshul Tuten,RB,4,15.0,A,8,29.0,0.5,0.5172413793103449
2026,2026_02_JAX_DEN,2,JAX,Q1,DEN,00-0038611,C.Rodriguez,00-0038611,Chris Rodriguez Jr.,RB,3,11.0,A,8,29.0,0.375,0.3793103448275862
2026,2026_02_JAX_DEN,2,DEN,Q1,JAX,00-0041496,J.Coleman,00-0041496,Jonah Coleman,RB,0,0.0,H,4,25.0,0.0,0.0
2026,2026_02_JAX_DEN,2,JAX,Q1,DEN,00-0032104,A.Abdullah,00-0032104,Ameer Abdullah,RB,0,0.0,A,8,29.0,0.0,0.0
2026,2026_02_JAX_DEN,2,DEN,Q1,JAX,00-0037085,T.Badie,00-0037085,Tyler Badie,RB,0,0.0,H,4,25.0,0.0,0.0
2026,2026_02_LV_LAC,2,LAC,Q1,LV,00-0040666,O.Hampton,00-0040666,Omarion Hampton,RB,5,12.0,H,8,22.0,0.625,0.5454545454545454
2026,2026_02_LV_LAC,2,LV,Q1,LAC,00-0040122,A.Jeanty,00-0040122,Ashton Jeanty,RB,6,12.0,A,6,12.0,1.0,1.0
2026,2026_02_LV_LAC,2,LAC,Q1,LV,00-0038454,K.Mitchell,00-0038454,Keaton Mitchell,RB,2,8.0,H,8,22.0,0.25,0.36363636363636365
2026,2026_02_LV_LAC,2,LV,Q1,LAC,00-0040878,M.Washington,00-0040878,Mike Washington Jr.,RB,0,0.0,A,6,12.0,0.0,0.0
2026,2026_02_LV_LAC,2,LV,Q1,LAC,00-0037304,C.Heyward,00-0037304,Connor Heyward,RB,0,0.0,A,6,12.0,0.0,0.0
2026,2026_02_MIA_SF,2,MIA,Q1,SF,00-0039040,D.Achane,00-0039040,De'Von Achane,RB,7,41.0,A,9,47.0,0.7777777777777778,0.8723404255319149
2026,2026_02_MIA_SF,2,SF,Q1,MIA,00-0033280,C.McCaffrey,00-0033280,Christian McCaffrey,RB,4,6.0,H,6,11.0,0.6666666666666666,0.5454545454545454
2026,2026_02_MIA_SF,2,SF,Q1,MIA,00-0041052,K.Black,00-0041052,Kaelon Black,RB,2,5.0,H,6,11.0,0.3333333333333333,0.45454545454545453
2026,2026_02_MIA_SF,2,MIA,Q1,SF,00-0039874,J.Wright,00-0039874,Jaylen Wright,RB,0,0.0,A,9,47.0,0.0,0.0
2026,2026_02_MIA_SF,2,MIA,Q1,SF,00-0040198,O.Gordon,00-0040198,Ollie Gordon II,RB,0,0.0,A,9,47.0,0.0,0.0
2026,2026_02_MIA_SF,2,SF,Q1,MIA,00-0040177,J.James,00-0040177,Jordan James,RB,0,0.0,H,6,11.0,0.0,0.0
2026,2026_02_MIN_CHI,2,MIN,Q1,CHI,00-0033293,A.Jones,00-0033293,Aaron Jones,RB,5,23.0,A,7,27.0,0.7142857142857143,0.8518518518518519
2026,2026_02_MIN_CHI,2,CHI,Q1,MIN,00-0036275,D.Swift,00-0036275,D'Andre Swift,RB,4,10.0,H,8,38.0,0.5,0.2631578947368421
2026,2026_02_MIN_CHI,2,CHI,Q1,MIN,00-0040236,K.Monangai,00-0040236,Kyle Monangai,RB,2,5.0,H,8,38.0,0.25,0.13157894736842105
2026,2026_02_MIN_CHI,2,MIN,Q1,CHI,00-0036425,D.Dallas,00-0036425,DeeJay Dallas,RB,0,0.0,A,7,27.0,0.0,0.0
2026,2026_02_NO_BAL,2,BAL,Q1,NO,00-0032764,D.Henry,00-0032764,Derrick Henry,RB,7,29.0,H,7,29.0,1.0,1.0
2026,2026_02_NO_BAL,2,NO,Q1,BAL,00-0036973,T.Etienne,00-0036973,Travis Etienne,RB,2,9.0,A,5,17.0,0.4,0.5294117647058824
2026,2026_02_NO_BAL,2,NO,Q1,BAL,00-0041326,C.Donaldson,00-0041326,CJ Donaldson,RB,1,2.0,A,5,17.0,0.2,0.11764705882352941
2026,2026_02_NO_BAL,2,NO,Q1,BAL,00-0033906,A.Kamara,00-0033906,Alvin Kamara,RB,2,6.0,A,5,17.0,0.4,0.35294117647058826
2026,2026_02_NO_BAL,2,BAL,Q1,NO,00-0034975,J.Hill,00-0034975,Justice Hill,RB,0,0.0,H,7,29.0,0.0,0.0
2026,2026_02_NYG_LA,2,NYG,Q1,LA,00-0040715,C.Skattebo,00-0040715,Cam Skattebo,RB,5,15.0,A,7,22.0,0.7142857142857143,0.6818181818181818
2026,2026_02_NYG_LA,2,LA,Q1,NYG,00-0037840,K.Williams,00-0037840,Kyren Williams,RB,1,3.0,H,4,22.0,0.25,0.13636363636363635
2026,2026_02_NYG_LA,2,NYG,Q1,LA,00-0035250,D.Singletary,00-0035250,Devin Singletary,RB,2,7.0,A,7,22.0,0.2857142857142857,0.3181818181818182
2026,2026_02_NYG_LA,2,LA,Q1,NYG,00-0039738,B.Corum,00-0039738,Blake Corum,RB,3,19.0,H,4,22.0,0.75,0.8636363636363636
2026,2026_02_NYG_LA,2,NYG,Q1,LA,00-0036893,N.Harris,00-0036893,Najee Harris,RB,0,0.0,A,7,22.0,0.0,0.0
2026,2026_02_PHI_TEN,2,TEN,Q1,PHI,00-0035261,T.Pollard,00-0035261,Tony Pollard,RB,2,3.0,H,4,8.0,0.5,0.375
2026,2026_02_PHI_TEN,2,PHI,Q1,TEN,00-0034844,S.Barkley,00-0034844,Saquon Barkley,RB,1,0.0,A,11,25.0,0.09090909090909091,0.0
2026,2026_02_PHI_TEN,2,PHI,Q1,TEN,00-0038555,T.Bigsby,00-0038555,Tank Bigsby,RB,6,15.0,A,11,25.0,0.5454545454545454,0.6
2026,2026_02_PHI_TEN,2,PHI,Q1,TEN,00-0039746,W.Shipley,00-0039746,Will Shipley,RB,3,11.0,A,11,25.0,0.2727272727272727,0.44
2026,2026_02_PHI_TEN,2,TEN,Q1,PHI,00-0039032,T.Spears,00-0039032,Tyjae Spears,RB,0,0.0,H,4,8.0,0.0,0.0
2026,2026_02_PHI_TEN,2,TEN,Q1,PHI,00-0040886,N.Singleton,00-0040886,Nicholas Singleton,RB,0,0.0,H,4,8.0,0.0,0.0
2026,2026_02_PIT_NE,2,PIT,Q1,NE,00-0036139,R.Dowdle,00-0036139,Rico Dowdle,RB,3,9.0,A,6,17.0,0.5,0.5294117647058824
2026,2026_02_PIT_NE,2,NE,Q1,PIT,00-0036875,R.Stevenson,00-0036875,Rhamondre Stevenson,RB,2,7.0,H,7,63.0,0.2857142857142857,0.1111111111111111
2026,2026_02_PIT_NE,2,PIT,Q1,NE,00-0037228,J.Warren,00-0037228,Jaylen Warren,RB,3,8.0,A,6,17.0,0.5,0.47058823529411764
2026,2026_02_PIT_NE,2,NE,Q1,PIT,00-0040734,T.Henderson,00-0040734,TreVeyon Henderson,RB,5,56.0,H,7,63.0,0.7142857142857143,0.8888888888888888
2026,2026_02_PIT_NE,2,PIT,Q1,NE,00-0035594,T.Homer,00-0035594,Travis Homer,RB,0,0.0,A,6,17.0,0.0,0.0
2026,2026_02_PIT_NE,2,NE,Q1,PIT,00-0040556,C.Kiner,00-0040556,Corey Kiner,RB,0,0.0,H,7,63.0,0.0,0.0
2026,2026_02_SEA_ARI,2,ARI,Q1,SEA,00-0037263,T.Allgeier,00-0037263,Tyler Allgeier,RB,3,4.0,H,10,37.0,0.3,0.10810810810810811
2026,2026_02_SEA_ARI,2,SEA,Q1,ARI,00-0041512,J.Price,00-0041512,Jadarian Price,RB,3,2.0,A,3,2.0,1.0,1.0
2026,2026_02_SEA_ARI,2,ARI,Q1,SEA,00-0041027,J.Love,00-0041027,Jeremiyah Love,RB,6,26.0,H,10,37.0,0.6,0.7027027027027027
2026,2026_02_SEA_ARI,2,SEA,Q1,ARI,00-0038797,E.Wilson,00-0038797,Emanuel Wilson,RB,0,0.0,A,3,2.0,0.0,0.0
2026,2026_02_SEA_ARI,2,SEA,Q1,ARI,00-0039299,G.Holani,00-0039299,George Holani,RB,0,0.0,A,3,2.0,0.0,0.0
2026,2026_02_SEA_ARI,2,ARI,Q1,SEA,00-0037157,Z.Knight,00-0037157,Bam Knight,RB,0,0.0,H,10,37.0,0.0,0.0
2026,2026_02_WAS_DAL,2,DAL,Q1,WAS,00-0036997,J.Williams,00-0036997,Javonte Williams,RB,5,7.0,H,6,18.0,0.8333333333333334,0.3888888888888889
2026,2026_02_WAS_DAL,2,WAS,Q1,DAL,00-0040242,J.Croskey-Merritt,00-0040242,Jacory Croskey-Merritt,RB,4,7.0,A,6,32.0,0.6666666666666666,0.21875
2026,2026_02_WAS_DAL,2,DAL,Q1,WAS,00-0038705,E.Demercado,00-0038705,Emari Demercado,RB,0,0.0,H,6,18.0,0.0,0.0
2026,2026_02_WAS_DAL,2,WAS,Q1,DAL,00-0037256,R.White,00-0037256,Rachaad White,RB,0,0.0,A,6,32.0,0.0,0.0
2026,2026_02_WAS_DAL,2,DAL,Q1,WAS,00-0038738,H.Luepke,00-0038738,Hunter Luepke,RB,0,0.0,H,6,18.0,0.0,0.0
2026,2026_02_WAS_DAL,2,WAS,Q1,DAL,00-0041096,K.Allen,00-0041096,Kaytron Allen,RB,0,0.0,A,6,32.0,0.0,0.0
2026,2026_03_ARI_SF,3,ARI,Q1,SF,00-0041027,J.Love,00-0041027,Jeremiyah Love,RB,7,40.0,A,8,41.0,0.875,0.975609756097561
2026,2026_03_ARI_SF,3,SF,Q1,ARI,00-0033280,C.McCaffrey,00-0033280,Christian McCaffrey,RB,3,16.0,H,5,17.0,0.6,0.9411764705882353
2026,2026_03_ARI_SF,3,SF,Q1,ARI,00-0041052,K.Black,00-0041052,Kaelon Black,RB,1,-2.0,H,5,17.0,0.2,-0.11764705882352941
2026,2026_03_ARI_SF,3,ARI,Q1,SF,00-0037263,T.Allgeier,00-0037263,Tyler Allgeier,RB,0,0.0,A,8,41.0,0.0,0.0
2026,2026_03_ATL_GB,3,ATL,Q1,GB,00-0038542,Bi.Robinson,00-0038542,Bijan Robinson,RB,7,73.0,A,9,88.0,0.7777777777777778,0.8295454545454546
2026,2026_03_ATL_GB,3,GB,Q1,ATL,00-0040142,K.Johnson,00-0040142,Kaleb Johnson,RB,1,-1.0,H,3,6.0,0.3333333333333333,-0.16666666666666666
2026,2026_03_ATL_GB,3,GB,Q1,ATL,00-0039811,M.Lloyd,00-0039811,MarShawn Lloyd,RB,2,7.0,H,3,6.0,0.6666666666666666,1.1666666666666667
2026,2026_03_ATL_GB,3,ATL,Q1,GB,00-0037746,Br.Robinson,00-0037746,Brian Robinson,RB,2,15.0,A,9,88.0,0.2222222222222222,0.17045454545454544
2026,2026_03_BAL_DAL,3,BAL,Q1,DAL,00-0032764,D.Henry,00-0032764,Derrick Henry,RB,8,28.0,A,9,49.0,0.8888888888888888,0.5714285714285714
2026,2026_03_BAL_DAL,3,DAL,Q1,BAL,00-0036997,J.Williams,00-0036997,Javonte Williams,RB,8,49.0,H,8,49.0,1.0,1.0
2026,2026_03_BAL_DAL,3,BAL,Q1,DAL,00-0034975,J.Hill,00-0034975,Justice Hill,RB,0,0.0,A,9,49.0,0.0,0.0
2026,2026_03_BAL_DAL,3,DAL,Q1,BAL,00-0037120,T.Goodson,00-0037120,Tyler Goodson,RB,0,0.0,H,8,49.0,0.0,0.0
2026,2026_03_CAR_CLE,3,CAR,Q1,CLE,00-0036555,C.Hubbard,00-0036555,Chuba Hubbard,RB,5,6.0,A,5,6.0,1.0,1.0
2026,2026_03_CAR_CLE,3,CLE,Q1,CAR,00-0040784,Q.Judkins,00-0040784,Quinshon Judkins,RB,7,27.0,H,9,47.0,0.7777777777777778,0.574468085106383
2026,2026_03_CAR_CLE,3,CLE,Q1,CAR,00-0040466,R.Sanders,00-0040466,Raheim Sanders,RB,0,0.0,H,9,47.0,0.0,0.0
2026,2026_03_CAR_CLE,3,CAR,Q1,CLE,00-0036265,A.Dillon,00-0036265,AJ Dillon,RB,0,0.0,A,5,6.0,0.0,0.0
2026,2026_03_CIN_PIT,3,CIN,Q1,PIT,00-0038597,C.Brown,00-0038597,Chase Brown,RB,4,13.0,A,5,18.0,0.8,0.7222222222222222
2026,2026_03_CIN_PIT,3,CIN,Q1,PIT,00-0033526,S.Perine,00-0033526,Samaje Perine,RB,1,5.0,A,5,18.0,0.2,0.2777777777777778
2026,2026_03_CIN_PIT,3,PIT,Q1,CIN,00-0037228,J.Warren,00-0037228,Jaylen Warren,RB,4,16.0,H,4,16.0,1.0,1.0
2026,2026_03_CIN_PIT,3,PIT,Q1,CIN,00-0035594,T.Homer,00-0035594,Travis Homer,RB,0,0.0,H,4,16.0,0.0,0.0
2026,2026_03_CIN_PIT,3,PIT,Q1,CIN,00-0038409,L.Nichols,00-0038409,Lew Nichols III,RB,0,0.0,H,4,16.0,0.0,0.0
2026,2026_03_HOU_IND,3,HOU,Q1,IND,00-0035685,D.Montgomery,00-0035685,David Montgomery,RB,3,6.0,A,4,6.0,0.75,1.0
2026,2026_03_HOU_IND,3,IND,Q1,HOU,00-0036223,J.Taylor,00-0036223,Jonathan Taylor,RB,6,6.0,H,8,9.0,0.75,0.6666666666666666
2026,2026_03_HOU_IND,3,HOU,Q1,IND,00-0040583,W.Marks,00-0040583,Woody Marks,RB,1,0.0,A,4,6.0,0.25,0.0
2026,2026_03_HOU_IND,3,IND,Q1,HOU,00-0041125,S.McGowan,00-0041125,Seth McGowan,RB,0,0.0,H,8,9.0,0.0,0.0
2026,2026_03_KC_MIA,3,KC,Q1,MIA,00-0038134,K.Walker,00-0038134,Kenneth Walker III,RB,5,29.0,A,5,29.0,1.0,1.0
2026,2026_03_KC_MIA,3,MIA,Q1,KC,00-0039040,D.Achane,00-0039040,De'Von Achane,RB,3,17.0,H,9,46.0,0.3333333333333333,0.3695652173913043
2026,2026_03_KC_MIA,3,MIA,Q1,KC,00-0040198,O.Gordon,00-0040198,Ollie Gordon II,RB,4,16.0,H,9,46.0,0.4444444444444444,0.34782608695652173
2026,2026_03_KC_MIA,3,KC,Q1,MIA,00-0041013,E.Johnson,00-0041013,Emmett Johnson,RB,0,0.0,A,5,29.0,0.0,0.0
2026,2026_03_LAC_BUF,3,BUF,Q1,LAC,00-0037248,J.Cook,00-0037248,James Cook,RB,4,24.0,H,6,25.0,0.6666666666666666,0.96
2026,2026_03_LAC_BUF,3,LAC,Q1,BUF,00-0040666,O.Hampton,00-0040666,Omarion Hampton,RB,6,20.0,A,9,35.0,0.6666666666666666,0.5714285714285714
2026,2026_03_LAC_BUF,3,LAC,Q1,BUF,00-0039391,K.Vidal,00-0039391,Kimani Vidal,RB,1,6.0,A,9,35.0,0.1111111111111111,0.17142857142857143
2026,2026_03_LAC_BUF,3,LAC,Q1,BUF,00-0038454,K.Mitchell,00-0038454,Keaton Mitchell,RB,1,2.0,A,9,35.0,0.1111111111111111,0.05714285714285714
2026,2026_03_LA_DEN,3,LA,Q1,DEN,00-0037840,K.Williams,00-0037840,Kyren Williams,RB,5,45.0,A,8,61.0,0.625,0.7377049180327869
2026,2026_03_LA_DEN,3,DEN,Q1,LA,00-0036158,J.Dobbins,00-0036158,J.K. Dobbins,RB,2,2.0,H,4,8.0,0.5,0.25
2026,2026_03_LA_DEN,3,LA,Q1,DEN,00-0039738,B.Corum,00-0039738,Blake Corum,RB,2,6.0,A,8,61.0,0.25,0.09836065573770492
2026,2026_03_LA_DEN,3,DEN,Q1,LA,00-0037085,T.Badie,00-0037085,Tyler Badie,RB,1,2.0,H,4,8.0,0.25,0.25
2026,2026_03_LA_DEN,3,DEN,Q1,LA,00-0040730,R.Harvey,00-0040730,RJ Harvey,RB,1,4.0,H,4,8.0,0.25,0.5
2026,2026_03_LV_NO,3,NO,Q1,LV,00-0036973,T.Etienne,00-0036973,Travis Etienne,RB,6,14.0,H,8,55.0,0.75,0.2545454545454545
2026,2026_03_LV_NO,3,LV,Q1,NO,00-0040122,A.Jeanty,00-0040122,Ashton Jeanty,RB,4,9.0,A,5,12.0,0.8,0.75
2026,2026_03_LV_NO,3,LV,Q1,NO,00-0040878,M.Washington,00-0040878,Mike Washington Jr.,RB,1,3.0,A,5,12.0,0.2,0.25
2026,2026_03_LV_NO,3,NO,Q1,LV,00-0041326,C.Donaldson,00-0041326,CJ Donaldson,RB,1,5.0,H,8,55.0,0.125,0.09090909090909091
2026,2026_03_LV_NO,3,NO,Q1,LV,00-0033906,A.Kamara,00-0033906,Alvin Kamara,RB,0,0.0,H,8,55.0,0.0,0.0
2026,2026_03_LV_NO,3,NO,Q1,LV,00-0038551,K.Miller,00-0038551,Kendre Miller,RB,0,0.0,H,8,55.0,0.0,0.0
2026,2026_03_MIN_TB,3,MIN,Q1,TB,00-0033293,A.Jones,00-0033293,Aaron Jones,RB,5,19.0,A,9,38.0,0.5555555555555556,0.5
2026,2026_03_MIN_TB,3,TB,Q1,MIN,00-0039361,B.Irving,00-0039361,Bucky Irving,RB,5,20.0,H,5,20.0,1.0,1.0
2026,2026_03_MIN_TB,3,MIN,Q1,TB,00-0041104,D.Claiborne,00-0041104,Demond Claiborne,RB,2,2.0,A,9,38.0,0.2222222222222222,0.05263157894736842
2026,2026_03_MIN_TB,3,TB,Q1,MIN,00-0036919,K.Gainwell,00-0036919,Kenny Gainwell,RB,0,0.0,H,5,20.0,0.0,0.0
2026,2026_03_MIN_TB,3,MIN,Q1,TB,00-0036425,D.Dallas,00-0036425,DeeJay Dallas,RB,0,0.0,A,9,38.0,0.0,0.0
2026,2026_03_NE_JAX,3,NE,Q1,JAX,00-0040734,T.Henderson,00-0040734,TreVeyon Henderson,RB,4,12.0,A,7,27.0,0.5714285714285714,0.4444444444444444
2026,2026_03_NE_JAX,3,JAX,Q1,NE,00-0040719,B.Tuten,00-0040719,Bhayshul Tuten,RB,3,21.0,H,6,38.0,0.5,0.5526315789473685
2026,2026_03_NE_JAX,3,NE,Q1,JAX,00-0036875,R.Stevenson,00-0036875,Rhamondre Stevenson,RB,2,7.0,A,7,27.0,0.2857142857142857,0.25925925925925924
2026,2026_03_NE_JAX,3,JAX,Q1,NE,00-0038611,C.Rodriguez,00-0038611,Chris Rodriguez Jr.,RB,2,10.0,H,6,38.0,0.3333333333333333,0.2631578947368421
2026,2026_03_NE_JAX,3,NE,Q1,JAX,00-0040556,C.Kiner,00-0040556,Corey Kiner,RB,0,0.0,A,7,27.0,0.0,0.0
2026,2026_03_NE_JAX,3,JAX,Q1,NE,00-0032104,A.Abdullah,00-0032104,Ameer Abdullah,RB,0,0.0,H,6,38.0,0.0,0.0
2026,2026_03_NYJ_DET,3,NYJ,Q1,DET,00-0038120,B.Hall,00-0038120,Breece Hall,RB,3,11.0,A,4,12.0,0.75,0.9166666666666666
2026,2026_03_NYJ_DET,3,DET,Q1,NYJ,00-0039139,J.Gibbs,00-0039139,Jahmyr Gibbs,RB,2,5.0,H,3,8.0,0.6666666666666666,0.625
2026,2026_03_NYJ_DET,3,DET,Q1,NYJ,00-0039364,S.Vaki,00-0039364,Sione Vaki,RB,1,3.0,H,3,8.0,0.3333333333333333,0.375
2026,2026_03_NYJ_DET,3,NYJ,Q1,DET,00-0039794,B.Allen,00-0039794,Braelon Allen,RB,0,0.0,A,4,12.0,0.0,0.0
2026,2026_03_PHI_CHI,3,CHI,Q1,PHI,00-0036275,D.Swift,00-0036275,D'Andre Swift,RB,7,25.0,H,9,35.0,0.7777777777777778,0.7142857142857143
2026,2026_03_PHI_CHI,3,PHI,Q1,CHI,00-0034844,S.Barkley,00-0034844,Saquon Barkley,RB,2,16.0,A,2,16.0,1.0,1.0
2026,2026_03_PHI_CHI,3,CHI,Q1,PHI,00-0040236,K.Monangai,00-0040236,Kyle Monangai,RB,1,3.0,H,9,35.0,0.1111111111111111,0.08571428571428572
2026,2026_03_SEA_WAS,3,SEA,Q1,WAS,00-0041512,J.Price,00-0041512,Jadarian Price,RB,3,8.0,A,6,16.0,0.5,0.5
2026,2026_03_SEA_WAS,3,WAS,Q1,SEA,00-0040242,J.Croskey-Merritt,00-0040242,Jacory Croskey-Merritt,RB,6,16.0,H,7,18.0,0.8571428571428571,0.8888888888888888
2026,2026_03_SEA_WAS,3,SEA,Q1,WAS,00-0038797,E.Wilson,00-0038797,Emanuel Wilson,RB,3,8.0,A,6,16.0,0.5,0.5
2026,2026_03_SEA_WAS,3,WAS,Q1,SEA,00-0037256,R.White,00-0037256,Rachaad White,RB,1,2.0,H,7,18.0,0.14285714285714285,0.1111111111111111
2026,2026_03_SEA_WAS,3,SEA,Q1,WAS,00-0039299,G.Holani,00-0039299,George Holani,RB,0,0.0,A,6,16.0,0.0,0.0
2026,2026_03_TEN_NYG,3,NYG,Q1,TEN,00-0040715,C.Skattebo,00-0040715,Cam Skattebo,RB,6,5.0,H,7,14.0,0.8571428571428571,0.35714285714285715
2026,2026_03_TEN_NYG,3,TEN,Q1,NYG,00-0035261,T.Pollard,00-0035261,Tony Pollard,RB,3,8.0,A,4,10.0,0.75,0.8
2026,2026_03_TEN_NYG,3,TEN,Q1,NYG,00-0039032,T.Spears,00-0039032,Tyjae Spears,RB,1,2.0,A,4,10.0,0.25,0.2
2026,2026_03_TEN_NYG,3,NYG,Q1,TEN,00-0036893,N.Harris,00-0036893,Najee Harris,RB,0,0.0,H,7,14.0,0.0,0.0
2026,2026_03_TEN_NYG,3,NYG,Q1,TEN,00-0039384,T.Tracy,00-0039384,Tyrone Tracy Jr.,RB,0,0.0,H,7,14.0,0.0,0.0
2026,2026_04_PIT_CLE,4,CLE,Q1,PIT,00-0040784,Q.Judkins,00-0040784,Quinshon Judkins,RB,2,3.0,H,2,3.0,1.0,1.0
2026,2026_04_PIT_CLE,4,PIT,Q1,CLE,00-0037228,J.Warren,00-0037228,Jaylen Warren,RB,7,29.0,A,9,28.0,0.7777777777777778,1.0357142857142858
2026,2026_04_PIT_CLE,4,PIT,Q1,CLE,00-0035594,T.Homer,00-0035594,Travis Homer,RB,2,-1.0,A,9,28.0,0.2222222222222222,-0.03571428571428571
2026,2026_04_PIT_CLE,4,CLE,Q1,PIT,00-0038794,J.McLaughlin,00-0038794,Jaleel McLaughlin,RB,0,0.0,H,2,3.0,0.0,0.0
2026,2026_04_PIT_CLE,4,CLE,Q1,PIT,00-0040466,R.Sanders,00-0040466,Raheim Sanders,RB,0,0.0,H,2,3.0,0.0,0.0
2026,2026_01_ARI_LAC,1,ARI,1H,LAC,00-0037263,T.Allgeier,00-0037263,Tyler Allgeier,RB,6,19.0,A,15,68.0,0.4,0.27941176470588236
2026,2026_01_ARI_LAC,1,ARI,1H,LAC,00-0041027,J.Love,00-0041027,Jeremiyah Love,RB,6,32.0,A,15,68.0,0.4,0.47058823529411764
2026,2026_01_ARI_LAC,1,LAC,1H,ARI,00-0040666,O.Hampton,00-0040666,Omarion Hampton,RB,6,22.0,H,12,43.0,0.5,0.5116279069767442
2026,2026_01_ARI_LAC,1,LAC,1H,ARI,00-0038454,K.Mitchell,00-0038454,Keaton Mitchell,RB,4,9.0,H,12,43.0,0.3333333333333333,0.20930232558139536
2026,2026_01_ATL_PIT,1,PIT,1H,ATL,00-0037228,J.Warren,00-0037228,Jaylen Warren,RB,5,8.0,H,10,21.0,0.5,0.38095238095238093
2026,2026_01_ATL_PIT,1,ATL,1H,PIT,00-0038542,Bi.Robinson,00-0038542,Bijan Robinson,RB,7,14.0,A,11,24.0,0.6363636363636364,0.5833333333333334
2026,2026_01_ATL_PIT,1,PIT,1H,ATL,00-0036139,R.Dowdle,00-0036139,Rico Dowdle,RB,5,13.0,H,10,21.0,0.5,0.6190476190476191
2026,2026_01_ATL_PIT,1,ATL,1H,PIT,00-0037746,Br.Robinson,00-0037746,Brian Robinson,RB,4,10.0,A,11,24.0,0.36363636363636365,0.4166666666666667
2026,2026_01_BAL_IND,1,IND,1H,BAL,00-0036223,J.Taylor,00-0036223,Jonathan Taylor,RB,11,32.0,H,11,32.0,1.0,1.0
2026,2026_01_BAL_IND,1,BAL,1H,IND,00-0032764,D.Henry,00-0032764,Derrick Henry,RB,11,63.0,A,17,112.0,0.6470588235294118,0.5625
2026,2026_01_BAL_IND,1,BAL,1H,IND,00-0034975,J.Hill,00-0034975,Justice Hill,RB,3,9.0,A,17,112.0,0.17647058823529413,0.08035714285714286
2026,2026_01_BUF_HOU,1,BUF,1H,HOU,00-0037248,J.Cook,00-0037248,James Cook,RB,6,37.0,A,12,67.0,0.5,0.5522388059701493
2026,2026_01_BUF_HOU,1,BUF,1H,HOU,00-0039875,R.Davis,00-0039875,Ray Davis,RB,1,3.0,A,12,67.0,0.08333333333333333,0.04477611940298507
2026,2026_01_BUF_HOU,1,HOU,1H,BUF,00-0035685,D.Montgomery,00-0035685,David Montgomery,RB,13,52.0,H,18,94.0,0.7222222222222222,0.5531914893617021
2026,2026_01_BUF_HOU,1,HOU,1H,BUF,00-0040583,W.Marks,00-0040583,Woody Marks,RB,3,20.0,H,18,94.0,0.16666666666666666,0.2127659574468085
2026,2026_01_BUF_HOU,1,BUF,1H,HOU,00-0039471,F.Gore,00-0039471,Frank Gore Jr.,RB,1,3.0,A,12,67.0,0.08333333333333333,0.04477611940298507
2026,2026_01_CHI_CAR,1,CHI,1H,CAR,00-0036275,D.Swift,00-0036275,D'Andre Swift,RB,10,67.0,A,20,125.0,0.5,0.536
2026,2026_01_CHI_CAR,1,CAR,1H,CHI,00-0036555,C.Hubbard,00-0036555,Chuba Hubbard,RB,4,17.0,H,8,32.0,0.5,0.53125
2026,2026_01_CHI_CAR,1,CHI,1H,CAR,00-0040236,K.Monangai,00-0040236,Kyle Monangai,RB,3,4.0,A,20,125.0,0.15,0.032
2026,2026_01_CHI_CAR,1,CAR,1H,CHI,00-0039344,J.Brooks,00-0039344,Jonathon Brooks,RB,3,8.0,H,8,32.0,0.375,0.25
2026,2026_01_CHI_CAR,1,CAR,1H,CHI,00-0036265,A.Dillon,00-0036265,AJ Dillon,RB,0,0.0,H,8,32.0,0.0,0.0
2026,2026_01_CLE_JAX,1,CLE,1H,JAX,00-0040784,Q.Judkins,00-0040784,Quinshon Judkins,RB,5,14.0,A,8,29.0,0.625,0.4827586206896552
2026,2026_01_CLE_JAX,1,JAX,1H,CLE,00-0040719,B.Tuten,00-0040719,Bhayshul Tuten,RB,6,37.0,H,17,79.0,0.35294117647058826,0.46835443037974683
2026,2026_01_CLE_JAX,1,JAX,1H,CLE,00-0038611,C.Rodriguez,00-0038611,Chris Rodriguez Jr.,RB,5,15.0,H,17,79.0,0.29411764705882354,0.189873417721519
2026,2026_01_CLE_JAX,1,JAX,1H,CLE,00-0032104,A.Abdullah,00-0032104,Ameer Abdullah,RB,3,20.0,H,17,79.0,0.17647058823529413,0.25316455696202533
2026,2026_01_CLE_JAX,1,CLE,1H,JAX,00-0040466,R.Sanders,00-0040466,Raheim Sanders,RB,0,0.0,A,8,29.0,0.0,0.0
2026,2026_01_DAL_NYG,1,DAL,1H,NYG,00-0036997,J.Williams,00-0036997,Javonte Williams,RB,9,25.0,A,14,50.0,0.6428571428571429,0.5
2026,2026_01_DAL_NYG,1,NYG,1H,DAL,00-0040715,C.Skattebo,00-0040715,Cam Skattebo,RB,6,17.0,H,14,80.0,0.42857142857142855,0.2125
2026,2026_01_DAL_NYG,1,NYG,1H,DAL,00-0035250,D.Singletary,00-0035250,Devin Singletary,RB,3,10.0,H,14,80.0,0.21428571428571427,0.125
2026,2026_01_DAL_NYG,1,NYG,1H,DAL,00-0039384,T.Tracy,00-0039384,Tyrone Tracy Jr.,RB,2,14.0,H,14,80.0,0.14285714285714285,0.175
2026,2026_01_DAL_NYG,1,DAL,1H,NYG,00-0038705,E.Demercado,00-0038705,Emari Demercado,RB,1,4.0,A,14,50.0,0.07142857142857142,0.08
2026,2026_01_DAL_NYG,1,DAL,1H,NYG,00-0038738,H.Luepke,00-0038738,Hunter Luepke,RB,1,7.0,A,14,50.0,0.07142857142857142,0.14
2026,2026_01_DEN_KC,1,DEN,1H,KC,00-0036158,J.Dobbins,00-0036158,J.K. Dobbins,RB,3,5.0,A,6,23.0,0.5,0.21739130434782608
2026,2026_01_DEN_KC,1,KC,1H,DEN,00-0038134,K.Walker,00-0038134,Kenneth Walker III,RB,14,89.0,H,19,120.0,0.7368421052631579,0.7416666666666667
2026,2026_01_DEN_KC,1,DEN,1H,KC,00-0040730,R.Harvey,00-0040730,RJ Harvey,RB,2,13.0,A,6,23.0,0.3333333333333333,0.5652173913043478
2026,2026_01_DEN_KC,1,KC,1H,DEN,00-0041013,E.Johnson,00-0041013,Emmett Johnson,RB,3,8.0,H,19,120.0,0.15789473684210525,0.06666666666666667
2026,2026_01_GB_MIN,1,MIN,1H,GB,00-0033293,A.Jones,00-0033293,Aaron Jones,RB,6,23.0,H,19,52.0,0.3157894736842105,0.4423076923076923
2026,2026_01_GB_MIN,1,GB,1H,MIN,00-0038685,C.Brooks,00-0038685,Chris Brooks,RB,4,24.0,A,8,30.0,0.5,0.8
2026,2026_01_GB_MIN,1,MIN,1H,GB,00-0037525,J.Mason,00-0037525,Jordan Mason,RB,8,19.0,H,19,52.0,0.42105263157894735,0.36538461538461536
2026,2026_01_GB_MIN,1,GB,1H,MIN,00-0039811,M.Lloyd,00-0039811,MarShawn Lloyd,RB,4,6.0,A,8,30.0,0.5,0.2
2026,2026_01_MIA_LV,1,MIA,1H,LV,00-0039040,D.Achane,00-0039040,De'Von Achane,RB,8,26.0,A,11,39.0,0.7272727272727273,0.6666666666666666
2026,2026_01_MIA_LV,1,LV,1H,MIA,00-0040122,A.Jeanty,00-0040122,Ashton Jeanty,RB,7,43.0,H,14,74.0,0.5,0.581081081081081
2026,2026_01_MIA_LV,1,LV,1H,MIA,00-0037304,C.Heyward,00-0037304,Connor Heyward,RB,1,1.0,H,14,74.0,0.07142857142857142,0.013513513513513514
2026,2026_01_MIA_LV,1,LV,1H,MIA,00-0040878,M.Washington,00-0040878,Mike Washington Jr.,RB,4,35.0,H,14,74.0,0.2857142857142857,0.47297297297297297
2026,2026_01_MIA_LV,1,MIA,1H,LV,00-0039874,J.Wright,00-0039874,Jaylen Wright,RB,0,0.0,A,11,39.0,0.0,0.0
2026,2026_01_NE_SEA,1,SEA,1H,NE,00-0041512,J.Price,00-0041512,Jadarian Price,RB,6,42.0,H,13,68.0,0.46153846153846156,0.6176470588235294
2026,2026_01_NE_SEA,1,SEA,1H,NE,00-0039299,G.Holani,00-0039299,George Holani,RB,6,23.0,H,13,68.0,0.46153846153846156,0.3382352941176471
2026,2026_01_NE_SEA,1,NE,1H,SEA,00-0036875,R.Stevenson,00-0036875,Rhamondre Stevenson,RB,9,18.0,A,19,64.0,0.47368421052631576,0.28125
2026,2026_01_NE_SEA,1,SEA,1H,NE,00-0038797,E.Wilson,00-0038797,Emanuel Wilson,RB,1,3.0,H,13,68.0,0.07692307692307693,0.04411764705882353
2026,2026_01_NE_SEA,1,NE,1H,SEA,00-0040556,C.Kiner,00-0040556,Corey Kiner,RB,5,10.0,A,19,64.0,0.2631578947368421,0.15625
2026,2026_01_NO_DET,1,DET,1H,NO,00-0039139,J.Gibbs,00-0039139,Jahmyr Gibbs,RB,14,67.0,H,16,70.0,0.875,0.9571428571428572
2026,2026_01_NO_DET,1,NO,1H,DET,00-0036973,T.Etienne,00-0036973,Travis Etienne,RB,4,6.0,A,11,34.0,0.36363636363636365,0.17647058823529413
2026,2026_01_NO_DET,1,NO,1H,DET,00-0041326,C.Donaldson,00-0041326,CJ Donaldson,RB,1,3.0,A,11,34.0,0.09090909090909091,0.08823529411764706
2026,2026_01_NO_DET,1,NO,1H,DET,00-0038551,K.Miller,00-0038551,Kendre Miller,RB,4,18.0,A,11,34.0,0.36363636363636365,0.5294117647058824
2026,2026_01_NO_DET,1,DET,1H,NO,00-0039364,S.Vaki,00-0039364,Sione Vaki,RB,1,3.0,H,16,70.0,0.0625,0.04285714285714286
2026,2026_01_NYJ_TEN,1,NYJ,1H,TEN,00-0038120,B.Hall,00-0038120,Breece Hall,RB,13,45.0,A,22,82.0,0.5909090909090909,0.5487804878048781
2026,2026_01_NYJ_TEN,1,TEN,1H,NYJ,00-0035261,T.Pollard,00-0035261,Tony Pollard,RB,4,14.0,H,7,24.0,0.5714285714285714,0.5833333333333334
2026,2026_01_NYJ_TEN,1,TEN,1H,NYJ,00-0039032,T.Spears,00-0039032,Tyjae Spears,RB,1,1.0,H,7,24.0,0.14285714285714285,0.041666666666666664
2026,2026_01_NYJ_TEN,1,NYJ,1H,TEN,00-0039794,B.Allen,00-0039794,Braelon Allen,RB,6,31.0,A,22,82.0,0.2727272727272727,0.3780487804878049
2026,2026_01_SF_LA,1,LA,1H,SF,00-0037840,K.Williams,00-0037840,Kyren Williams,RB,7,31.0,H,14,72.0,0.5,0.4305555555555556
2026,2026_01_SF_LA,1,SF,1H,LA,00-0033280,C.McCaffrey,00-0033280,Christian McCaffrey,RB,3,17.0,A,12,67.0,0.25,0.2537313432835821
2026,2026_01_SF_LA,1,SF,1H,LA,00-0041052,K.Black,00-0041052,Kaelon Black,RB,7,36.0,A,12,67.0,0.5833333333333334,0.5373134328358209
2026,2026_01_SF_LA,1,LA,1H,SF,00-0039738,B.Corum,00-0039738,Blake Corum,RB,6,42.0,H,14,72.0,0.42857142857142855,0.5833333333333334
2026,2026_01_SF_LA,1,LA,1H,SF,00-0037557,R.Rivers,00-0037557,Ronnie Rivers,RB,0,0.0,H,14,72.0,0.0,0.0
2026,2026_01_TB_CIN,1,TB,1H,CIN,00-0039361,B.Irving,00-0039361,Bucky Irving,RB,5,31.0,A,11,46.0,0.45454545454545453,0.6739130434782609
2026,2026_01_TB_CIN,1,TB,1H,CIN,00-0036919,K.Gainwell,00-0036919,Kenny Gainwell,RB,2,9.0,A,11,46.0,0.18181818181818182,0.1956521739130435
2026,2026_01_TB_CIN,1,CIN,1H,TB,00-0038597,C.Brown,00-0038597,Chase Brown,RB,7,27.0,H,11,50.0,0.6363636363636364,0.54
2026,2026_01_TB_CIN,1,CIN,1H,TB,00-0033526,S.Perine,00-0033526,Samaje Perine,RB,1,3.0,H,11,50.0,0.09090909090909091,0.06
2026,2026_01_WAS_PHI,1,WAS,1H,PHI,00-0040242,J.Croskey-Merritt,00-0040242,Jacory Croskey-Merritt,RB,8,45.0,A,18,83.0,0.4444444444444444,0.5421686746987951
2026,2026_01_WAS_PHI,1,WAS,1H,PHI,00-0037256,R.White,00-0037256,Rachaad White,RB,7,22.0,A,18,83.0,0.3888888888888889,0.26506024096385544
2026,2026_01_WAS_PHI,1,PHI,1H,WAS,00-0034844,S.Barkley,00-0034844,Saquon Barkley,RB,9,64.0,H,12,78.0,0.75,0.8205128205128205
2026,2026_01_WAS_PHI,1,PHI,1H,WAS,00-0038555,T.Bigsby,00-0038555,Tank Bigsby,RB,1,3.0,H,12,78.0,0.08333333333333333,0.038461538461538464
2026,2026_01_WAS_PHI,1,WAS,1H,PHI,00-0041096,K.Allen,00-0041096,Kaytron Allen,RB,0,0.0,A,18,83.0,0.0,0.0
2026,2026_01_WAS_PHI,1,PHI,1H,WAS,00-0039746,W.Shipley,00-0039746,Will Shipley,RB,0,0.0,H,12,78.0,0.0,0.0
2026,2026_02_CAR_ATL,2,CAR,1H,ATL,00-0036555,C.Hubbard,00-0036555,Chuba Hubbard,RB,6,20.0,A,7,23.0,0.8571428571428571,0.8695652173913043
2026,2026_02_CAR_ATL,2,ATL,1H,CAR,00-0038542,Bi.Robinson,00-0038542,Bijan Robinson,RB,12,47.0,H,18,85.0,0.6666666666666666,0.5529411764705883
2026,2026_02_CAR_ATL,2,CAR,1H,ATL,00-0039344,J.Brooks,00-0039344,Jonathon Brooks,RB,1,3.0,A,7,23.0,0.14285714285714285,0.13043478260869565
2026,2026_02_CAR_ATL,2,ATL,1H,CAR,00-0037746,Br.Robinson,00-0037746,Brian Robinson,RB,3,20.0,H,18,85.0,0.16666666666666666,0.23529411764705882
2026,2026_02_CAR_ATL,2,CAR,1H,ATL,00-0036265,A.Dillon,00-0036265,AJ Dillon,RB,0,0.0,A,7,23.0,0.0,0.0
2026,2026_02_CIN_HOU,2,HOU,1H,CIN,00-0035685,D.Montgomery,00-0035685,David Montgomery,RB,6,10.0,H,11,26.0,0.5454545454545454,0.38461538461538464
2026,2026_02_CIN_HOU,2,CIN,1H,HOU,00-0033526,S.Perine,00-0033526,Samaje Perine,RB,1,2.0,A,8,44.0,0.125,0.045454545454545456
2026,2026_02_CIN_HOU,2,CIN,1H,HOU,00-0038597,C.Brown,00-0038597,Chase Brown,RB,7,42.0,A,8,44.0,0.875,0.9545454545454546
2026,2026_02_CIN_HOU,2,HOU,1H,CIN,00-0040583,W.Marks,00-0040583,Woody Marks,RB,4,3.0,H,11,26.0,0.36363636363636365,0.11538461538461539
2026,2026_02_CLE_TB,2,CLE,1H,TB,00-0040784,Q.Judkins,00-0040784,Quinshon Judkins,RB,9,18.0,A,14,19.0,0.6428571428571429,0.9473684210526315
2026,2026_02_CLE_TB,2,TB,1H,CLE,00-0039361,B.Irving,00-0039361,Bucky Irving,RB,7,54.0,H,12,87.0,0.5833333333333334,0.6206896551724138
2026,2026_02_CLE_TB,2,CLE,1H,TB,00-0040466,R.Sanders,00-0040466,Raheim Sanders,RB,1,3.0,A,14,19.0,0.07142857142857142,0.15789473684210525
2026,2026_02_CLE_TB,2,TB,1H,CLE,00-0036919,K.Gainwell,00-0036919,Kenny Gainwell,RB,2,10.0,H,12,87.0,0.16666666666666666,0.11494252873563218
2026,2026_02_CLE_TB,2,CLE,1H,TB,00-0038794,J.McLaughlin,00-0038794,Jaleel McLaughlin,RB,0,0.0,A,14,19.0,0.0,0.0
2026,2026_02_DET_BUF,2,BUF,1H,DET,00-0037248,J.Cook,00-0037248,James Cook,RB,11,101.0,H,16,140.0,0.6875,0.7214285714285714
2026,2026_02_DET_BUF,2,DET,1H,BUF,00-0039139,J.Gibbs,00-0039139,Jahmyr Gibbs,RB,8,47.0,A,11,57.0,0.7272727272727273,0.8245614035087719
2026,2026_02_DET_BUF,2,DET,1H,BUF,00-0039364,S.Vaki,00-0039364,Sione Vaki,RB,1,7.0,A,11,57.0,0.09090909090909091,0.12280701754385964
2026,2026_02_GB_NYJ,2,NYJ,1H,GB,00-0038120,B.Hall,00-0038120,Breece Hall,RB,8,8.0,H,13,17.0,0.6153846153846154,0.47058823529411764
2026,2026_02_GB_NYJ,2,GB,1H,NYJ,00-0040142,K.Johnson,00-0040142,Kaleb Johnson,RB,5,21.0,A,8,35.0,0.625,0.6
2026,2026_02_GB_NYJ,2,GB,1H,NYJ,00-0039811,M.Lloyd,00-0039811,MarShawn Lloyd,RB,3,14.0,A,8,35.0,0.375,0.4
2026,2026_02_GB_NYJ,2,NYJ,1H,GB,00-0039794,B.Allen,00-0039794,Braelon Allen,RB,3,5.0,H,13,17.0,0.23076923076923078,0.29411764705882354
2026,2026_02_GB_NYJ,2,GB,1H,NYJ,00-0038685,C.Brooks,00-0038685,Chris Brooks,RB,0,0.0,A,8,35.0,0.0,0.0
2026,2026_02_IND_KC,2,IND,1H,KC,00-0036223,J.Taylor,00-0036223,Jonathan Taylor,RB,14,75.0,A,19,90.0,0.7368421052631579,0.8333333333333334
2026,2026_02_IND_KC,2,KC,1H,IND,00-0038134,K.Walker,00-0038134,Kenneth Walker III,RB,6,39.0,H,6,39.0,1.0,1.0
2026,2026_02_IND_KC,2,IND,1H,KC,00-0041125,S.McGowan,00-0041125,Seth McGowan,RB,2,0.0,A,19,90.0,0.10526315789473684,0.0
2026,2026_02_IND_KC,2,KC,1H,IND,00-0041013,E.Johnson,00-0041013,Emmett Johnson,RB,0,0.0,H,6,39.0,0.0,0.0
2026,2026_02_JAX_DEN,2,DEN,1H,JAX,00-0036158,J.Dobbins,00-0036158,J.K. Dobbins,RB,8,30.0,H,11,32.0,0.7272727272727273,0.9375
2026,2026_02_JAX_DEN,2,JAX,1H,DEN,00-0040719,B.Tuten,00-0040719,Bhayshul Tuten,RB,5,16.0,A,10,31.0,0.5,0.5161290322580645
2026,2026_02_JAX_DEN,2,JAX,1H,DEN,00-0038611,C.Rodriguez,00-0038611,Chris Rodriguez Jr.,RB,4,12.0,A,10,31.0,0.4,0.3870967741935484
2026,2026_02_JAX_DEN,2,DEN,1H,JAX,00-0041496,J.Coleman,00-0041496,Jonah Coleman,RB,2,1.0,H,11,32.0,0.18181818181818182,0.03125
2026,2026_02_JAX_DEN,2,JAX,1H,DEN,00-0032104,A.Abdullah,00-0032104,Ameer Abdullah,RB,0,0.0,A,10,31.0,0.0,0.0
2026,2026_02_JAX_DEN,2,DEN,1H,JAX,00-0037085,T.Badie,00-0037085,Tyler Badie,RB,0,0.0,H,11,32.0,0.0,0.0
2026,2026_02_LV_LAC,2,LAC,1H,LV,00-0040666,O.Hampton,00-0040666,Omarion Hampton,RB,15,70.0,H,20,95.0,0.75,0.7368421052631579
2026,2026_02_LV_LAC,2,LV,1H,LAC,00-0040122,A.Jeanty,00-0040122,Ashton Jeanty,RB,10,21.0,A,11,24.0,0.9090909090909091,0.875
2026,2026_02_LV_LAC,2,LAC,1H,LV,00-0038454,K.Mitchell,00-0038454,Keaton Mitchell,RB,4,23.0,H,20,95.0,0.2,0.24210526315789474
2026,2026_02_LV_LAC,2,LV,1H,LAC,00-0040878,M.Washington,00-0040878,Mike Washington Jr.,RB,1,3.0,A,11,24.0,0.09090909090909091,0.125
2026,2026_02_LV_LAC,2,LV,1H,LAC,00-0037304,C.Heyward,00-0037304,Connor Heyward,RB,0,0.0,A,11,24.0,0.0,0.0
2026,2026_02_MIA_SF,2,MIA,1H,SF,00-0039040,D.Achane,00-0039040,De'Von Achane,RB,14,62.0,A,20,84.0,0.7,0.7380952380952381
2026,2026_02_MIA_SF,2,SF,1H,MIA,00-0033280,C.McCaffrey,00-0033280,Christian McCaffrey,RB,6,13.0,H,12,52.0,0.5,0.25
2026,2026_02_MIA_SF,2,SF,1H,MIA,00-0041052,K.Black,00-0041052,Kaelon Black,RB,2,5.0,H,12,52.0,0.16666666666666666,0.09615384615384616
2026,2026_02_MIA_SF,2,MIA,1H,SF,00-0039874,J.Wright,00-0039874,Jaylen Wright,RB,2,11.0,A,20,84.0,0.1,0.13095238095238096
2026,2026_02_MIA_SF,2,MIA,1H,SF,00-0040198,O.Gordon,00-0040198,Ollie Gordon II,RB,1,1.0,A,20,84.0,0.05,0.011904761904761904
2026,2026_02_MIA_SF,2,SF,1H,MIA,00-0040177,J.James,00-0040177,Jordan James,RB,0,0.0,H,12,52.0,0.0,0.0
2026,2026_02_MIN_CHI,2,MIN,1H,CHI,00-0033293,A.Jones,00-0033293,Aaron Jones,RB,12,52.0,A,15,58.0,0.8,0.896551724137931
2026,2026_02_MIN_CHI,2,CHI,1H,MIN,00-0036275,D.Swift,00-0036275,D'Andre Swift,RB,9,22.0,H,14,50.0,0.6428571428571429,0.44
2026,2026_02_MIN_CHI,2,CHI,1H,MIN,00-0040236,K.Monangai,00-0040236,Kyle Monangai,RB,3,5.0,H,14,50.0,0.21428571428571427,0.1
2026,2026_02_MIN_CHI,2,MIN,1H,CHI,00-0036425,D.Dallas,00-0036425,DeeJay Dallas,RB,0,0.0,A,15,58.0,0.0,0.0
2026,2026_02_NO_BAL,2,BAL,1H,NO,00-0032764,D.Henry,00-0032764,Derrick Henry,RB,11,51.0,H,14,68.0,0.7857142857142857,0.75
2026,2026_02_NO_BAL,2,NO,1H,BAL,00-0036973,T.Etienne,00-0036973,Travis Etienne,RB,2,9.0,A,12,42.0,0.16666666666666666,0.21428571428571427
2026,2026_02_NO_BAL,2,NO,1H,BAL,00-0041326,C.Donaldson,00-0041326,CJ Donaldson,RB,1,2.0,A,12,42.0,0.08333333333333333,0.047619047619047616
2026,2026_02_NO_BAL,2,NO,1H,BAL,00-0033906,A.Kamara,00-0033906,Alvin Kamara,RB,5,10.0,A,12,42.0,0.4166666666666667,0.23809523809523808
2026,2026_02_NO_BAL,2,BAL,1H,NO,00-0034975,J.Hill,00-0034975,Justice Hill,RB,1,0.0,H,14,68.0,0.07142857142857142,0.0
2026,2026_02_NYG_LA,2,NYG,1H,LA,00-0040715,C.Skattebo,00-0040715,Cam Skattebo,RB,7,18.0,A,16,34.0,0.4375,0.5294117647058824
2026,2026_02_NYG_LA,2,LA,1H,NYG,00-0037840,K.Williams,00-0037840,Kyren Williams,RB,4,25.0,H,8,49.0,0.5,0.5102040816326531
2026,2026_02_NYG_LA,2,NYG,1H,LA,00-0035250,D.Singletary,00-0035250,Devin Singletary,RB,3,9.0,A,16,34.0,0.1875,0.2647058823529412
2026,2026_02_NYG_LA,2,LA,1H,NYG,00-0039738,B.Corum,00-0039738,Blake Corum,RB,4,24.0,H,8,49.0,0.5,0.4897959183673469
2026,2026_02_NYG_LA,2,NYG,1H,LA,00-0036893,N.Harris,00-0036893,Najee Harris,RB,4,6.0,A,16,34.0,0.25,0.17647058823529413
2026,2026_02_PHI_TEN,2,TEN,1H,PHI,00-0035261,T.Pollard,00-0035261,Tony Pollard,RB,5,20.0,H,10,38.0,0.5,0.5263157894736842
2026,2026_02_PHI_TEN,2,PHI,1H,TEN,00-0034844,S.Barkley,00-0034844,Saquon Barkley,RB,1,0.0,A,22,70.0,0.045454545454545456,0.0
2026,2026_02_PHI_TEN,2,PHI,1H,TEN,00-0038555,T.Bigsby,00-0038555,Tank Bigsby,RB,10,27.0,A,22,70.0,0.45454545454545453,0.38571428571428573
2026,2026_02_PHI_TEN,2,PHI,1H,TEN,00-0039746,W.Shipley,00-0039746,Will Shipley,RB,7,24.0,A,22,70.0,0.3181818181818182,0.34285714285714286
2026,2026_02_PHI_TEN,2,TEN,1H,PHI,00-0039032,T.Spears,00-0039032,Tyjae Spears,RB,3,13.0,H,10,38.0,0.3,0.34210526315789475
2026,2026_02_PHI_TEN,2,TEN,1H,PHI,00-0040886,N.Singleton,00-0040886,Nicholas Singleton,RB,0,0.0,H,10,38.0,0.0,0.0
2026,2026_02_PIT_NE,2,PIT,1H,NE,00-0036139,R.Dowdle,00-0036139,Rico Dowdle,RB,4,11.0,A,14,50.0,0.2857142857142857,0.22
2026,2026_02_PIT_NE,2,NE,1H,PIT,00-0036875,R.Stevenson,00-0036875,Rhamondre Stevenson,RB,2,7.0,H,11,79.0,0.18181818181818182,0.08860759493670886
2026,2026_02_PIT_NE,2,PIT,1H,NE,00-0037228,J.Warren,00-0037228,Jaylen Warren,RB,6,16.0,A,14,50.0,0.42857142857142855,0.32
2026,2026_02_PIT_NE,2,NE,1H,PIT,00-0040734,T.Henderson,00-0040734,TreVeyon Henderson,RB,8,65.0,H,11,79.0,0.7272727272727273,0.8227848101265823
2026,2026_02_PIT_NE,2,PIT,1H,NE,00-0035594,T.Homer,00-0035594,Travis Homer,RB,2,16.0,A,14,50.0,0.14285714285714285,0.32
2026,2026_02_PIT_NE,2,NE,1H,PIT,00-0040556,C.Kiner,00-0040556,Corey Kiner,RB,0,0.0,H,11,79.0,0.0,0.0
2026,2026_02_SEA_ARI,2,ARI,1H,SEA,00-0037263,T.Allgeier,00-0037263,Tyler Allgeier,RB,4,9.0,H,13,42.0,0.3076923076923077,0.21428571428571427
2026,2026_02_SEA_ARI,2,SEA,1H,ARI,00-0041512,J.Price,00-0041512,Jadarian Price,RB,9,22.0,A,15,43.0,0.6,0.5116279069767442
2026,2026_02_SEA_ARI,2,ARI,1H,SEA,00-0041027,J.Love,00-0041027,Jeremiyah Love,RB,8,26.0,H,13,42.0,0.6153846153846154,0.6190476190476191
2026,2026_02_SEA_ARI,2,SEA,1H,ARI,00-0038797,E.Wilson,00-0038797,Emanuel Wilson,RB,6,21.0,A,15,43.0,0.4,0.4883720930232558
2026,2026_02_SEA_ARI,2,SEA,1H,ARI,00-0039299,G.Holani,00-0039299,George Holani,RB,0,0.0,A,15,43.0,0.0,0.0
2026,2026_02_SEA_ARI,2,ARI,1H,SEA,00-0037157,Z.Knight,00-0037157,Bam Knight,RB,0,0.0,H,13,42.0,0.0,0.0
2026,2026_02_WAS_DAL,2,DAL,1H,WAS,00-0036997,J.Williams,00-0036997,Javonte Williams,RB,5,7.0,H,7,25.0,0.7142857142857143,0.28
2026,2026_02_WAS_DAL,2,WAS,1H,DAL,00-0040242,J.Croskey-Merritt,00-0040242,Jacory Croskey-Merritt,RB,8,21.0,A,21,129.0,0.38095238095238093,0.16279069767441862
2026,2026_02_WAS_DAL,2,DAL,1H,WAS,00-0038705,E.Demercado,00-0038705,Emari Demercado,RB,1,7.0,H,7,25.0,0.14285714285714285,0.28
2026,2026_02_WAS_DAL,2,WAS,1H,DAL,00-0037256,R.White,00-0037256,Rachaad White,RB,6,39.0,A,21,129.0,0.2857142857142857,0.3023255813953488
2026,2026_02_WAS_DAL,2,DAL,1H,WAS,00-0038738,H.Luepke,00-0038738,Hunter Luepke,RB,0,0.0,H,7,25.0,0.0,0.0
2026,2026_02_WAS_DAL,2,WAS,1H,DAL,00-0041096,K.Allen,00-0041096,Kaytron Allen,RB,0,0.0,A,21,129.0,0.0,0.0
2026,2026_03_ARI_SF,3,ARI,1H,SF,00-0041027,J.Love,00-0041027,Jeremiyah Love,RB,10,49.0,A,12,47.0,0.8333333333333334,1.0425531914893618
2026,2026_03_ARI_SF,3,SF,1H,ARI,00-0033280,C.McCaffrey,00-0033280,Christian McCaffrey,RB,5,22.0,H,7,23.0,0.7142857142857143,0.9565217391304348
2026,2026_03_ARI_SF,3,SF,1H,ARI,00-0041052,K.Black,00-0041052,Kaelon Black,RB,1,-2.0,H,7,23.0,0.14285714285714285,-0.08695652173913043
2026,2026_03_ARI_SF,3,ARI,1H,SF,00-0037263,T.Allgeier,00-0037263,Tyler Allgeier,RB,1,-3.0,A,12,47.0,0.08333333333333333,-0.06382978723404255
2026,2026_03_ATL_GB,3,ATL,1H,GB,00-0038542,Bi.Robinson,00-0038542,Bijan Robinson,RB,15,111.0,A,20,139.0,0.75,0.7985611510791367
2026,2026_03_ATL_GB,3,GB,1H,ATL,00-0040142,K.Johnson,00-0040142,Kaleb Johnson,RB,3,5.0,H,5,12.0,0.6,0.4166666666666667
2026,2026_03_ATL_GB,3,GB,1H,ATL,00-0039811,M.Lloyd,00-0039811,MarShawn Lloyd,RB,2,7.0,H,5,12.0,0.4,0.5833333333333334
2026,2026_03_ATL_GB,3,ATL,1H,GB,00-0037746,Br.Robinson,00-0037746,Brian Robinson,RB,5,28.0,A,20,139.0,0.25,0.2014388489208633
2026,2026_03_BAL_DAL,3,BAL,1H,DAL,00-0032764,D.Henry,00-0032764,Derrick Henry,RB,13,47.0,A,19,91.0,0.6842105263157895,0.5164835164835165
2026,2026_03_BAL_DAL,3,DAL,1H,BAL,00-0036997,J.Williams,00-0036997,Javonte Williams,RB,12,55.0,H,15,78.0,0.8,0.7051282051282052
2026,2026_03_BAL_DAL,3,BAL,1H,DAL,00-0034975,J.Hill,00-0034975,Justice Hill,RB,4,22.0,A,19,91.0,0.21052631578947367,0.24175824175824176
2026,2026_03_BAL_DAL,3,DAL,1H,BAL,00-0037120,T.Goodson,00-0037120,Tyler Goodson,RB,3,23.0,H,15,78.0,0.2,0.2948717948717949
2026,2026_03_CAR_CLE,3,CAR,1H,CLE,00-0036555,C.Hubbard,00-0036555,Chuba Hubbard,RB,10,18.0,A,10,18.0,1.0,1.0
2026,2026_03_CAR_CLE,3,CLE,1H,CAR,00-0040784,Q.Judkins,00-0040784,Quinshon Judkins,RB,11,45.0,H,19,86.0,0.5789473684210527,0.5232558139534884
2026,2026_03_CAR_CLE,3,CLE,1H,CAR,00-0040466,R.Sanders,00-0040466,Raheim Sanders,RB,1,17.0,H,19,86.0,0.05263157894736842,0.19767441860465115
2026,2026_03_CAR_CLE,3,CAR,1H,CLE,00-0036265,A.Dillon,00-0036265,AJ Dillon,RB,0,0.0,A,10,18.0,0.0,0.0
2026,2026_03_CIN_PIT,3,CIN,1H,PIT,00-0038597,C.Brown,00-0038597,Chase Brown,RB,6,25.0,A,8,34.0,0.75,0.7352941176470589
2026,2026_03_CIN_PIT,3,CIN,1H,PIT,00-0033526,S.Perine,00-0033526,Samaje Perine,RB,2,9.0,A,8,34.0,0.25,0.2647058823529412
2026,2026_03_CIN_PIT,3,PIT,1H,CIN,00-0037228,J.Warren,00-0037228,Jaylen Warren,RB,7,55.0,H,9,68.0,0.7777777777777778,0.8088235294117647
2026,2026_03_CIN_PIT,3,PIT,1H,CIN,00-0035594,T.Homer,00-0035594,Travis Homer,RB,0,0.0,H,9,68.0,0.0,0.0
2026,2026_03_CIN_PIT,3,PIT,1H,CIN,00-0038409,L.Nichols,00-0038409,Lew Nichols III,RB,0,0.0,H,9,68.0,0.0,0.0
2026,2026_03_HOU_IND,3,HOU,1H,IND,00-0035685,D.Montgomery,00-0035685,David Montgomery,RB,8,23.0,A,12,41.0,0.6666666666666666,0.5609756097560976
2026,2026_03_HOU_IND,3,IND,1H,HOU,00-0036223,J.Taylor,00-0036223,Jonathan Taylor,RB,9,19.0,H,13,24.0,0.6923076923076923,0.7916666666666666
2026,2026_03_HOU_IND,3,HOU,1H,IND,00-0040583,W.Marks,00-0040583,Woody Marks,RB,1,0.0,A,12,41.0,0.08333333333333333,0.0
2026,2026_03_HOU_IND,3,IND,1H,HOU,00-0041125,S.McGowan,00-0041125,Seth McGowan,RB,1,0.0,H,13,24.0,0.07692307692307693,0.0
2026,2026_03_KC_MIA,3,KC,1H,MIA,00-0038134,K.Walker,00-0038134,Kenneth Walker III,RB,10,52.0,A,12,62.0,0.8333333333333334,0.8387096774193549
2026,2026_03_KC_MIA,3,MIA,1H,KC,00-0039040,D.Achane,00-0039040,De'Von Achane,RB,3,17.0,H,16,69.0,0.1875,0.2463768115942029
2026,2026_03_KC_MIA,3,MIA,1H,KC,00-0040198,O.Gordon,00-0040198,Ollie Gordon II,RB,8,28.0,H,16,69.0,0.5,0.4057971014492754
2026,2026_03_KC_MIA,3,KC,1H,MIA,00-0041013,E.Johnson,00-0041013,Emmett Johnson,RB,2,10.0,A,12,62.0,0.16666666666666666,0.16129032258064516
2026,2026_03_LAC_BUF,3,BUF,1H,LAC,00-0037248,J.Cook,00-0037248,James Cook,RB,10,59.0,H,14,62.0,0.7142857142857143,0.9516129032258065
2026,2026_03_LAC_BUF,3,LAC,1H,BUF,00-0040666,O.Hampton,00-0040666,Omarion Hampton,RB,8,22.0,A,16,74.0,0.5,0.2972972972972973
2026,2026_03_LAC_BUF,3,LAC,1H,BUF,00-0039391,K.Vidal,00-0039391,Kimani Vidal,RB,1,6.0,A,16,74.0,0.0625,0.08108108108108109
2026,2026_03_LAC_BUF,3,LAC,1H,BUF,00-0038454,K.Mitchell,00-0038454,Keaton Mitchell,RB,5,33.0,A,16,74.0,0.3125,0.44594594594594594
2026,2026_03_LA_DEN,3,LA,1H,DEN,00-0037840,K.Williams,00-0037840,Kyren Williams,RB,9,69.0,A,13,87.0,0.6923076923076923,0.7931034482758621
2026,2026_03_LA_DEN,3,DEN,1H,LA,00-0036158,J.Dobbins,00-0036158,J.K. Dobbins,RB,4,9.0,H,8,21.0,0.5,0.42857142857142855
2026,2026_03_LA_DEN,3,LA,1H,DEN,00-0039738,B.Corum,00-0039738,Blake Corum,RB,3,8.0,A,13,87.0,0.23076923076923078,0.09195402298850575
2026,2026_03_LA_DEN,3,DEN,1H,LA,00-0037085,T.Badie,00-0037085,Tyler Badie,RB,1,2.0,H,8,21.0,0.125,0.09523809523809523
2026,2026_03_LA_DEN,3,DEN,1H,LA,00-0040730,R.Harvey,00-0040730,RJ Harvey,RB,2,6.0,H,8,21.0,0.25,0.2857142857142857
2026,2026_03_LV_NO,3,NO,1H,LV,00-0036973,T.Etienne,00-0036973,Travis Etienne,RB,10,31.0,H,13,69.0,0.7692307692307693,0.4492753623188406
2026,2026_03_LV_NO,3,LV,1H,NO,00-0040122,A.Jeanty,00-0040122,Ashton Jeanty,RB,9,24.0,A,13,42.0,0.6923076923076923,0.5714285714285714
2026,2026_03_LV_NO,3,LV,1H,NO,00-0040878,M.Washington,00-0040878,Mike Washington Jr.,RB,3,13.0,A,13,42.0,0.23076923076923078,0.30952380952380953
2026,2026_03_LV_NO,3,NO,1H,LV,00-0041326,C.Donaldson,00-0041326,CJ Donaldson,RB,1,5.0,H,13,69.0,0.07692307692307693,0.07246376811594203
2026,2026_03_LV_NO,3,NO,1H,LV,00-0033906,A.Kamara,00-0033906,Alvin Kamara,RB,1,-3.0,H,13,69.0,0.07692307692307693,-0.043478260869565216
2026,2026_03_LV_NO,3,NO,1H,LV,00-0038551,K.Miller,00-0038551,Kendre Miller,RB,0,0.0,H,13,69.0,0.0,0.0
2026,2026_03_MIN_TB,3,MIN,1H,TB,00-0033293,A.Jones,00-0033293,Aaron Jones,RB,9,33.0,A,13,52.0,0.6923076923076923,0.6346153846153846
2026,2026_03_MIN_TB,3,TB,1H,MIN,00-0039361,B.Irving,00-0039361,Bucky Irving,RB,8,32.0,H,10,38.0,0.8,0.8421052631578947
2026,2026_03_MIN_TB,3,MIN,1H,TB,00-0041104,D.Claiborne,00-0041104,Demond Claiborne,RB,2,2.0,A,13,52.0,0.15384615384615385,0.038461538461538464
2026,2026_03_MIN_TB,3,TB,1H,MIN,00-0036919,K.Gainwell,00-0036919,Kenny Gainwell,RB,0,0.0,H,10,38.0,0.0,0.0
2026,2026_03_MIN_TB,3,MIN,1H,TB,00-0036425,D.Dallas,00-0036425,DeeJay Dallas,RB,0,0.0,A,13,52.0,0.0,0.0
2026,2026_03_NE_JAX,3,NE,1H,JAX,00-0040734,T.Henderson,00-0040734,TreVeyon Henderson,RB,8,23.0,A,14,50.0,0.5714285714285714,0.46
2026,2026_03_NE_JAX,3,JAX,1H,NE,00-0040719,B.Tuten,00-0040719,Bhayshul Tuten,RB,8,48.0,H,13,69.0,0.6153846153846154,0.6956521739130435
2026,2026_03_NE_JAX,3,NE,1H,JAX,00-0036875,R.Stevenson,00-0036875,Rhamondre Stevenson,RB,3,9.0,A,14,50.0,0.21428571428571427,0.18
2026,2026_03_NE_JAX,3,JAX,1H,NE,00-0038611,C.Rodriguez,00-0038611,Chris Rodriguez Jr.,RB,3,13.0,H,13,69.0,0.23076923076923078,0.18840579710144928
2026,2026_03_NE_JAX,3,NE,1H,JAX,00-0040556,C.Kiner,00-0040556,Corey Kiner,RB,0,0.0,A,14,50.0,0.0,0.0
2026,2026_03_NE_JAX,3,JAX,1H,NE,00-0032104,A.Abdullah,00-0032104,Ameer Abdullah,RB,0,0.0,H,13,69.0,0.0,0.0
2026,2026_03_NYJ_DET,3,NYJ,1H,DET,00-0038120,B.Hall,00-0038120,Breece Hall,RB,8,20.0,A,9,21.0,0.8888888888888888,0.9523809523809523
2026,2026_03_NYJ_DET,3,DET,1H,NYJ,00-0039139,J.Gibbs,00-0039139,Jahmyr Gibbs,RB,7,29.0,H,11,48.0,0.6363636363636364,0.6041666666666666
2026,2026_03_NYJ_DET,3,DET,1H,NYJ,00-0039364,S.Vaki,00-0039364,Sione Vaki,RB,4,19.0,H,11,48.0,0.36363636363636365,0.3958333333333333
2026,2026_03_NYJ_DET,3,NYJ,1H,DET,00-0039794,B.Allen,00-0039794,Braelon Allen,RB,0,0.0,A,9,21.0,0.0,0.0
2026,2026_03_PHI_CHI,3,CHI,1H,PHI,00-0036275,D.Swift,00-0036275,D'Andre Swift,RB,9,21.0,H,13,27.0,0.6923076923076923,0.7777777777777778
2026,2026_03_PHI_CHI,3,PHI,1H,CHI,00-0034844,S.Barkley,00-0034844,Saquon Barkley,RB,11,73.0,A,13,75.0,0.8461538461538461,0.9733333333333334
2026,2026_03_PHI_CHI,3,CHI,1H,PHI,00-0040236,K.Monangai,00-0040236,Kyle Monangai,RB,3,-1.0,H,13,27.0,0.23076923076923078,-0.037037037037037035
2026,2026_03_SEA_WAS,3,SEA,1H,WAS,00-0041512,J.Price,00-0041512,Jadarian Price,RB,3,8.0,A,12,25.0,0.25,0.32
2026,2026_03_SEA_WAS,3,WAS,1H,SEA,00-0040242,J.Croskey-Merritt,00-0040242,Jacory Croskey-Merritt,RB,12,35.0,H,14,39.0,0.8571428571428571,0.8974358974358975
2026,2026_03_SEA_WAS,3,SEA,1H,WAS,00-0038797,E.Wilson,00-0038797,Emanuel Wilson,RB,7,12.0,A,12,25.0,0.5833333333333334,0.48
2026,2026_03_SEA_WAS,3,WAS,1H,SEA,00-0037256,R.White,00-0037256,Rachaad White,RB,2,4.0,H,14,39.0,0.14285714285714285,0.10256410256410256
2026,2026_03_SEA_WAS,3,SEA,1H,WAS,00-0039299,G.Holani,00-0039299,George Holani,RB,2,5.0,A,12,25.0,0.16666666666666666,0.2
2026,2026_03_TEN_NYG,3,NYG,1H,TEN,00-0040715,C.Skattebo,00-0040715,Cam Skattebo,RB,13,18.0,H,20,66.0,0.65,0.2727272727272727
2026,2026_03_TEN_NYG,3,TEN,1H,NYG,00-0035261,T.Pollard,00-0035261,Tony Pollard,RB,5,11.0,A,6,13.0,0.8333333333333334,0.8461538461538461
2026,2026_03_TEN_NYG,3,TEN,1H,NYG,00-0039032,T.Spears,00-0039032,Tyjae Spears,RB,1,2.0,A,6,13.0,0.16666666666666666,0.15384615384615385
2026,2026_03_TEN_NYG,3,NYG,1H,TEN,00-0036893,N.Harris,00-0036893,Najee Harris,RB,5,36.0,H,20,66.0,0.25,0.5454545454545454
2026,2026_03_TEN_NYG,3,NYG,1H,TEN,00-0039384,T.Tracy,00-0039384,Tyrone Tracy Jr.,RB,1,3.0,H,20,66.0,0.05,0.045454545454545456
2026,2026_04_PIT_CLE,4,CLE,1H,PIT,00-0040784,Q.Judkins,00-0040784,Quinshon Judkins,RB,8,14.0,H,10,41.0,0.8,0.34146341463414637
2026,2026_04_PIT_CLE,4,PIT,1H,CLE,00-0037228,J.Warren,00-0037228,Jaylen Warren,RB,10,61.0,A,12,60.0,0.8333333333333334,1.0166666666666666
2026,2026_04_PIT_CLE,4,PIT,1H,CLE,00-0035594,T.Homer,00-0035594,Travis Homer,RB,2,-1.0,A,12,60.0,0.16666666666666666,-0.016666666666666666
2026,2026_04_PIT_CLE,4,CLE,1H,PIT,00-0038794,J.McLaughlin,00-0038794,Jaleel McLaughlin,RB,1,28.0,H,10,41.0,0.1,0.6829268292682927
2026,2026_04_PIT_CLE,4,CLE,1H,PIT,00-0040466,R.Sanders,00-0040466,Raheim Sanders,RB,0,0.0,H,10,41.0,0.0,0.0
2026,2026_01_ARI_LAC,1,ARI,Full Game,LAC,00-0037263,T.Allgeier,00-0037263,Tyler Allgeier,RB,17,61.0,A,34,116.0,0.5,0.5258620689655172
2026,2026_01_ARI_LAC,1,ARI,Full Game,LAC,00-0041027,J.Love,00-0041027,Jeremiyah Love,RB,11,41.0,A,34,116.0,0.3235294117647059,0.35344827586206895
2026,2026_01_ARI_LAC,1,LAC,Full Game,ARI,00-0040666,O.Hampton,00-0040666,Omarion Hampton,RB,12,43.0,H,21,81.0,0.5714285714285714,0.5308641975308642
2026,2026_01_ARI_LAC,1,LAC,Full Game,ARI,00-0038454,K.Mitchell,00-0038454,Keaton Mitchell,RB,4,9.0,H,21,81.0,0.19047619047619047,0.1111111111111111
2026,2026_01_ATL_PIT,1,PIT,Full Game,ATL,00-0037228,J.Warren,00-0037228,Jaylen Warren,RB,10,46.0,H,21,58.0,0.47619047619047616,0.7931034482758621
2026,2026_01_ATL_PIT,1,ATL,Full Game,PIT,00-0038542,Bi.Robinson,00-0038542,Bijan Robinson,RB,21,83.0,A,31,120.0,0.6774193548387096,0.6916666666666667
2026,2026_01_ATL_PIT,1,PIT,Full Game,ATL,00-0036139,R.Dowdle,00-0036139,Rico Dowdle,RB,8,15.0,H,21,58.0,0.38095238095238093,0.25862068965517243
2026,2026_01_ATL_PIT,1,ATL,Full Game,PIT,00-0037746,Br.Robinson,00-0037746,Brian Robinson,RB,9,31.0,A,31,120.0,0.2903225806451613,0.25833333333333336
2026,2026_01_BAL_IND,1,IND,Full Game,BAL,00-0036223,J.Taylor,00-0036223,Jonathan Taylor,RB,19,98.0,H,20,102.0,0.95,0.9607843137254902
2026,2026_01_BAL_IND,1,BAL,Full Game,IND,00-0032764,D.Henry,00-0032764,Derrick Henry,RB,24,144.0,A,37,202.0,0.6486486486486487,0.7128712871287128
2026,2026_01_BAL_IND,1,BAL,Full Game,IND,00-0034975,J.Hill,00-0034975,Justice Hill,RB,6,18.0,A,37,202.0,0.16216216216216217,0.0891089108910891
2026,2026_01_BUF_HOU,1,BUF,Full Game,HOU,00-0037248,J.Cook,00-0037248,James Cook,RB,13,57.0,A,21,86.0,0.6190476190476191,0.6627906976744186
2026,2026_01_BUF_HOU,1,BUF,Full Game,HOU,00-0039875,R.Davis,00-0039875,Ray Davis,RB,1,3.0,A,21,86.0,0.047619047619047616,0.03488372093023256
2026,2026_01_BUF_HOU,1,HOU,Full Game,BUF,00-0035685,D.Montgomery,00-0035685,David Montgomery,RB,20,60.0,H,32,124.0,0.625,0.4838709677419355
2026,2026_01_BUF_HOU,1,HOU,Full Game,BUF,00-0040583,W.Marks,00-0040583,Woody Marks,RB,9,42.0,H,32,124.0,0.28125,0.3387096774193548
2026,2026_01_BUF_HOU,1,BUF,Full Game,HOU,00-0039471,F.Gore,00-0039471,Frank Gore Jr.,RB,1,3.0,A,21,86.0,0.047619047619047616,0.03488372093023256
2026,2026_01_CHI_CAR,1,CHI,Full Game,CAR,00-0036275,D.Swift,00-0036275,D'Andre Swift,RB,18,124.0,A,39,291.0,0.46153846153846156,0.4261168384879725
2026,2026_01_CHI_CAR,1,CAR,Full Game,CHI,00-0036555,C.Hubbard,00-0036555,Chuba Hubbard,RB,10,49.0,H,22,125.0,0.45454545454545453,0.392
2026,2026_01_CHI_CAR,1,CHI,Full Game,CAR,00-0040236,K.Monangai,00-0040236,Kyle Monangai,RB,10,100.0,A,39,291.0,0.2564102564102564,0.3436426116838488
2026,2026_01_CHI_CAR,1,CAR,Full Game,CHI,00-0039344,J.Brooks,00-0039344,Jonathon Brooks,RB,4,14.0,H,22,125.0,0.18181818181818182,0.112
2026,2026_01_CHI_CAR,1,CAR,Full Game,CHI,00-0036265,A.Dillon,00-0036265,AJ Dillon,RB,5,28.0,H,22,125.0,0.22727272727272727,0.224
2026,2026_01_CLE_JAX,1,CLE,Full Game,JAX,00-0040784,Q.Judkins,00-0040784,Quinshon Judkins,RB,12,33.0,A,22,87.0,0.5454545454545454,0.3793103448275862
2026,2026_01_CLE_JAX,1,JAX,Full Game,CLE,00-0040719,B.Tuten,00-0040719,Bhayshul Tuten,RB,15,66.0,H,32,126.0,0.46875,0.5238095238095238
2026,2026_01_CLE_JAX,1,JAX,Full Game,CLE,00-0038611,C.Rodriguez,00-0038611,Chris Rodriguez Jr.,RB,6,23.0,H,32,126.0,0.1875,0.18253968253968253
2026,2026_01_CLE_JAX,1,JAX,Full Game,CLE,00-0032104,A.Abdullah,00-0032104,Ameer Abdullah,RB,4,32.0,H,32,126.0,0.125,0.25396825396825395
2026,2026_01_CLE_JAX,1,CLE,Full Game,JAX,00-0040466,R.Sanders,00-0040466,Raheim Sanders,RB,1,1.0,A,22,87.0,0.045454545454545456,0.011494252873563218
2026,2026_01_DAL_NYG,1,DAL,Full Game,NYG,00-0036997,J.Williams,00-0036997,Javonte Williams,RB,12,41.0,A,18,69.0,0.6666666666666666,0.5942028985507246
2026,2026_01_DAL_NYG,1,NYG,Full Game,DAL,00-0040715,C.Skattebo,00-0040715,Cam Skattebo,RB,18,81.0,H,37,165.0,0.4864864864864865,0.4909090909090909
2026,2026_01_DAL_NYG,1,NYG,Full Game,DAL,00-0035250,D.Singletary,00-0035250,Devin Singletary,RB,6,16.0,H,37,165.0,0.16216216216216217,0.09696969696969697
2026,2026_01_DAL_NYG,1,NYG,Full Game,DAL,00-0039384,T.Tracy,00-0039384,Tyrone Tracy Jr.,RB,2,14.0,H,37,165.0,0.05405405405405406,0.08484848484848485
2026,2026_01_DAL_NYG,1,DAL,Full Game,NYG,00-0038705,E.Demercado,00-0038705,Emari Demercado,RB,2,7.0,A,18,69.0,0.1111111111111111,0.10144927536231885
2026,2026_01_DAL_NYG,1,DAL,Full Game,NYG,00-0038738,H.Luepke,00-0038738,Hunter Luepke,RB,1,7.0,A,18,69.0,0.05555555555555555,0.10144927536231885
2026,2026_01_DEN_KC,1,DEN,Full Game,KC,00-0036158,J.Dobbins,00-0036158,J.K. Dobbins,RB,8,36.0,A,15,61.0,0.5333333333333333,0.5901639344262295
2026,2026_01_DEN_KC,1,KC,Full Game,DEN,00-0038134,K.Walker,00-0038134,Kenneth Walker III,RB,23,173.0,H,38,220.0,0.6052631578947368,0.7863636363636364
2026,2026_01_DEN_KC,1,DEN,Full Game,KC,00-0040730,R.Harvey,00-0040730,RJ Harvey,RB,3,18.0,A,15,61.0,0.2,0.29508196721311475
2026,2026_01_DEN_KC,1,KC,Full Game,DEN,00-0041013,E.Johnson,00-0041013,Emmett Johnson,RB,8,24.0,H,38,220.0,0.21052631578947367,0.10909090909090909
2026,2026_01_GB_MIN,1,MIN,Full Game,GB,00-0033293,A.Jones,00-0033293,Aaron Jones,RB,12,40.0,H,34,107.0,0.35294117647058826,0.37383177570093457
2026,2026_01_GB_MIN,1,GB,Full Game,MIN,00-0038685,C.Brooks,00-0038685,Chris Brooks,RB,7,29.0,A,21,66.0,0.3333333333333333,0.4393939393939394
2026,2026_01_GB_MIN,1,MIN,Full Game,GB,00-0037525,J.Mason,00-0037525,Jordan Mason,RB,15,59.0,H,34,107.0,0.4411764705882353,0.5514018691588785
2026,2026_01_GB_MIN,1,GB,Full Game,MIN,00-0039811,M.Lloyd,00-0039811,MarShawn Lloyd,RB,13,37.0,A,21,66.0,0.6190476190476191,0.5606060606060606
2026,2026_01_MIA_LV,1,MIA,Full Game,LV,00-0039040,D.Achane,00-0039040,De'Von Achane,RB,11,36.0,A,18,74.0,0.6111111111111112,0.4864864864864865
2026,2026_01_MIA_LV,1,LV,Full Game,MIA,00-0040122,A.Jeanty,00-0040122,Ashton Jeanty,RB,23,102.0,H,37,130.0,0.6216216216216216,0.7846153846153846
2026,2026_01_MIA_LV,1,LV,Full Game,MIA,00-0037304,C.Heyward,00-0037304,Connor Heyward,RB,1,1.0,H,37,130.0,0.02702702702702703,0.007692307692307693
2026,2026_01_MIA_LV,1,LV,Full Game,MIA,00-0040878,M.Washington,00-0040878,Mike Washington Jr.,RB,7,41.0,H,37,130.0,0.1891891891891892,0.3153846153846154
2026,2026_01_MIA_LV,1,MIA,Full Game,LV,00-0039874,J.Wright,00-0039874,Jaylen Wright,RB,1,-1.0,A,18,74.0,0.05555555555555555,-0.013513513513513514
2026,2026_01_NE_SEA,1,SEA,Full Game,NE,00-0041512,J.Price,00-0041512,Jadarian Price,RB,10,52.0,H,22,97.0,0.45454545454545453,0.5360824742268041
2026,2026_01_NE_SEA,1,SEA,Full Game,NE,00-0039299,G.Holani,00-0039299,George Holani,RB,8,29.0,H,22,97.0,0.36363636363636365,0.29896907216494845
2026,2026_01_NE_SEA,1,NE,Full Game,SEA,00-0036875,R.Stevenson,00-0036875,Rhamondre Stevenson,RB,18,51.0,A,31,109.0,0.5806451612903226,0.46788990825688076
2026,2026_01_NE_SEA,1,SEA,Full Game,NE,00-0038797,E.Wilson,00-0038797,Emanuel Wilson,RB,2,3.0,H,22,97.0,0.09090909090909091,0.030927835051546393
2026,2026_01_NE_SEA,1,NE,Full Game,SEA,00-0040556,C.Kiner,00-0040556,Corey Kiner,RB,6,11.0,A,31,109.0,0.1935483870967742,0.10091743119266056
2026,2026_01_NO_DET,1,DET,Full Game,NO,00-0039139,J.Gibbs,00-0039139,Jahmyr Gibbs,RB,29,156.0,H,33,165.0,0.8787878787878788,0.9454545454545454
2026,2026_01_NO_DET,1,NO,Full Game,DET,00-0036973,T.Etienne,00-0036973,Travis Etienne,RB,9,46.0,A,25,91.0,0.36,0.5054945054945055
2026,2026_01_NO_DET,1,NO,Full Game,DET,00-0041326,C.Donaldson,00-0041326,CJ Donaldson,RB,2,4.0,A,25,91.0,0.08,0.04395604395604396
2026,2026_01_NO_DET,1,NO,Full Game,DET,00-0038551,K.Miller,00-0038551,Kendre Miller,RB,9,30.0,A,25,91.0,0.36,0.32967032967032966
2026,2026_01_NO_DET,1,DET,Full Game,NO,00-0039364,S.Vaki,00-0039364,Sione Vaki,RB,2,7.0,H,33,165.0,0.06060606060606061,0.04242424242424243
2026,2026_01_NYJ_TEN,1,NYJ,Full Game,TEN,00-0038120,B.Hall,00-0038120,Breece Hall,RB,22,102.0,A,39,152.0,0.5641025641025641,0.6710526315789473
2026,2026_01_NYJ_TEN,1,TEN,Full Game,NYJ,00-0035261,T.Pollard,00-0035261,Tony Pollard,RB,7,35.0,H,14,68.0,0.5,0.5147058823529411
2026,2026_01_NYJ_TEN,1,TEN,Full Game,NYJ,00-0039032,T.Spears,00-0039032,Tyjae Spears,RB,3,12.0,H,14,68.0,0.21428571428571427,0.17647058823529413
2026,2026_01_NYJ_TEN,1,NYJ,Full Game,TEN,00-0039794,B.Allen,00-0039794,Braelon Allen,RB,10,40.0,A,39,152.0,0.2564102564102564,0.2631578947368421
2026,2026_01_SF_LA,1,LA,Full Game,SF,00-0037840,K.Williams,00-0037840,Kyren Williams,RB,11,41.0,H,29,122.0,0.3793103448275862,0.3360655737704918
2026,2026_01_SF_LA,1,SF,Full Game,LA,00-0033280,C.McCaffrey,00-0033280,Christian McCaffrey,RB,10,68.0,A,30,174.0,0.3333333333333333,0.39080459770114945
2026,2026_01_SF_LA,1,SF,Full Game,LA,00-0041052,K.Black,00-0041052,Kaelon Black,RB,14,65.0,A,30,174.0,0.4666666666666667,0.3735632183908046
2026,2026_01_SF_LA,1,LA,Full Game,SF,00-0039738,B.Corum,00-0039738,Blake Corum,RB,10,54.0,H,29,122.0,0.3448275862068966,0.4426229508196721
2026,2026_01_SF_LA,1,LA,Full Game,SF,00-0037557,R.Rivers,00-0037557,Ronnie Rivers,RB,5,19.0,H,29,122.0,0.1724137931034483,0.1557377049180328
2026,2026_01_TB_CIN,1,TB,Full Game,CIN,00-0039361,B.Irving,00-0039361,Bucky Irving,RB,8,45.0,A,20,89.0,0.4,0.5056179775280899
2026,2026_01_TB_CIN,1,TB,Full Game,CIN,00-0036919,K.Gainwell,00-0036919,Kenny Gainwell,RB,5,15.0,A,20,89.0,0.25,0.16853932584269662
2026,2026_01_TB_CIN,1,CIN,Full Game,TB,00-0038597,C.Brown,00-0038597,Chase Brown,RB,16,56.0,H,27,106.0,0.5925925925925926,0.5283018867924528
2026,2026_01_TB_CIN,1,CIN,Full Game,TB,00-0033526,S.Perine,00-0033526,Samaje Perine,RB,5,20.0,H,27,106.0,0.18518518518518517,0.18867924528301888
2026,2026_01_WAS_PHI,1,WAS,Full Game,PHI,00-0040242,J.Croskey-Merritt,00-0040242,Jacory Croskey-Merritt,RB,16,63.0,A,32,132.0,0.5,0.4772727272727273
2026,2026_01_WAS_PHI,1,WAS,Full Game,PHI,00-0037256,R.White,00-0037256,Rachaad White,RB,7,22.0,A,32,132.0,0.21875,0.16666666666666666
2026,2026_01_WAS_PHI,1,PHI,Full Game,WAS,00-0034844,S.Barkley,00-0034844,Saquon Barkley,RB,15,83.0,H,25,136.0,0.6,0.6102941176470589
2026,2026_01_WAS_PHI,1,PHI,Full Game,WAS,00-0038555,T.Bigsby,00-0038555,Tank Bigsby,RB,1,3.0,H,25,136.0,0.04,0.022058823529411766
2026,2026_01_WAS_PHI,1,WAS,Full Game,PHI,00-0041096,K.Allen,00-0041096,Kaytron Allen,RB,4,16.0,A,32,132.0,0.125,0.12121212121212122
2026,2026_01_WAS_PHI,1,PHI,Full Game,WAS,00-0039746,W.Shipley,00-0039746,Will Shipley,RB,2,4.0,H,25,136.0,0.08,0.029411764705882353
2026,2026_02_CAR_ATL,2,CAR,Full Game,ATL,00-0036555,C.Hubbard,00-0036555,Chuba Hubbard,RB,12,53.0,A,22,68.0,0.5454545454545454,0.7794117647058824
2026,2026_02_CAR_ATL,2,ATL,Full Game,CAR,00-0038542,Bi.Robinson,00-0038542,Bijan Robinson,RB,16,72.0,H,32,157.0,0.5,0.4585987261146497
2026,2026_02_CAR_ATL,2,CAR,Full Game,ATL,00-0039344,J.Brooks,00-0039344,Jonathon Brooks,RB,5,16.0,A,22,68.0,0.22727272727272727,0.23529411764705882
2026,2026_02_CAR_ATL,2,ATL,Full Game,CAR,00-0037746,Br.Robinson,00-0037746,Brian Robinson,RB,11,51.0,H,32,157.0,0.34375,0.3248407643312102
2026,2026_02_CAR_ATL,2,CAR,Full Game,ATL,00-0036265,A.Dillon,00-0036265,AJ Dillon,RB,3,-3.0,A,22,68.0,0.13636363636363635,-0.04411764705882353
2026,2026_02_CIN_HOU,2,HOU,Full Game,CIN,00-0035685,D.Montgomery,00-0035685,David Montgomery,RB,6,10.0,H,18,60.0,0.3333333333333333,0.16666666666666666
2026,2026_02_CIN_HOU,2,CIN,Full Game,HOU,00-0033526,S.Perine,00-0033526,Samaje Perine,RB,2,6.0,A,23,85.0,0.08695652173913043,0.07058823529411765
2026,2026_02_CIN_HOU,2,CIN,Full Game,HOU,00-0038597,C.Brown,00-0038597,Chase Brown,RB,20,80.0,A,23,85.0,0.8695652173913043,0.9411764705882353
2026,2026_02_CIN_HOU,2,HOU,Full Game,CIN,00-0040583,W.Marks,00-0040583,Woody Marks,RB,8,8.0,H,18,60.0,0.4444444444444444,0.13333333333333333
2026,2026_02_CLE_TB,2,CLE,Full Game,TB,00-0040784,Q.Judkins,00-0040784,Quinshon Judkins,RB,12,21.0,A,23,44.0,0.5217391304347826,0.4772727272727273
2026,2026_02_CLE_TB,2,TB,Full Game,CLE,00-0039361,B.Irving,00-0039361,Bucky Irving,RB,17,89.0,H,25,137.0,0.68,0.6496350364963503
2026,2026_02_CLE_TB,2,CLE,Full Game,TB,00-0040466,R.Sanders,00-0040466,Raheim Sanders,RB,2,4.0,A,23,44.0,0.08695652173913043,0.09090909090909091
2026,2026_02_CLE_TB,2,TB,Full Game,CLE,00-0036919,K.Gainwell,00-0036919,Kenny Gainwell,RB,2,10.0,H,25,137.0,0.08,0.072992700729927
2026,2026_02_CLE_TB,2,CLE,Full Game,TB,00-0038794,J.McLaughlin,00-0038794,Jaleel McLaughlin,RB,1,3.0,A,23,44.0,0.043478260869565216,0.06818181818181818
2026,2026_02_DET_BUF,2,BUF,Full Game,DET,00-0037248,J.Cook,00-0037248,James Cook,RB,21,135.0,H,36,203.0,0.5833333333333334,0.6650246305418719
2026,2026_02_DET_BUF,2,DET,Full Game,BUF,00-0039139,J.Gibbs,00-0039139,Jahmyr Gibbs,RB,16,52.0,A,20,66.0,0.8,0.7878787878787878
2026,2026_02_DET_BUF,2,DET,Full Game,BUF,00-0039364,S.Vaki,00-0039364,Sione Vaki,RB,1,7.0,A,20,66.0,0.05,0.10606060606060606
2026,2026_02_GB_NYJ,2,NYJ,Full Game,GB,00-0038120,B.Hall,00-0038120,Breece Hall,RB,16,29.0,H,27,67.0,0.5925925925925926,0.43283582089552236
2026,2026_02_GB_NYJ,2,GB,Full Game,NYJ,00-0040142,K.Johnson,00-0040142,Kaleb Johnson,RB,8,32.0,A,18,63.0,0.4444444444444444,0.5079365079365079
2026,2026_02_GB_NYJ,2,GB,Full Game,NYJ,00-0039811,M.Lloyd,00-0039811,MarShawn Lloyd,RB,6,20.0,A,18,63.0,0.3333333333333333,0.31746031746031744
2026,2026_02_GB_NYJ,2,NYJ,Full Game,GB,00-0039794,B.Allen,00-0039794,Braelon Allen,RB,5,7.0,H,27,67.0,0.18518518518518517,0.1044776119402985
2026,2026_02_GB_NYJ,2,GB,Full Game,NYJ,00-0038685,C.Brooks,00-0038685,Chris Brooks,RB,4,11.0,A,18,63.0,0.2222222222222222,0.1746031746031746
2026,2026_02_IND_KC,2,IND,Full Game,KC,00-0036223,J.Taylor,00-0036223,Jonathan Taylor,RB,24,92.0,A,32,119.0,0.75,0.773109243697479
2026,2026_02_IND_KC,2,KC,Full Game,IND,00-0038134,K.Walker,00-0038134,Kenneth Walker III,RB,24,117.0,H,29,152.0,0.8275862068965517,0.7697368421052632
2026,2026_02_IND_KC,2,IND,Full Game,KC,00-0041125,S.McGowan,00-0041125,Seth McGowan,RB,2,0.0,A,32,119.0,0.0625,0.0
2026,2026_02_IND_KC,2,KC,Full Game,IND,00-0041013,E.Johnson,00-0041013,Emmett Johnson,RB,2,15.0,H,29,152.0,0.06896551724137931,0.09868421052631579
2026,2026_02_JAX_DEN,2,DEN,Full Game,JAX,00-0036158,J.Dobbins,00-0036158,J.K. Dobbins,RB,10,36.0,H,28,104.0,0.35714285714285715,0.34615384615384615
2026,2026_02_JAX_DEN,2,JAX,Full Game,DEN,00-0040719,B.Tuten,00-0040719,Bhayshul Tuten,RB,13,65.0,A,24,95.0,0.5416666666666666,0.6842105263157895
2026,2026_02_JAX_DEN,2,JAX,Full Game,DEN,00-0038611,C.Rodriguez,00-0038611,Chris Rodriguez Jr.,RB,6,13.0,A,24,95.0,0.25,0.1368421052631579
2026,2026_02_JAX_DEN,2,DEN,Full Game,JAX,00-0041496,J.Coleman,00-0041496,Jonah Coleman,RB,10,39.0,H,28,104.0,0.35714285714285715,0.375
2026,2026_02_JAX_DEN,2,JAX,Full Game,DEN,00-0032104,A.Abdullah,00-0032104,Ameer Abdullah,RB,3,11.0,A,24,95.0,0.125,0.11578947368421053
2026,2026_02_JAX_DEN,2,DEN,Full Game,JAX,00-0037085,T.Badie,00-0037085,Tyler Badie,RB,1,1.0,H,28,104.0,0.03571428571428571,0.009615384615384616
2026,2026_02_LV_LAC,2,LAC,Full Game,LV,00-0040666,O.Hampton,00-0040666,Omarion Hampton,RB,23,94.0,H,32,127.0,0.71875,0.7401574803149606
2026,2026_02_LV_LAC,2,LV,Full Game,LAC,00-0040122,A.Jeanty,00-0040122,Ashton Jeanty,RB,21,48.0,A,29,57.0,0.7241379310344828,0.8421052631578947
2026,2026_02_LV_LAC,2,LAC,Full Game,LV,00-0038454,K.Mitchell,00-0038454,Keaton Mitchell,RB,5,24.0,H,32,127.0,0.15625,0.1889763779527559
2026,2026_02_LV_LAC,2,LV,Full Game,LAC,00-0040878,M.Washington,00-0040878,Mike Washington Jr.,RB,3,7.0,A,29,57.0,0.10344827586206896,0.12280701754385964
2026,2026_02_LV_LAC,2,LV,Full Game,LAC,00-0037304,C.Heyward,00-0037304,Connor Heyward,RB,1,1.0,A,29,57.0,0.034482758620689655,0.017543859649122806
2026,2026_02_MIA_SF,2,MIA,Full Game,SF,00-0039040,D.Achane,00-0039040,De'Von Achane,RB,20,74.0,A,29,102.0,0.6896551724137931,0.7254901960784313
2026,2026_02_MIA_SF,2,SF,Full Game,MIA,00-0033280,C.McCaffrey,00-0033280,Christian McCaffrey,RB,10,23.0,H,27,95.0,0.37037037037037035,0.24210526315789474
2026,2026_02_MIA_SF,2,SF,Full Game,MIA,00-0041052,K.Black,00-0041052,Kaelon Black,RB,7,25.0,H,27,95.0,0.25925925925925924,0.2631578947368421
2026,2026_02_MIA_SF,2,MIA,Full Game,SF,00-0039874,J.Wright,00-0039874,Jaylen Wright,RB,2,11.0,A,29,102.0,0.06896551724137931,0.10784313725490197
2026,2026_02_MIA_SF,2,MIA,Full Game,SF,00-0040198,O.Gordon,00-0040198,Ollie Gordon II,RB,3,7.0,A,29,102.0,0.10344827586206896,0.06862745098039216
2026,2026_02_MIA_SF,2,SF,Full Game,MIA,00-0040177,J.James,00-0040177,Jordan James,RB,4,15.0,H,27,95.0,0.14814814814814814,0.15789473684210525
2026,2026_02_MIN_CHI,2,MIN,Full Game,CHI,00-0033293,A.Jones,00-0033293,Aaron Jones,RB,23,105.0,A,28,119.0,0.8214285714285714,0.8823529411764706
2026,2026_02_MIN_CHI,2,CHI,Full Game,MIN,00-0036275,D.Swift,00-0036275,D'Andre Swift,RB,16,45.0,H,31,134.0,0.5161290322580645,0.3358208955223881
2026,2026_02_MIN_CHI,2,CHI,Full Game,MIN,00-0040236,K.Monangai,00-0040236,Kyle Monangai,RB,10,47.0,H,31,134.0,0.3225806451612903,0.35074626865671643
2026,2026_02_MIN_CHI,2,MIN,Full Game,CHI,00-0036425,D.Dallas,00-0036425,DeeJay Dallas,RB,2,8.0,A,28,119.0,0.07142857142857142,0.06722689075630252
2026,2026_02_NO_BAL,2,BAL,Full Game,NO,00-0032764,D.Henry,00-0032764,Derrick Henry,RB,16,68.0,H,22,108.0,0.7272727272727273,0.6296296296296297
2026,2026_02_NO_BAL,2,NO,Full Game,BAL,00-0036973,T.Etienne,00-0036973,Travis Etienne,RB,8,25.0,A,27,65.0,0.2962962962962963,0.38461538461538464
2026,2026_02_NO_BAL,2,NO,Full Game,BAL,00-0041326,C.Donaldson,00-0041326,CJ Donaldson,RB,1,2.0,A,27,65.0,0.037037037037037035,0.03076923076923077
2026,2026_02_NO_BAL,2,NO,Full Game,BAL,00-0033906,A.Kamara,00-0033906,Alvin Kamara,RB,9,15.0,A,27,65.0,0.3333333333333333,0.23076923076923078
2026,2026_02_NO_BAL,2,BAL,Full Game,NO,00-0034975,J.Hill,00-0034975,Justice Hill,RB,2,6.0,H,22,108.0,0.09090909090909091,0.05555555555555555
2026,2026_02_NYG_LA,2,NYG,Full Game,LA,00-0040715,C.Skattebo,00-0040715,Cam Skattebo,RB,12,36.0,A,21,52.0,0.5714285714285714,0.6923076923076923
2026,2026_02_NYG_LA,2,LA,Full Game,NYG,00-0037840,K.Williams,00-0037840,Kyren Williams,RB,12,85.0,H,28,163.0,0.42857142857142855,0.5214723926380368
2026,2026_02_NYG_LA,2,NYG,Full Game,LA,00-0035250,D.Singletary,00-0035250,Devin Singletary,RB,3,9.0,A,21,52.0,0.14285714285714285,0.17307692307692307
2026,2026_02_NYG_LA,2,LA,Full Game,NYG,00-0039738,B.Corum,00-0039738,Blake Corum,RB,12,79.0,H,28,163.0,0.42857142857142855,0.48466257668711654
2026,2026_02_NYG_LA,2,NYG,Full Game,LA,00-0036893,N.Harris,00-0036893,Najee Harris,RB,4,6.0,A,21,52.0,0.19047619047619047,0.11538461538461539
2026,2026_02_PHI_TEN,2,TEN,Full Game,PHI,00-0035261,T.Pollard,00-0035261,Tony Pollard,RB,14,64.0,H,29,122.0,0.4827586206896552,0.5245901639344263
2026,2026_02_PHI_TEN,2,PHI,Full Game,TEN,00-0034844,S.Barkley,00-0034844,Saquon Barkley,RB,4,9.0,A,32,89.0,0.125,0.10112359550561797
2026,2026_02_PHI_TEN,2,PHI,Full Game,TEN,00-0038555,T.Bigsby,00-0038555,Tank Bigsby,RB,13,33.0,A,32,89.0,0.40625,0.3707865168539326
2026,2026_02_PHI_TEN,2,PHI,Full Game,TEN,00-0039746,W.Shipley,00-0039746,Will Shipley,RB,7,24.0,A,32,89.0,0.21875,0.2696629213483146
2026,2026_02_PHI_TEN,2,TEN,Full Game,PHI,00-0039032,T.Spears,00-0039032,Tyjae Spears,RB,7,41.0,H,29,122.0,0.2413793103448276,0.3360655737704918
2026,2026_02_PHI_TEN,2,TEN,Full Game,PHI,00-0040886,N.Singleton,00-0040886,Nicholas Singleton,RB,4,10.0,H,29,122.0,0.13793103448275862,0.08196721311475409
2026,2026_02_PIT_NE,2,PIT,Full Game,NE,00-0036139,R.Dowdle,00-0036139,Rico Dowdle,RB,7,22.0,A,23,91.0,0.30434782608695654,0.24175824175824176
2026,2026_02_PIT_NE,2,NE,Full Game,PIT,00-0036875,R.Stevenson,00-0036875,Rhamondre Stevenson,RB,6,43.0,H,28,136.0,0.21428571428571427,0.3161764705882353
2026,2026_02_PIT_NE,2,PIT,Full Game,NE,00-0037228,J.Warren,00-0037228,Jaylen Warren,RB,11,43.0,A,23,91.0,0.4782608695652174,0.4725274725274725
2026,2026_02_PIT_NE,2,NE,Full Game,PIT,00-0040734,T.Henderson,00-0040734,TreVeyon Henderson,RB,16,76.0,H,28,136.0,0.5714285714285714,0.5588235294117647
2026,2026_02_PIT_NE,2,PIT,Full Game,NE,00-0035594,T.Homer,00-0035594,Travis Homer,RB,2,16.0,A,23,91.0,0.08695652173913043,0.17582417582417584
2026,2026_02_PIT_NE,2,NE,Full Game,PIT,00-0040556,C.Kiner,00-0040556,Corey Kiner,RB,2,0.0,H,28,136.0,0.07142857142857142,0.0
2026,2026_02_SEA_ARI,2,ARI,Full Game,SEA,00-0037263,T.Allgeier,00-0037263,Tyler Allgeier,RB,5,10.0,H,17,70.0,0.29411764705882354,0.14285714285714285
2026,2026_02_SEA_ARI,2,SEA,Full Game,ARI,00-0041512,J.Price,00-0041512,Jadarian Price,RB,13,52.0,A,40,162.0,0.325,0.32098765432098764
2026,2026_02_SEA_ARI,2,ARI,Full Game,SEA,00-0041027,J.Love,00-0041027,Jeremiyah Love,RB,9,29.0,H,17,70.0,0.5294117647058824,0.4142857142857143
2026,2026_02_SEA_ARI,2,SEA,Full Game,ARI,00-0038797,E.Wilson,00-0038797,Emanuel Wilson,RB,21,92.0,A,40,162.0,0.525,0.5679012345679012
2026,2026_02_SEA_ARI,2,SEA,Full Game,ARI,00-0039299,G.Holani,00-0039299,George Holani,RB,4,13.0,A,40,162.0,0.1,0.08024691358024691
2026,2026_02_SEA_ARI,2,ARI,Full Game,SEA,00-0037157,Z.Knight,00-0037157,Bam Knight,RB,2,24.0,H,17,70.0,0.11764705882352941,0.34285714285714286
2026,2026_02_WAS_DAL,2,DAL,Full Game,WAS,00-0036997,J.Williams,00-0036997,Javonte Williams,RB,12,30.0,H,21,66.0,0.5714285714285714,0.45454545454545453
2026,2026_02_WAS_DAL,2,WAS,Full Game,DAL,00-0040242,J.Croskey-Merritt,00-0040242,Jacory Croskey-Merritt,RB,12,43.0,A,32,182.0,0.375,0.23626373626373626
2026,2026_02_WAS_DAL,2,DAL,Full Game,WAS,00-0038705,E.Demercado,00-0038705,Emari Demercado,RB,3,8.0,H,21,66.0,0.14285714285714285,0.12121212121212122
2026,2026_02_WAS_DAL,2,WAS,Full Game,DAL,00-0037256,R.White,00-0037256,Rachaad White,RB,7,43.0,A,32,182.0,0.21875,0.23626373626373626
2026,2026_02_WAS_DAL,2,DAL,Full Game,WAS,00-0038738,H.Luepke,00-0038738,Hunter Luepke,RB,1,1.0,H,21,66.0,0.047619047619047616,0.015151515151515152
2026,2026_02_WAS_DAL,2,WAS,Full Game,DAL,00-0041096,K.Allen,00-0041096,Kaytron Allen,RB,5,24.0,A,32,182.0,0.15625,0.13186813186813187
2026,2026_03_ARI_SF,3,ARI,Full Game,SF,00-0041027,J.Love,00-0041027,Jeremiyah Love,RB,21,90.0,A,27,93.0,0.7777777777777778,0.967741935483871
2026,2026_03_ARI_SF,3,SF,Full Game,ARI,00-0033280,C.McCaffrey,00-0033280,Christian McCaffrey,RB,15,75.0,H,23,140.0,0.6521739130434783,0.5357142857142857
2026,2026_03_ARI_SF,3,SF,Full Game,ARI,00-0041052,K.Black,00-0041052,Kaelon Black,RB,4,17.0,H,23,140.0,0.17391304347826086,0.12142857142857143
2026,2026_03_ARI_SF,3,ARI,Full Game,SF,00-0037263,T.Allgeier,00-0037263,Tyler Allgeier,RB,2,-1.0,A,27,93.0,0.07407407407407407,-0.010752688172043012
2026,2026_03_ATL_GB,3,ATL,Full Game,GB,00-0038542,Bi.Robinson,00-0038542,Bijan Robinson,RB,29,194.0,A,41,242.0,0.7073170731707317,0.8016528925619835
2026,2026_03_ATL_GB,3,GB,Full Game,ATL,00-0040142,K.Johnson,00-0040142,Kaleb Johnson,RB,4,6.0,H,9,17.0,0.4444444444444444,0.35294117647058826
2026,2026_03_ATL_GB,3,GB,Full Game,ATL,00-0039811,M.Lloyd,00-0039811,MarShawn Lloyd,RB,4,11.0,H,9,17.0,0.4444444444444444,0.6470588235294118
2026,2026_03_ATL_GB,3,ATL,Full Game,GB,00-0037746,Br.Robinson,00-0037746,Brian Robinson,RB,10,50.0,A,41,242.0,0.24390243902439024,0.2066115702479339
2026,2026_03_BAL_DAL,3,BAL,Full Game,DAL,00-0032764,D.Henry,00-0032764,Derrick Henry,RB,26,89.0,A,38,192.0,0.6842105263157895,0.4635416666666667
2026,2026_03_BAL_DAL,3,DAL,Full Game,BAL,00-0036997,J.Williams,00-0036997,Javonte Williams,RB,19,98.0,H,30,148.0,0.6333333333333333,0.6621621621621622
2026,2026_03_BAL_DAL,3,BAL,Full Game,DAL,00-0034975,J.Hill,00-0034975,Justice Hill,RB,5,33.0,A,38,192.0,0.13157894736842105,0.171875
2026,2026_03_BAL_DAL,3,DAL,Full Game,BAL,00-0037120,T.Goodson,00-0037120,Tyler Goodson,RB,6,22.0,H,30,148.0,0.2,0.14864864864864866
2026,2026_03_CAR_CLE,3,CAR,Full Game,CLE,00-0036555,C.Hubbard,00-0036555,Chuba Hubbard,RB,19,82.0,A,23,98.0,0.8260869565217391,0.8367346938775511
2026,2026_03_CAR_CLE,3,CLE,Full Game,CAR,00-0040784,Q.Judkins,00-0040784,Quinshon Judkins,RB,18,70.0,H,30,132.0,0.6,0.5303030303030303
2026,2026_03_CAR_CLE,3,CLE,Full Game,CAR,00-0040466,R.Sanders,00-0040466,Raheim Sanders,RB,1,17.0,H,30,132.0,0.03333333333333333,0.12878787878787878
2026,2026_03_CAR_CLE,3,CAR,Full Game,CLE,00-0036265,A.Dillon,00-0036265,AJ Dillon,RB,4,16.0,A,23,98.0,0.17391304347826086,0.16326530612244897
2026,2026_03_CIN_PIT,3,CIN,Full Game,PIT,00-0038597,C.Brown,00-0038597,Chase Brown,RB,13,61.0,A,18,83.0,0.7222222222222222,0.7349397590361446
2026,2026_03_CIN_PIT,3,CIN,Full Game,PIT,00-0033526,S.Perine,00-0033526,Samaje Perine,RB,3,9.0,A,18,83.0,0.16666666666666666,0.10843373493975904
2026,2026_03_CIN_PIT,3,PIT,Full Game,CIN,00-0037228,J.Warren,00-0037228,Jaylen Warren,RB,17,127.0,H,23,138.0,0.7391304347826086,0.9202898550724637
2026,2026_03_CIN_PIT,3,PIT,Full Game,CIN,00-0035594,T.Homer,00-0035594,Travis Homer,RB,1,0.0,H,23,138.0,0.043478260869565216,0.0
2026,2026_03_CIN_PIT,3,PIT,Full Game,CIN,00-0038409,L.Nichols,00-0038409,Lew Nichols III,RB,1,0.0,H,23,138.0,0.043478260869565216,0.0
2026,2026_03_HOU_IND,3,HOU,Full Game,IND,00-0035685,D.Montgomery,00-0035685,David Montgomery,RB,11,33.0,A,21,70.0,0.5238095238095238,0.4714285714285714
2026,2026_03_HOU_IND,3,IND,Full Game,HOU,00-0036223,J.Taylor,00-0036223,Jonathan Taylor,RB,23,68.0,H,31,89.0,0.7419354838709677,0.7640449438202247
2026,2026_03_HOU_IND,3,HOU,Full Game,IND,00-0040583,W.Marks,00-0040583,Woody Marks,RB,5,15.0,A,21,70.0,0.23809523809523808,0.21428571428571427
2026,2026_03_HOU_IND,3,IND,Full Game,HOU,00-0041125,S.McGowan,00-0041125,Seth McGowan,RB,4,14.0,H,31,89.0,0.12903225806451613,0.15730337078651685
2026,2026_03_KC_MIA,3,KC,Full Game,MIA,00-0038134,K.Walker,00-0038134,Kenneth Walker III,RB,18,70.0,A,25,88.0,0.72,0.7954545454545454
2026,2026_03_KC_MIA,3,MIA,Full Game,KC,00-0039040,D.Achane,00-0039040,De'Von Achane,RB,3,17.0,H,31,119.0,0.0967741935483871,0.14285714285714285
2026,2026_03_KC_MIA,3,MIA,Full Game,KC,00-0040198,O.Gordon,00-0040198,Ollie Gordon II,RB,17,41.0,H,31,119.0,0.5483870967741935,0.3445378151260504
2026,2026_03_KC_MIA,3,KC,Full Game,MIA,00-0041013,E.Johnson,00-0041013,Emmett Johnson,RB,6,17.0,A,25,88.0,0.24,0.19318181818181818
2026,2026_03_LAC_BUF,3,BUF,Full Game,LAC,00-0037248,J.Cook,00-0037248,James Cook,RB,24,154.0,H,33,176.0,0.7272727272727273,0.875
2026,2026_03_LAC_BUF,3,LAC,Full Game,BUF,00-0040666,O.Hampton,00-0040666,Omarion Hampton,RB,15,56.0,A,28,131.0,0.5357142857142857,0.42748091603053434
2026,2026_03_LAC_BUF,3,LAC,Full Game,BUF,00-0039391,K.Vidal,00-0039391,Kimani Vidal,RB,1,6.0,A,28,131.0,0.03571428571428571,0.04580152671755725
2026,2026_03_LAC_BUF,3,LAC,Full Game,BUF,00-0038454,K.Mitchell,00-0038454,Keaton Mitchell,RB,8,52.0,A,28,131.0,0.2857142857142857,0.3969465648854962
2026,2026_03_LA_DEN,3,LA,Full Game,DEN,00-0037840,K.Williams,00-0037840,Kyren Williams,RB,15,88.0,A,23,116.0,0.6521739130434783,0.7586206896551724
2026,2026_03_LA_DEN,3,DEN,Full Game,LA,00-0036158,J.Dobbins,00-0036158,J.K. Dobbins,RB,17,49.0,H,25,78.0,0.68,0.6282051282051282
2026,2026_03_LA_DEN,3,LA,Full Game,DEN,00-0039738,B.Corum,00-0039738,Blake Corum,RB,6,15.0,A,23,116.0,0.2608695652173913,0.12931034482758622
2026,2026_03_LA_DEN,3,DEN,Full Game,LA,00-0037085,T.Badie,00-0037085,Tyler Badie,RB,1,2.0,H,25,78.0,0.04,0.02564102564102564
2026,2026_03_LA_DEN,3,DEN,Full Game,LA,00-0040730,R.Harvey,00-0040730,RJ Harvey,RB,2,6.0,H,25,78.0,0.08,0.07692307692307693
2026,2026_03_LV_NO,3,NO,Full Game,LV,00-0036973,T.Etienne,00-0036973,Travis Etienne,RB,13,57.0,H,28,148.0,0.4642857142857143,0.38513513513513514
2026,2026_03_LV_NO,3,LV,Full Game,NO,00-0040122,A.Jeanty,00-0040122,Ashton Jeanty,RB,19,56.0,A,27,113.0,0.7037037037037037,0.49557522123893805
2026,2026_03_LV_NO,3,LV,Full Game,NO,00-0040878,M.Washington,00-0040878,Mike Washington Jr.,RB,5,54.0,A,27,113.0,0.18518518518518517,0.4778761061946903
2026,2026_03_LV_NO,3,NO,Full Game,LV,00-0041326,C.Donaldson,00-0041326,CJ Donaldson,RB,1,5.0,H,28,148.0,0.03571428571428571,0.033783783783783786
2026,2026_03_LV_NO,3,NO,Full Game,LV,00-0033906,A.Kamara,00-0033906,Alvin Kamara,RB,9,36.0,H,28,148.0,0.32142857142857145,0.24324324324324326
2026,2026_03_LV_NO,3,NO,Full Game,LV,00-0038551,K.Miller,00-0038551,Kendre Miller,RB,4,14.0,H,28,148.0,0.14285714285714285,0.0945945945945946
2026,2026_03_MIN_TB,3,MIN,Full Game,TB,00-0033293,A.Jones,00-0033293,Aaron Jones,RB,17,58.0,A,23,78.0,0.7391304347826086,0.7435897435897436
2026,2026_03_MIN_TB,3,TB,Full Game,MIN,00-0039361,B.Irving,00-0039361,Bucky Irving,RB,15,46.0,H,21,57.0,0.7142857142857143,0.8070175438596491
2026,2026_03_MIN_TB,3,MIN,Full Game,TB,00-0041104,D.Claiborne,00-0041104,Demond Claiborne,RB,3,1.0,A,23,78.0,0.13043478260869565,0.01282051282051282
2026,2026_03_MIN_TB,3,TB,Full Game,MIN,00-0036919,K.Gainwell,00-0036919,Kenny Gainwell,RB,3,-4.0,H,21,57.0,0.14285714285714285,-0.07017543859649122
2026,2026_03_MIN_TB,3,MIN,Full Game,TB,00-0036425,D.Dallas,00-0036425,DeeJay Dallas,RB,1,2.0,A,23,78.0,0.043478260869565216,0.02564102564102564
2026,2026_03_NE_JAX,3,NE,Full Game,JAX,00-0040734,T.Henderson,00-0040734,TreVeyon Henderson,RB,8,23.0,A,26,83.0,0.3076923076923077,0.27710843373493976
2026,2026_03_NE_JAX,3,JAX,Full Game,NE,00-0040719,B.Tuten,00-0040719,Bhayshul Tuten,RB,15,73.0,H,30,137.0,0.5,0.5328467153284672
2026,2026_03_NE_JAX,3,NE,Full Game,JAX,00-0036875,R.Stevenson,00-0036875,Rhamondre Stevenson,RB,7,22.0,A,26,83.0,0.2692307692307692,0.26506024096385544
2026,2026_03_NE_JAX,3,JAX,Full Game,NE,00-0038611,C.Rodriguez,00-0038611,Chris Rodriguez Jr.,RB,8,37.0,H,30,137.0,0.26666666666666666,0.27007299270072993
2026,2026_03_NE_JAX,3,NE,Full Game,JAX,00-0040556,C.Kiner,00-0040556,Corey Kiner,RB,6,18.0,A,26,83.0,0.23076923076923078,0.21686746987951808
2026,2026_03_NE_JAX,3,JAX,Full Game,NE,00-0032104,A.Abdullah,00-0032104,Ameer Abdullah,RB,3,2.0,H,30,137.0,0.1,0.014598540145985401
2026,2026_03_NYJ_DET,3,NYJ,Full Game,DET,00-0038120,B.Hall,00-0038120,Breece Hall,RB,13,32.0,A,19,58.0,0.6842105263157895,0.5517241379310345
2026,2026_03_NYJ_DET,3,DET,Full Game,NYJ,00-0039139,J.Gibbs,00-0039139,Jahmyr Gibbs,RB,20,99.0,H,30,131.0,0.6666666666666666,0.7557251908396947
2026,2026_03_NYJ_DET,3,DET,Full Game,NYJ,00-0039364,S.Vaki,00-0039364,Sione Vaki,RB,6,26.0,H,30,131.0,0.2,0.1984732824427481
2026,2026_03_NYJ_DET,3,NYJ,Full Game,DET,00-0039794,B.Allen,00-0039794,Braelon Allen,RB,4,14.0,A,19,58.0,0.21052631578947367,0.2413793103448276
2026,2026_03_PHI_CHI,3,CHI,Full Game,PHI,00-0036275,D.Swift,00-0036275,D'Andre Swift,RB,20,84.0,H,35,128.0,0.5714285714285714,0.65625
2026,2026_03_PHI_CHI,3,PHI,Full Game,CHI,00-0034844,S.Barkley,00-0034844,Saquon Barkley,RB,15,82.0,A,19,107.0,0.7894736842105263,0.7663551401869159
2026,2026_03_PHI_CHI,3,CHI,Full Game,PHI,00-0040236,K.Monangai,00-0040236,Kyle Monangai,RB,10,31.0,H,35,128.0,0.2857142857142857,0.2421875
2026,2026_03_SEA_WAS,3,SEA,Full Game,WAS,00-0041512,J.Price,00-0041512,Jadarian Price,RB,5,15.0,A,18,44.0,0.2777777777777778,0.3409090909090909
2026,2026_03_SEA_WAS,3,WAS,Full Game,SEA,00-0040242,J.Croskey-Merritt,00-0040242,Jacory Croskey-Merritt,RB,19,36.0,H,32,82.0,0.59375,0.43902439024390244
2026,2026_03_SEA_WAS,3,SEA,Full Game,WAS,00-0038797,E.Wilson,00-0038797,Emanuel Wilson,RB,9,14.0,A,18,44.0,0.5,0.3181818181818182
2026,2026_03_SEA_WAS,3,WAS,Full Game,SEA,00-0037256,R.White,00-0037256,Rachaad White,RB,8,35.0,H,32,82.0,0.25,0.4268292682926829
2026,2026_03_SEA_WAS,3,SEA,Full Game,WAS,00-0039299,G.Holani,00-0039299,George Holani,RB,3,10.0,A,18,44.0,0.16666666666666666,0.22727272727272727
2026,2026_03_TEN_NYG,3,NYG,Full Game,TEN,00-0040715,C.Skattebo,00-0040715,Cam Skattebo,RB,20,60.0,H,33,138.0,0.6060606060606061,0.43478260869565216
2026,2026_03_TEN_NYG,3,TEN,Full Game,NYG,00-0035261,T.Pollard,00-0035261,Tony Pollard,RB,17,74.0,A,21,81.0,0.8095238095238095,0.9135802469135802
2026,2026_03_TEN_NYG,3,TEN,Full Game,NYG,00-0039032,T.Spears,00-0039032,Tyjae Spears,RB,3,5.0,A,21,81.0,0.14285714285714285,0.06172839506172839
2026,2026_03_TEN_NYG,3,NYG,Full Game,TEN,00-0036893,N.Harris,00-0036893,Najee Harris,RB,9,52.0,H,33,138.0,0.2727272727272727,0.37681159420289856
2026,2026_03_TEN_NYG,3,NYG,Full Game,TEN,00-0039384,T.Tracy,00-0039384,Tyrone Tracy Jr.,RB,1,3.0,H,33,138.0,0.030303030303030304,0.021739130434782608
2026,2026_04_PIT_CLE,4,CLE,Full Game,PIT,00-0040784,Q.Judkins,00-0040784,Quinshon Judkins,RB,17,53.0,H,27,112.0,0.6296296296296297,0.4732142857142857
2026,2026_04_PIT_CLE,4,PIT,Full Game,CLE,00-0037228,J.Warren,00-0037228,Jaylen Warren,RB,17,93.0,A,19,92.0,0.8947368421052632,1.0108695652173914
2026,2026_04_PIT_CLE,4,PIT,Full Game,CLE,00-0035594,T.Homer,00-0035594,Travis Homer,RB,2,-1.0,A,19,92.0,0.10526315789473684,-0.010869565217391304
2026,2026_04_PIT_CLE,4,CLE,Full Game,PIT,00-0038794,J.McLaughlin,00-0038794,Jaleel McLaughlin,RB,1,28.0,H,27,112.0,0.037037037037037035,0.25
2026,2026_04_PIT_CLE,4,CLE,Full Game,PIT,00-0040466,R.Sanders,00-0040466,Raheim Sanders,RB,2,9.0,H,27,112.0,0.07407407407407407,0.08035714285714286
