player_id,player_name,player_key,team,window,rush_yds_games,rush_yds_mean,rush_yds_median,rush_yds_std,rush_yds_min,rush_yds_p25,rush_yds_p75,rush_yds_max,rush_att_mean,rush_att_median,carry_share_mean,yard_share_mean
00-0032104,Ameer Abdullah,ameer abdullah,JAX,1H,3,6.666666666666667,0.0,9.428090415820632,0.0,0.0,10.0,20.0,1.0,0.0,0.05882352941176471,0.08438818565400845
00-0032104,Ameer Abdullah,ameer abdullah,JAX,Full Game,3,15.0,11.0,12.569805089976535,2.0,6.5,21.5,32.0,3.3333333333333335,3.0,0.11666666666666665,0.12811875593281663
00-0032104,Ameer Abdullah,ameer abdullah,JAX,Q1,3,0.0,0.0,0.0,0.0,0.0,0.0,0.0,0.0,0.0,0.0,0.0
00-0032764,Derrick Henry,derrick henry,BAL,1H,3,53.666666666666664,51.0,6.79869268479038,47.0,49.0,57.0,63.0,11.666666666666666,11.0,0.7056612118531623,0.6096611721611721
00-0032764,Derrick Henry,derrick henry,BAL,Full Game,3,100.33333333333333,89.0,32.04510709747884,68.0,78.5,116.5,144.0,22.0,24.0,0.6867106340790552,0.602014194475003
00-0032764,Derrick Henry,derrick henry,BAL,Q1,3,25.0,28.0,4.96655480858378,18.0,23.0,28.5,29.0,6.666666666666667,7.0,0.8677248677248678,0.6776556776556776
00-0033280,Christian McCaffrey,christian mccaffrey,SF,1H,3,17.333333333333332,17.0,3.6817870057290873,13.0,15.0,19.5,22.0,4.666666666666667,5.0,0.48809523809523814,0.48675102747133897
00-0033280,Christian McCaffrey,christian mccaffrey,SF,Full Game,3,55.333333333333336,68.0,23.041026211713937,23.0,45.5,71.5,75.0,11.666666666666666,10.0,0.451959205582394,0.38954138219110995
00-0033280,Christian McCaffrey,christian mccaffrey,SF,Q1,3,9.333333333333334,6.0,4.714045207910316,6.0,6.0,11.0,16.0,2.6666666666666665,3.0,0.5333333333333333,0.6955436720142604
00-0033293,Aaron Jones,aaron jones,MIN,1H,3,36.0,33.0,12.027745701779143,23.0,28.0,42.5,52.0,9.0,9.0,0.6026990553306343,0.6578249336870027
00-0033293,Aaron Jones,aaron jones,MIN,Full Game,3,67.66666666666667,58.0,27.402351886086144,40.0,49.0,81.5,105.0,17.333333333333332,17.0,0.6378333942272562,0.6665914868223829
00-0033293,Aaron Jones,aaron jones,MIN,Q1,3,19.666666666666668,19.0,2.494438257849294,17.0,18.0,21.0,23.0,4.666666666666667,5.0,0.5444925444925445,0.6277006172839507
00-0033526,Samaje Perine,samaje perine,CIN,1H,3,4.666666666666667,3.0,3.0912061651652345,2.0,2.5,6.0,9.0,1.3333333333333333,1.0,0.1553030303030303,0.12338680926916222
00-0033526,Samaje Perine,samaje perine,CIN,Full Game,3,11.666666666666666,9.0,6.018490028422597,6.0,7.5,14.5,20.0,3.3333333333333335,3.0,0.14626945786366075,0.1225670718389652
00-0033526,Samaje Perine,samaje perine,CIN,Q1,3,2.3333333333333335,2.0,2.0548046676563256,0.0,1.0,3.5,5.0,0.6666666666666666,1.0,0.15,0.12433862433862435
00-0033906,Alvin Kamara,alvin kamara,NO,1H,2,3.5,3.5,6.5,-3.0,0.25,6.75,10.0,3.0,3.0,0.2467948717948718,0.09730848861283643
00-0033906,Alvin Kamara,alvin kamara,NO,Full Game,2,25.5,25.5,10.5,15.0,20.25,30.75,36.0,9.0,9.0,0.3273809523809524,0.23700623700623702
00-0033906,Alvin Kamara,alvin kamara,NO,Q1,2,3.0,3.0,3.0,0.0,1.5,4.5,6.0,1.0,1.0,0.2,0.17647058823529413
00-0034844,Saquon Barkley,saquon barkley,PHI,1H,3,45.666666666666664,64.0,32.49957264676295,0.0,32.0,68.5,73.0,7.0,9.0,0.5472027972027972,0.597948717948718
00-0034844,Saquon Barkley,saquon barkley,PHI,Full Game,3,58.0,82.0,34.650637319776195,9.0,45.5,82.5,83.0,11.333333333333334,15.0,0.5048245614035087,0.49259095111319756
00-0034844,Saquon Barkley,saquon barkley,PHI,Q1,3,8.333333333333334,9.0,6.548960901462833,0.0,4.5,12.5,16.0,2.6666666666666665,2.0,0.6414141414141414,0.5333333333333333
00-0034975,Justice Hill,justice hill,BAL,1H,3,10.333333333333334,9.0,9.030811456096044,0.0,4.5,15.5,22.0,2.6666666666666665,3.0,0.15280849181777975,0.10737179487179488
00-0034975,Justice Hill,justice hill,BAL,Full Game,3,19.0,18.0,11.045361017187261,6.0,12.0,25.5,33.0,4.333333333333333,5.0,0.12821673347989138,0.10551315548221489
00-0034975,Justice Hill,justice hill,BAL,Q1,3,0.0,0.0,0.0,0.0,0.0,0.0,0.0,0.0,0.0,0.0,0.0
00-0035250,Devin Singletary,devin singletary,NYG,1H,2,9.5,9.5,0.5,9.0,9.25,9.75,10.0,3.0,3.0,0.20089285714285715,0.1948529411764706
00-0035250,Devin Singletary,devin singletary,NYG,Full Game,2,12.5,12.5,3.5,9.0,10.75,14.25,16.0,4.5,4.5,0.1525096525096525,0.13502331002331003
00-0035250,Devin Singletary,devin singletary,NYG,Q1,2,7.0,7.0,0.0,7.0,7.0,7.0,7.0,2.0,2.0,0.25396825396825395,0.2263986013986014
00-0035261,Tony Pollard,tony pollard,TEN,1H,3,15.0,14.0,3.7416573867739413,11.0,12.5,17.0,20.0,4.666666666666667,5.0,0.6349206349206349,0.6519343229869546
00-0035261,Tony Pollard,tony pollard,TEN,Full Game,3,57.666666666666664,64.0,16.539514973407037,35.0,49.5,69.0,74.0,12.666666666666666,14.0,0.5974274767378216,0.650958764400316
00-0035261,Tony Pollard,tony pollard,TEN,Q1,3,7.666666666666667,8.0,3.6817870057290873,3.0,5.5,10.0,12.0,2.6666666666666665,3.0,0.5833333333333334,0.5734848484848485
00-0035594,Travis Homer,travis homer,PIT,1H,2,8.0,8.0,8.0,0.0,4.0,12.0,16.0,1.0,1.0,0.07142857142857142,0.16
00-0035594,Travis Homer,travis homer,PIT,Full Game,2,8.0,8.0,8.0,0.0,4.0,12.0,16.0,1.5,1.5,0.06521739130434782,0.08791208791208792
00-0035594,Travis Homer,travis homer,PIT,Q1,2,0.0,0.0,0.0,0.0,0.0,0.0,0.0,0.0,0.0,0.0,0.0
00-0035685,David Montgomery,david montgomery,HOU,1H,3,28.333333333333332,23.0,17.55625877635159,10.0,16.5,37.5,52.0,9.0,8.0,0.6447811447811448,0.4995941612443948
00-0035685,David Montgomery,david montgomery,HOU,Full Game,3,34.333333333333336,33.0,20.434176165325468,10.0,21.5,46.5,60.0,12.333333333333334,11.0,0.49404761904761907,0.37398873527905785
00-0035685,David Montgomery,david montgomery,HOU,Q1,3,10.333333333333334,7.0,5.436502143433364,6.0,6.5,12.5,18.0,4.666666666666667,3.0,0.7166666666666667,0.669859514687101
00-0036139,Rico Dowdle,rico dowdle,PIT,1H,2,12.0,12.0,1.0,11.0,11.5,12.5,13.0,4.5,4.5,0.39285714285714285,0.4195238095238095
00-0036139,Rico Dowdle,rico dowdle,PIT,Full Game,2,18.5,18.5,3.5,15.0,16.75,20.25,22.0,7.5,7.5,0.34265010351966874,0.2501894657067071
00-0036139,Rico Dowdle,rico dowdle,PIT,Q1,2,9.5,9.5,0.5,9.0,9.25,9.75,10.0,3.0,3.0,0.5,0.5278637770897833
00-0036158,J.K. Dobbins,jk dobbins,DEN,1H,3,14.666666666666666,9.0,10.96458946893235,5.0,7.0,19.5,30.0,5.0,4.0,0.5757575757575758,0.5278209109730849
00-0036158,J.K. Dobbins,jk dobbins,DEN,Full Game,3,40.333333333333336,36.0,6.128258770283412,36.0,36.0,42.5,49.0,11.666666666666666,10.0,0.5234920634920636,0.5215076362617346
00-0036158,J.K. Dobbins,jk dobbins,DEN,Q1,3,10.0,3.0,10.614455552060438,2.0,2.5,14.0,25.0,2.6666666666666665,2.0,0.6666666666666666,0.4791666666666667
00-0036223,Jonathan Taylor,jonathan taylor,IND,1H,3,42.0,32.0,23.930454794396756,19.0,25.5,53.5,75.0,11.333333333333334,11.0,0.8097165991902834,0.875
00-0036223,Jonathan Taylor,jonathan taylor,IND,Full Game,3,86.0,92.0,12.96148139681572,68.0,80.0,95.0,98.0,22.0,23.0,0.8139784946236559,0.8326461670810646
00-0036223,Jonathan Taylor,jonathan taylor,IND,Q1,3,19.333333333333332,11.0,15.456030825826172,6.0,8.5,26.0,41.0,6.666666666666667,6.0,0.8397435897435898,0.7996031746031745
00-0036265,AJ Dillon,aj dillon,CAR,1H,3,0.0,0.0,0.0,0.0,0.0,0.0,0.0,0.0,0.0,0.0,0.0
00-0036265,AJ Dillon,aj dillon,CAR,Full Game,3,13.666666666666666,16.0,12.762793146051099,-3.0,6.5,22.0,28.0,4.0,4.0,0.17918313570487485,0.11438255302120848
00-0036265,AJ Dillon,aj dillon,CAR,Q1,3,0.0,0.0,0.0,0.0,0.0,0.0,0.0,0.0,0.0,0.0,0.0
00-0036275,D'Andre Swift,dandre swift,CHI,1H,3,36.666666666666664,22.0,21.452790546272112,21.0,21.5,44.5,67.0,9.333333333333334,9.0,0.6117216117216117,0.5845925925925926
00-0036275,D'Andre Swift,dandre swift,CHI,Full Game,3,84.33333333333333,84.0,32.25247621845836,45.0,64.5,104.0,124.0,18.0,18.0,0.5163653550750325,0.4727292446701202
00-0036275,D'Andre Swift,dandre swift,CHI,Q1,3,33.333333333333336,25.0,23.213980461973534,10.0,17.5,45.0,65.0,6.333333333333333,7.0,0.648148148148148,0.5933042482750085
00-0036425,DeeJay Dallas,deejay dallas,MIN,1H,2,0.0,0.0,0.0,0.0,0.0,0.0,0.0,0.0,0.0,0.0,0.0
00-0036425,DeeJay Dallas,deejay dallas,MIN,Full Game,2,5.0,5.0,3.0,2.0,3.5,6.5,8.0,1.5,1.5,0.05745341614906832,0.04643395819866408
00-0036425,DeeJay Dallas,deejay dallas,MIN,Q1,2,0.0,0.0,0.0,0.0,0.0,0.0,0.0,0.0,0.0,0.0,0.0
00-0036555,Chuba Hubbard,chuba hubbard,CAR,1H,3,18.333333333333332,18.0,1.247219128924647,17.0,17.5,19.0,20.0,6.666666666666667,6.0,0.7857142857142857,0.8002717391304347
00-0036555,Chuba Hubbard,chuba hubbard,CAR,Full Game,3,61.333333333333336,53.0,14.704496666741854,49.0,51.0,67.5,82.0,13.666666666666666,12.0,0.6086956521739131,0.6693821528611444
00-0036555,Chuba Hubbard,chuba hubbard,CAR,Q1,3,8.333333333333334,9.0,1.699673171197595,6.0,7.5,9.5,10.0,3.3333333333333335,3.0,0.75,0.7897435897435897
00-0036875,Rhamondre Stevenson,rhamondre stevenson,NE,1H,3,11.333333333333334,9.0,4.784233364802441,7.0,8.0,13.5,18.0,4.666666666666667,3.0,0.2899293688767373,0.18328586497890295
00-0036875,Rhamondre Stevenson,rhamondre stevenson,NE,Full Game,3,38.666666666666664,43.0,12.229290885229428,22.0,32.5,47.0,51.0,10.333333333333334,7.0,0.35472054826893534,0.34970887326965716
00-0036875,Rhamondre Stevenson,rhamondre stevenson,NE,Q1,3,8.666666666666666,7.0,2.357022603955158,7.0,7.0,9.5,12.0,3.6666666666666665,2.0,0.4238095238095238,0.27730294396961064
00-0036893,Najee Harris,najee harris,NYG,1H,2,21.0,21.0,15.0,6.0,13.5,28.5,36.0,4.5,4.5,0.25,0.3609625668449198
00-0036893,Najee Harris,najee harris,NYG,Full Game,2,29.0,29.0,23.0,6.0,17.5,40.5,52.0,6.5,6.5,0.2316017316017316,0.246098104793757
00-0036893,Najee Harris,najee harris,NYG,Q1,2,0.0,0.0,0.0,0.0,0.0,0.0,0.0,0.0,0.0,0.0,0.0
00-0036919,Kenny Gainwell,kenny gainwell,TB,1H,3,6.333333333333333,9.0,4.496912521077347,0.0,4.5,9.5,10.0,1.3333333333333333,2.0,0.11616161616161617,0.10353156754955856
00-0036919,Kenny Gainwell,kenny gainwell,TB,Full Game,3,7.0,10.0,8.04155872120988,-4.0,3.0,12.5,15.0,3.3333333333333335,3.0,0.15761904761904763,0.0571188626587108
00-0036919,Kenny Gainwell,kenny gainwell,TB,Q1,3,3.0,0.0,4.242640687119285,0.0,0.0,4.5,9.0,0.6666666666666666,0.0,0.09523809523809523,0.11538461538461538
00-0036973,Travis Etienne,travis etienne,NO,1H,3,15.333333333333334,9.0,11.14550233153366,6.0,7.5,20.0,31.0,5.333333333333333,4.0,0.4331779331779331,0.2800105549466163
00-0036973,Travis Etienne,travis etienne,NO,Full Game,3,42.666666666666664,46.0,13.274871834493252,25.0,35.5,51.5,57.0,10.0,9.0,0.3735273368606702,0.42508167508167505
00-0036973,Travis Etienne,travis etienne,NO,Q1,3,8.666666666666666,9.0,4.4969125210773475,3.0,6.0,11.5,14.0,3.3333333333333335,2.0,0.5499999999999999,0.38631907308377894
00-0036997,Javonte Williams,javonte williams,DAL,1H,3,29.0,25.0,19.79898987322333,7.0,16.0,40.0,55.0,8.666666666666666,9.0,0.7190476190476192,0.49504273504273505
00-0036997,Javonte Williams,javonte williams,DAL,Full Game,3,56.333333333333336,41.0,29.80305726300948,30.0,35.5,69.5,98.0,14.333333333333334,12.0,0.6238095238095238,0.5703035050861138
00-0036997,Javonte Williams,javonte williams,DAL,Q1,3,22.0,10.0,19.131126469708992,7.0,8.5,29.5,49.0,5.666666666666667,5.0,0.8777777777777778,0.7962962962962963
00-0037085,Tyler Badie,tyler badie,DEN,1H,2,1.0,1.0,1.0,0.0,0.5,1.5,2.0,0.5,0.5,0.0625,0.047619047619047616
00-0037085,Tyler Badie,tyler badie,DEN,Full Game,2,1.5,1.5,0.5,1.0,1.25,1.75,2.0,1.0,1.0,0.03785714285714285,0.017628205128205128
00-0037085,Tyler Badie,tyler badie,DEN,Q1,2,1.0,1.0,1.0,0.0,0.5,1.5,2.0,0.5,0.5,0.125,0.125
00-0037120,Tyler Goodson,tyler goodson,DAL,1H,1,23.0,23.0,0.0,23.0,23.0,23.0,23.0,3.0,3.0,0.2,0.2948717948717949
00-0037120,Tyler Goodson,tyler goodson,DAL,Full Game,1,22.0,22.0,0.0,22.0,22.0,22.0,22.0,6.0,6.0,0.2,0.14864864864864866
00-0037120,Tyler Goodson,tyler goodson,DAL,Q1,1,0.0,0.0,0.0,0.0,0.0,0.0,0.0,0.0,0.0,0.0,0.0
00-0037157,Bam Knight,bam knight,ARI,1H,1,0.0,0.0,0.0,0.0,0.0,0.0,0.0,0.0,0.0,0.0,0.0
00-0037157,Bam Knight,bam knight,ARI,Full Game,1,24.0,24.0,0.0,24.0,24.0,24.0,24.0,2.0,2.0,0.11764705882352941,0.34285714285714286
00-0037157,Bam Knight,bam knight,ARI,Q1,1,0.0,0.0,0.0,0.0,0.0,0.0,0.0,0.0,0.0,0.0,0.0
00-0037228,Jaylen Warren,jaylen warren,PIT,1H,3,26.333333333333332,16.0,20.531818125912658,8.0,12.0,35.5,55.0,6.0,6.0,0.5687830687830688,0.5032586367880486
00-0037228,Jaylen Warren,jaylen warren,PIT,Full Game,3,72.0,46.0,38.91015291668744,43.0,44.5,86.5,127.0,12.666666666666666,11.0,0.5645272601794341,0.7286402586252662
00-0037228,Jaylen Warren,jaylen warren,PIT,Q1,3,11.0,9.0,3.559026084010437,8.0,8.5,12.5,16.0,3.3333333333333335,3.0,0.6666666666666666,0.6480908152734778
00-0037248,James Cook,james cook,BUF,1H,3,65.66666666666667,59.0,26.5497436689865,37.0,48.0,80.0,101.0,9.0,10.0,0.6339285714285715,0.7417600935415091
00-0037248,James Cook,james cook,BUF,Full Game,3,115.33333333333333,135.0,41.97088938247027,57.0,96.0,144.5,154.0,19.333333333333332,21.0,0.6432178932178932,0.7342717760720968
00-0037248,James Cook,james cook,BUF,Q1,3,29.333333333333332,26.0,6.182412330330469,24.0,25.0,32.0,38.0,5.0,4.0,0.6071428571428571,0.7640720569752828
00-0037256,Rachaad White,rachaad white,WAS,1H,3,21.666666666666668,22.0,14.29063407348401,4.0,13.0,30.5,39.0,5.0,6.0,0.2724867724867725,0.2233166416411023
00-0037256,Rachaad White,rachaad white,WAS,Full Game,3,33.333333333333336,35.0,8.65383665716478,22.0,28.5,39.0,43.0,7.333333333333333,7.0,0.22916666666666666,0.27658655707436197
00-0037256,Rachaad White,rachaad white,WAS,Q1,3,3.0,2.0,2.943920288775949,0.0,1.0,4.5,7.0,1.6666666666666667,1.0,0.23809523809523805,0.16666666666666666
00-0037263,Tyler Allgeier,tyler allgeier,ARI,1H,3,8.333333333333334,9.0,8.993825042154695,-3.0,3.0,14.0,19.0,3.6666666666666665,4.0,0.2636752136752137,0.14328923058585138
00-0037263,Tyler Allgeier,tyler allgeier,ARI,Full Game,3,23.333333333333332,10.0,27.010286106510527,-1.0,4.5,35.5,61.0,8.0,5.0,0.28939724037763254,0.21932217455020572
00-0037263,Tyler Allgeier,tyler allgeier,ARI,Q1,3,3.6666666666666665,4.0,2.8674417556808756,0.0,2.0,5.5,7.0,2.0,3.0,0.2111111111111111,0.11649580615097858
00-0037304,Connor Heyward,connor heyward,LV,1H,2,0.5,0.5,0.5,0.0,0.25,0.75,1.0,0.5,0.5,0.03571428571428571,0.006756756756756757
00-0037304,Connor Heyward,connor heyward,LV,Full Game,2,1.0,1.0,0.0,1.0,1.0,1.0,1.0,1.0,1.0,0.03075489282385834,0.01261808367071525
00-0037304,Connor Heyward,connor heyward,LV,Q1,2,0.5,0.5,0.5,0.0,0.25,0.75,1.0,0.5,0.5,0.07142857142857142,0.017241379310344827
00-0037525,Jordan Mason,jordan mason,MIN,1H,1,19.0,19.0,0.0,19.0,19.0,19.0,19.0,8.0,8.0,0.42105263157894735,0.36538461538461536
00-0037525,Jordan Mason,jordan mason,MIN,Full Game,1,59.0,59.0,0.0,59.0,59.0,59.0,59.0,15.0,15.0,0.4411764705882353,0.5514018691588785
00-0037525,Jordan Mason,jordan mason,MIN,Q1,1,5.0,5.0,0.0,5.0,5.0,5.0,5.0,4.0,4.0,0.36363636363636365,0.15625
00-0037557,Ronnie Rivers,ronnie rivers,LA,1H,1,0.0,0.0,0.0,0.0,0.0,0.0,0.0,0.0,0.0,0.0,0.0
00-0037557,Ronnie Rivers,ronnie rivers,LA,Full Game,1,19.0,19.0,0.0,19.0,19.0,19.0,19.0,5.0,5.0,0.1724137931034483,0.1557377049180328
00-0037557,Ronnie Rivers,ronnie rivers,LA,Q1,1,0.0,0.0,0.0,0.0,0.0,0.0,0.0,0.0,0.0,0.0,0.0
00-0037746,Brian Robinson,brian robinson,ATL,1H,3,19.333333333333332,20.0,7.363574011458174,10.0,15.0,24.0,28.0,4.0,4.0,0.2601010101010101,0.2844665444115296
00-0037746,Brian Robinson,brian robinson,ATL,Full Game,3,44.0,50.0,9.201449161228174,31.0,40.5,50.5,51.0,10.0,10.0,0.2926583398898505,0.2632618893041591
00-0037746,Brian Robinson,brian robinson,ATL,Q1,3,13.666666666666666,15.0,2.6246692913372702,10.0,12.5,15.5,16.0,2.6666666666666665,2.0,0.362962962962963,0.3896487499428676
00-0037840,Kyren Williams,kyren williams,LA,1H,3,41.666666666666664,31.0,19.48218559493661,25.0,28.0,50.0,69.0,6.666666666666667,7.0,0.5641025641025641,0.577954361821357
00-0037840,Kyren Williams,kyren williams,LA,Full Game,3,71.33333333333333,85.0,21.483844059096022,41.0,63.0,86.5,88.0,12.666666666666666,12.0,0.4866852288141643,0.5387195520212337
00-0037840,Kyren Williams,kyren williams,LA,Q1,3,22.333333333333332,19.0,17.30767331432956,3.0,11.0,32.0,45.0,3.3333333333333335,4.0,0.5138888888888888,0.5259240860333757
00-0038120,Breece Hall,breece hall,NYJ,1H,3,24.333333333333332,20.0,15.412837362262522,8.0,14.0,32.5,45.0,9.666666666666666,8.0,0.6983941983941984,0.6572498918266494
00-0038120,Breece Hall,breece hall,NYJ,Full Game,3,54.333333333333336,32.0,33.7276675083759,29.0,30.5,67.0,102.0,17.0,16.0,0.6136352276703154,0.5518708634685013
00-0038120,Breece Hall,breece hall,NYJ,Q1,3,15.0,11.0,8.640987597877148,7.0,9.0,19.0,27.0,5.333333333333333,6.0,0.794973544973545,0.8972222222222221
00-0038134,Kenneth Walker III,kenneth walker,KC,1H,3,60.0,52.0,21.18175315375634,39.0,45.5,70.5,89.0,10.0,10.0,0.8567251461988304,0.8601254480286739
00-0038134,Kenneth Walker III,kenneth walker,KC,Full Game,3,120.0,117.0,42.10304818735416,70.0,93.5,145.0,173.0,21.666666666666668,23.0,0.7176164549304295,0.7838516746411482
00-0038134,Kenneth Walker III,kenneth walker,KC,Q1,3,28.0,29.0,3.7416573867739413,23.0,26.0,30.5,32.0,5.0,5.0,0.9259259259259259,0.88
00-0038409,Lew Nichols III,lew nichols,PIT,1H,1,0.0,0.0,0.0,0.0,0.0,0.0,0.0,0.0,0.0,0.0,0.0
00-0038409,Lew Nichols III,lew nichols,PIT,Full Game,1,0.0,0.0,0.0,0.0,0.0,0.0,0.0,1.0,1.0,0.043478260869565216,0.0
00-0038409,Lew Nichols III,lew nichols,PIT,Q1,1,0.0,0.0,0.0,0.0,0.0,0.0,0.0,0.0,0.0,0.0,0.0
00-0038454,Keaton Mitchell,keaton mitchell,LAC,1H,3,21.666666666666668,23.0,9.843215373488935,9.0,16.0,28.0,33.0,4.333333333333333,4.0,0.28194444444444444,0.2991178448950787
00-0038454,Keaton Mitchell,keaton mitchell,LAC,Full Game,3,28.333333333333332,24.0,17.820088539498215,9.0,16.5,38.0,52.0,5.666666666666667,5.0,0.21081349206349206,0.23234468464978772
00-0038454,Keaton Mitchell,keaton mitchell,LAC,Q1,3,4.0,2.0,2.8284271247461903,2.0,2.0,5.0,8.0,1.3333333333333333,1.0,0.18703703703703703,0.17947542653425008
00-0038542,Bijan Robinson,bijan robinson,ATL,1H,3,57.333333333333336,47.0,40.2685430026411,14.0,30.5,79.0,111.0,11.333333333333334,12.0,0.6843434343434343,0.6449452202943528
00-0038542,Bijan Robinson,bijan robinson,ATL,Full Game,3,116.33333333333333,83.0,55.10192575783738,72.0,77.5,138.5,194.0,22.0,21.0,0.6282454760031471,0.6506394284477667
00-0038542,Bijan Robinson,bijan robinson,ATL,Q1,3,32.0,16.0,29.223278392404914,7.0,11.5,44.5,73.0,5.0,6.0,0.5703703703703704,0.5505221902280726
00-0038551,Kendre Miller,kendre miller,NO,1H,2,9.0,9.0,9.0,0.0,4.5,13.5,18.0,2.0,2.0,0.18181818181818182,0.2647058823529412
00-0038551,Kendre Miller,kendre miller,NO,Full Game,2,22.0,22.0,8.0,14.0,18.0,26.0,30.0,6.5,6.5,0.25142857142857145,0.21213246213246212
00-0038551,Kendre Miller,kendre miller,NO,Q1,2,1.0,1.0,1.0,0.0,0.5,1.5,2.0,0.5,0.5,0.125,0.125
00-0038555,Tank Bigsby,tank bigsby,PHI,1H,2,15.0,15.0,12.0,3.0,9.0,21.0,27.0,5.5,5.5,0.2689393939393939,0.2120879120879121
00-0038555,Tank Bigsby,tank bigsby,PHI,Full Game,2,18.0,18.0,15.0,3.0,10.5,25.5,33.0,7.0,7.0,0.223125,0.19642267019167217
00-0038555,Tank Bigsby,tank bigsby,PHI,Q1,2,7.5,7.5,7.5,0.0,3.75,11.25,15.0,3.0,3.0,0.2727272727272727,0.3
00-0038597,Chase Brown,chase brown,CIN,1H,3,31.333333333333332,27.0,7.586537784494028,25.0,26.0,34.5,42.0,6.666666666666667,7.0,0.7537878787878788,0.7432798573975045
00-0038597,Chase Brown,chase brown,CIN,Full Game,3,65.66666666666667,61.0,10.338708279513883,56.0,58.5,70.5,80.0,16.333333333333332,16.0,0.7281266774020397,0.734806038805611
00-0038597,Chase Brown,chase brown,CIN,Q1,3,16.0,16.0,2.449489742783178,13.0,14.5,17.5,19.0,3.6666666666666665,4.0,0.7833333333333333,0.7847522847522849
00-0038611,Chris Rodriguez Jr.,chris rodriguez,JAX,1H,3,13.333333333333334,13.0,1.247219128924647,12.0,12.5,14.0,15.0,4.0,4.0,0.3082956259426848,0.2551253296721722
00-0038611,Chris Rodriguez Jr.,chris rodriguez,JAX,Full Game,3,24.333333333333332,23.0,9.843215373488935,13.0,18.0,30.0,37.0,6.666666666666667,6.0,0.2347222222222222,0.19648492683452345
00-0038611,Chris Rodriguez Jr.,chris rodriguez,JAX,Q1,3,11.0,11.0,0.816496580927726,10.0,10.5,11.5,12.0,2.6666666666666665,3.0,0.37896825396825395,0.3741560798548094
00-0038685,Chris Brooks,chris brooks,GB,1H,2,12.0,12.0,12.0,0.0,6.0,18.0,24.0,2.0,2.0,0.25,0.4
00-0038685,Chris Brooks,chris brooks,GB,Full Game,2,20.0,20.0,9.0,11.0,15.5,24.5,29.0,5.5,5.5,0.2777777777777778,0.306998556998557
00-0038685,Chris Brooks,chris brooks,GB,Q1,2,8.5,8.5,8.5,0.0,4.25,12.75,17.0,1.0,1.0,0.2,0.40476190476190477
00-0038705,Emari Demercado,emari demercado,DAL,1H,2,5.5,5.5,1.5,4.0,4.75,6.25,7.0,1.0,1.0,0.10714285714285714,0.18000000000000002
00-0038705,Emari Demercado,emari demercado,DAL,Full Game,2,7.5,7.5,0.5,7.0,7.25,7.75,8.0,2.5,2.5,0.12698412698412698,0.11133069828722003
00-0038705,Emari Demercado,emari demercado,DAL,Q1,2,0.0,0.0,0.0,0.0,0.0,0.0,0.0,0.0,0.0,0.0,0.0
00-0038738,Hunter Luepke,hunter luepke,DAL,1H,2,3.5,3.5,3.5,0.0,1.75,5.25,7.0,0.5,0.5,0.03571428571428571,0.07
00-0038738,Hunter Luepke,hunter luepke,DAL,Full Game,2,4.0,4.0,3.0,1.0,2.5,5.5,7.0,1.0,1.0,0.051587301587301584,0.058300395256917
00-0038738,Hunter Luepke,hunter luepke,DAL,Q1,2,0.0,0.0,0.0,0.0,0.0,0.0,0.0,0.0,0.0,0.0,0.0
00-0038794,Jaleel McLaughlin,jaleel mclaughlin,CLE,1H,1,0.0,0.0,0.0,0.0,0.0,0.0,0.0,0.0,0.0,0.0,0.0
00-0038794,Jaleel McLaughlin,jaleel mclaughlin,CLE,Full Game,1,3.0,3.0,0.0,3.0,3.0,3.0,3.0,1.0,1.0,0.043478260869565216,0.06818181818181818
00-0038794,Jaleel McLaughlin,jaleel mclaughlin,CLE,Q1,1,0.0,0.0,0.0,0.0,0.0,0.0,0.0,0.0,0.0,0.0,0.0
00-0038797,Emanuel Wilson,emanuel wilson,SEA,1H,3,12.0,12.0,7.3484692283495345,3.0,7.5,16.5,21.0,4.666666666666667,6.0,0.35341880341880344,0.3374965800273597
00-0038797,Emanuel Wilson,emanuel wilson,SEA,Full Game,3,36.333333333333336,14.0,39.617616732402716,3.0,8.5,53.0,92.0,10.666666666666666,9.0,0.371969696969697,0.3056702959337552
00-0038797,Emanuel Wilson,emanuel wilson,SEA,Q1,3,3.6666666666666665,3.0,3.299831645537222,0.0,1.5,5.5,8.0,1.3333333333333333,1.0,0.20370370370370372,0.18627450980392157
00-0039032,Tyjae Spears,tyjae spears,TEN,1H,3,5.333333333333333,2.0,5.436502143433364,1.0,1.5,7.5,13.0,1.6666666666666667,1.0,0.20317460317460315,0.17920602789023843
00-0039032,Tyjae Spears,tyjae spears,TEN,Full Game,3,19.333333333333332,12.0,15.584892970081281,5.0,8.5,26.5,41.0,4.333333333333333,3.0,0.19950738916256158,0.19142151902250473
00-0039032,Tyjae Spears,tyjae spears,TEN,Q1,3,1.0,1.0,0.816496580927726,0.0,0.5,1.5,2.0,0.6666666666666666,1.0,0.13888888888888887,0.08181818181818183
00-0039040,De'Von Achane,devon achane,MIA,1H,3,35.0,26.0,19.44222209522358,17.0,21.5,44.0,62.0,8.333333333333334,8.0,0.5382575757575757,0.5503795721187025
00-0039040,De'Von Achane,devon achane,MIA,Full Game,3,42.333333333333336,36.0,23.697163449568293,17.0,26.5,55.0,74.0,11.333333333333334,11.0,0.4658468256910971,0.4516112751406869
00-0039040,De'Von Achane,devon achane,MIA,Q1,3,20.666666666666668,17.0,15.326085243430198,4.0,10.5,29.0,41.0,4.333333333333333,3.0,0.537037037037037,0.49239992019009265
00-0039139,Jahmyr Gibbs,jahmyr gibbs,DET,1H,3,47.666666666666664,47.0,15.520595635763755,29.0,38.0,57.0,67.0,9.666666666666666,8.0,0.7462121212121212,0.7952903091060985
00-0039139,Jahmyr Gibbs,jahmyr gibbs,DET,Full Game,3,102.33333333333333,99.0,42.52319628417204,52.0,75.5,127.5,156.0,21.666666666666668,20.0,0.7818181818181817,0.8296861747243427
00-0039139,Jahmyr Gibbs,jahmyr gibbs,DET,Q1,3,27.333333333333332,25.0,19.25847576753905,5.0,15.0,38.5,52.0,5.0,3.0,0.7752525252525252,0.8568181818181818
00-0039299,George Holani,george holani,SEA,1H,3,9.333333333333334,5.0,9.877021593352703,0.0,2.5,14.0,23.0,2.6666666666666665,2.0,0.2094017094017094,0.17941176470588238
00-0039299,George Holani,george holani,SEA,Full Game,3,17.333333333333332,13.0,8.339997335464536,10.0,11.5,21.0,29.0,5.0,4.0,0.2101010101010101,0.20216290433930753
00-0039299,George Holani,george holani,SEA,Q1,3,4.666666666666667,0.0,6.599663291074443,0.0,0.0,7.0,14.0,1.0,0.0,0.1111111111111111,0.09150326797385622
00-0039344,Jonathon Brooks,jonathon brooks,CAR,1H,2,5.5,5.5,2.5,3.0,4.25,6.75,8.0,2.0,2.0,0.2589285714285714,0.19021739130434784
00-0039344,Jonathon Brooks,jonathon brooks,CAR,Full Game,2,15.0,15.0,1.0,14.0,14.5,15.5,16.0,4.5,4.5,0.20454545454545453,0.1736470588235294
00-0039344,Jonathon Brooks,jonathon brooks,CAR,Q1,2,4.5,4.5,1.5,3.0,3.75,5.25,6.0,1.5,1.5,0.375,0.3153846153846154
00-0039361,Bucky Irving,bucky irving,TB,1H,3,39.0,32.0,10.614455552060438,31.0,31.5,43.0,54.0,6.666666666666667,7.0,0.6126262626262626,0.7122359872695231
00-0039361,Bucky Irving,bucky irving,TB,Full Game,3,60.0,46.0,20.51016008388688,45.0,45.5,67.5,89.0,13.333333333333334,15.0,0.5980952380952381,0.6540901859613631
00-0039361,Bucky Irving,bucky irving,TB,Q1,3,28.666666666666668,21.0,11.55662388223981,20.0,20.5,33.0,45.0,4.0,4.0,0.6904761904761904,0.8231523378582203
00-0039364,Sione Vaki,sione vaki,DET,1H,3,9.666666666666666,7.0,6.79869268479038,3.0,5.0,13.0,19.0,2.0,1.0,0.17234848484848486,0.1871658312447786
00-0039364,Sione Vaki,sione vaki,DET,Full Game,3,13.333333333333334,7.0,8.956685895029603,7.0,7.0,16.5,26.0,3.0,2.0,0.10353535353535354,0.11565271030919887
00-0039364,Sione Vaki,sione vaki,DET,Q1,3,2.0,3.0,1.4142135623730951,0.0,1.5,3.0,3.0,0.6666666666666666,1.0,0.1414141414141414,0.1431818181818182
00-0039384,Tyrone Tracy Jr.,tyrone tracy,NYG,1H,2,8.5,8.5,5.5,3.0,5.75,11.25,14.0,1.5,1.5,0.09642857142857142,0.11022727272727273
00-0039384,Tyrone Tracy Jr.,tyrone tracy,NYG,Full Game,2,8.5,8.5,5.5,3.0,5.75,11.25,14.0,1.5,1.5,0.04217854217854218,0.05329380764163373
00-0039384,Tyrone Tracy Jr.,tyrone tracy,NYG,Q1,2,3.0,3.0,3.0,0.0,1.5,4.5,6.0,0.5,0.5,0.05555555555555555,0.057692307692307696
00-0039391,Kimani Vidal,kimani vidal,LAC,1H,1,6.0,6.0,0.0,6.0,6.0,6.0,6.0,1.0,1.0,0.0625,0.08108108108108109
00-0039391,Kimani Vidal,kimani vidal,LAC,Full Game,1,6.0,6.0,0.0,6.0,6.0,6.0,6.0,1.0,1.0,0.03571428571428571,0.04580152671755725
00-0039391,Kimani Vidal,kimani vidal,LAC,Q1,1,6.0,6.0,0.0,6.0,6.0,6.0,6.0,1.0,1.0,0.1111111111111111,0.17142857142857143
00-0039471,Frank Gore Jr.,frank gore,BUF,1H,1,3.0,3.0,0.0,3.0,3.0,3.0,3.0,1.0,1.0,0.08333333333333333,0.04477611940298507
00-0039471,Frank Gore Jr.,frank gore,BUF,Full Game,1,3.0,3.0,0.0,3.0,3.0,3.0,3.0,1.0,1.0,0.047619047619047616,0.03488372093023256
00-0039471,Frank Gore Jr.,frank gore,BUF,Q1,1,0.0,0.0,0.0,0.0,0.0,0.0,0.0,0.0,0.0,0.0,0.0
00-0039738,Blake Corum,blake corum,LA,1H,3,24.666666666666668,24.0,13.888444437333106,8.0,16.0,33.0,42.0,4.333333333333333,4.0,0.38644688644688646,0.38836109156306203
00-0039738,Blake Corum,blake corum,LA,Full Game,3,49.333333333333336,54.0,26.335442953471574,15.0,34.5,66.5,79.0,9.333333333333334,10.0,0.3447561933319055,0.3521986241114583
00-0039738,Blake Corum,blake corum,LA,Q1,3,11.0,8.0,5.715476066494082,6.0,7.0,13.5,19.0,2.3333333333333335,2.0,0.4444444444444444,0.419431105223455
00-0039746,Will Shipley,will shipley,PHI,1H,2,12.0,12.0,12.0,0.0,6.0,18.0,24.0,3.5,3.5,0.1590909090909091,0.17142857142857143
00-0039746,Will Shipley,will shipley,PHI,Full Game,2,14.0,14.0,10.0,4.0,9.0,19.0,24.0,4.5,4.5,0.149375,0.14953734302709848
00-0039746,Will Shipley,will shipley,PHI,Q1,2,5.5,5.5,5.5,0.0,2.75,8.25,11.0,1.5,1.5,0.13636363636363635,0.22
00-0039794,Braelon Allen,braelon allen,NYJ,1H,3,12.0,5.0,13.589211407093005,0.0,2.5,18.0,31.0,3.0,3.0,0.16783216783216784,0.2240554758488761
00-0039794,Braelon Allen,braelon allen,NYJ,Full Game,3,20.333333333333332,14.0,14.197026292697903,7.0,10.5,27.0,40.0,6.333333333333333,5.0,0.21737391912830506,0.20300493900732275
00-0039794,Braelon Allen,braelon allen,NYJ,Q1,3,0.0,0.0,0.0,0.0,0.0,0.0,0.0,0.0,0.0,0.0,0.0
00-0039811,MarShawn Lloyd,marshawn lloyd,GB,1H,3,9.0,7.0,3.559026084010437,6.0,6.5,10.5,14.0,3.0,3.0,0.425,0.39444444444444454
00-0039811,MarShawn Lloyd,marshawn lloyd,GB,Full Game,3,22.666666666666668,20.0,10.780641085864152,11.0,15.5,28.5,37.0,7.666666666666667,6.0,0.4656084656084656,0.5083750671985966
00-0039811,MarShawn Lloyd,marshawn lloyd,GB,Q1,3,3.6666666666666665,4.0,2.8674417556808756,0.0,2.0,5.5,7.0,1.6666666666666667,2.0,0.4222222222222222,0.4523809523809524
00-0039874,Jaylen Wright,jaylen wright,MIA,1H,2,5.5,5.5,5.5,0.0,2.75,8.25,11.0,1.0,1.0,0.05,0.06547619047619048
00-0039874,Jaylen Wright,jaylen wright,MIA,Full Game,2,5.0,5.0,6.0,-1.0,2.0,8.0,11.0,1.5,1.5,0.06226053639846743,0.047164811870694226
00-0039874,Jaylen Wright,jaylen wright,MIA,Q1,2,0.0,0.0,0.0,0.0,0.0,0.0,0.0,0.0,0.0,0.0,0.0
00-0039875,Ray Davis,ray davis,BUF,1H,1,3.0,3.0,0.0,3.0,3.0,3.0,3.0,1.0,1.0,0.08333333333333333,0.04477611940298507
00-0039875,Ray Davis,ray davis,BUF,Full Game,1,3.0,3.0,0.0,3.0,3.0,3.0,3.0,1.0,1.0,0.047619047619047616,0.03488372093023256
00-0039875,Ray Davis,ray davis,BUF,Q1,1,3.0,3.0,0.0,3.0,3.0,3.0,3.0,1.0,1.0,0.14285714285714285,0.0967741935483871
00-0040122,Ashton Jeanty,ashton jeanty,LV,1H,3,29.333333333333332,24.0,9.741092797468305,21.0,22.5,33.5,43.0,8.666666666666666,9.0,0.7004662004662006,0.6758365508365509
00-0040122,Ashton Jeanty,ashton jeanty,LV,Full Game,3,68.66666666666667,56.0,23.79542439676633,48.0,52.0,79.0,102.0,21.0,21.0,0.6831544187866028,0.7074319563374057
00-0040122,Ashton Jeanty,ashton jeanty,LV,Q1,3,15.333333333333334,12.0,6.944222218666553,9.0,10.5,18.5,25.0,5.0,5.0,0.8380952380952381,0.8706896551724137
00-0040142,Kaleb Johnson,kaleb johnson,GB,1H,2,13.0,13.0,8.0,5.0,9.0,17.0,21.0,4.0,4.0,0.6125,0.5083333333333333
00-0040142,Kaleb Johnson,kaleb johnson,GB,Full Game,2,19.0,19.0,13.0,6.0,12.5,25.5,32.0,6.0,6.0,0.4444444444444444,0.4304388422035481
00-0040142,Kaleb Johnson,kaleb johnson,GB,Q1,2,7.5,7.5,8.5,-1.0,3.25,11.75,16.0,1.5,1.5,0.6666666666666666,0.4166666666666667
00-0040177,Jordan James,jordan james,SF,1H,1,0.0,0.0,0.0,0.0,0.0,0.0,0.0,0.0,0.0,0.0,0.0
00-0040177,Jordan James,jordan james,SF,Full Game,1,15.0,15.0,0.0,15.0,15.0,15.0,15.0,4.0,4.0,0.14814814814814814,0.15789473684210525
00-0040177,Jordan James,jordan james,SF,Q1,1,0.0,0.0,0.0,0.0,0.0,0.0,0.0,0.0,0.0,0.0,0.0
00-0040198,Ollie Gordon II,ollie gordon,MIA,1H,2,14.5,14.5,13.5,1.0,7.75,21.25,28.0,4.5,4.5,0.275,0.20885093167701865
00-0040198,Ollie Gordon II,ollie gordon,MIA,Full Game,2,24.0,24.0,17.0,7.0,15.5,32.5,41.0,10.0,10.0,0.32591768631813123,0.20658263305322128
00-0040198,Ollie Gordon II,ollie gordon,MIA,Q1,2,8.0,8.0,8.0,0.0,4.0,12.0,16.0,2.0,2.0,0.2222222222222222,0.17391304347826086
00-0040236,Kyle Monangai,kyle monangai,CHI,1H,3,2.6666666666666665,4.0,2.6246692913372702,-1.0,1.5,4.5,5.0,3.0,3.0,0.19835164835164834,0.031654320987654326
00-0040236,Kyle Monangai,kyle monangai,CHI,Full Game,3,59.333333333333336,47.0,29.48822740612863,31.0,39.0,73.5,100.0,10.0,10.0,0.2882350624286108,0.31219212678018843
00-0040236,Kyle Monangai,kyle monangai,CHI,Q1,3,2.3333333333333335,3.0,2.494438257849294,-1.0,1.0,4.0,5.0,1.3333333333333333,1.0,0.14814814814814814,0.06831585135678703
00-0040242,Jacory Croskey-Merritt,jacory croskeymerritt,WAS,1H,3,33.666666666666664,35.0,9.843215373488933,21.0,28.0,40.0,45.0,9.333333333333334,8.0,0.5608465608465608,0.534131756603037
00-0040242,Jacory Croskey-Merritt,jacory croskeymerritt,WAS,Full Game,3,47.333333333333336,43.0,11.440668201153676,36.0,39.5,53.0,63.0,15.666666666666666,16.0,0.4895833333333333,0.384186951260122
00-0040242,Jacory Croskey-Merritt,jacory croskeymerritt,WAS,Q1,3,11.333333333333334,11.0,3.681787005729087,7.0,9.0,13.5,16.0,4.333333333333333,4.0,0.6507936507936507,0.5729166666666666
00-0040466,Raheim Sanders,raheim sanders,CLE,1H,3,6.666666666666667,3.0,7.408703590297622,0.0,1.5,10.0,17.0,0.6666666666666666,1.0,0.041353383458646614,0.11852305181558546
00-0040466,Raheim Sanders,raheim sanders,CLE,Full Game,3,7.333333333333333,4.0,6.944222218666553,1.0,2.5,10.5,17.0,1.3333333333333333,1.0,0.055248133509003074,0.07706374085684431
00-0040466,Raheim Sanders,raheim sanders,CLE,Q1,3,0.0,0.0,0.0,0.0,0.0,0.0,0.0,0.0,0.0,0.0,0.0
00-0040556,Corey Kiner,corey kiner,NE,1H,3,3.3333333333333335,0.0,4.714045207910316,0.0,0.0,5.0,10.0,1.6666666666666667,0.0,0.08771929824561403,0.052083333333333336
00-0040556,Corey Kiner,corey kiner,NE,Full Game,3,9.666666666666666,11.0,7.408703590297623,0.0,5.5,14.5,18.0,4.666666666666667,6.0,0.1652487297648588,0.10592830035739287
00-0040556,Corey Kiner,corey kiner,NE,Q1,3,0.0,0.0,0.0,0.0,0.0,0.0,0.0,0.0,0.0,0.0,0.0
00-0040583,Woody Marks,woody marks,HOU,1H,3,7.666666666666667,3.0,8.806563209081936,0.0,1.5,11.5,20.0,2.6666666666666665,3.0,0.20454545454545456,0.1093835242771413
00-0040583,Woody Marks,woody marks,HOU,Full Game,3,21.666666666666668,15.0,14.65908895153068,8.0,11.5,28.5,42.0,7.333333333333333,8.0,0.3212632275132275,0.2287762416794675
00-0040583,Woody Marks,woody marks,HOU,Q1,3,0.6666666666666666,0.0,2.494438257849294,-2.0,-1.0,2.0,4.0,1.0,1.0,0.18333333333333335,0.008939974457215838
00-0040666,Omarion Hampton,omarion hampton,LAC,1H,3,38.0,22.0,22.627416997969522,22.0,22.0,46.0,70.0,9.666666666666666,8.0,0.5833333333333334,0.5152557698457332
00-0040666,Omarion Hampton,omarion hampton,LAC,Full Game,3,64.33333333333333,56.0,21.638443156156644,43.0,49.5,75.0,94.0,16.666666666666668,15.0,0.6086309523809524,0.5661675312921198
00-0040666,Omarion Hampton,omarion hampton,LAC,Q1,3,14.0,12.0,4.320493798938574,10.0,11.0,16.0,20.0,4.666666666666667,5.0,0.6305555555555555,0.5683728036669213
00-0040715,Cam Skattebo,cam skattebo,NYG,1H,3,17.666666666666668,18.0,0.4714045207910317,17.0,17.5,18.0,18.0,8.666666666666666,7.0,0.505357142857143,0.33821301247771834
00-0040715,Cam Skattebo,cam skattebo,NYG,Full Game,3,59.0,60.0,18.384776310850235,36.0,48.0,70.5,81.0,16.666666666666668,18.0,0.5546585546585546,0.5393331306374785
00-0040715,Cam Skattebo,cam skattebo,NYG,Q1,3,12.0,15.0,4.96655480858378,5.0,10.0,15.5,16.0,5.0,5.0,0.671957671957672,0.44888444888444884
00-0040719,Bhayshul Tuten,bhayshul tuten,JAX,1H,3,33.666666666666664,37.0,13.274871834493252,16.0,26.5,42.5,48.0,6.333333333333333,6.0,0.48944193061840124,0.5600452121836182
00-0040719,Bhayshul Tuten,bhayshul tuten,JAX,Full Game,3,68.0,66.0,3.559026084010437,65.0,65.5,69.5,73.0,14.333333333333334,15.0,0.5034722222222222,0.5802889218179268
00-0040719,Bhayshul Tuten,bhayshul tuten,JAX,Q1,3,15.0,15.0,4.898979485566356,9.0,12.0,18.0,21.0,3.0,3.0,0.42857142857142855,0.4766243194192377
00-0040730,RJ Harvey,rj harvey,DEN,1H,2,9.5,9.5,3.5,6.0,7.75,11.25,13.0,2.0,2.0,0.29166666666666663,0.42546583850931674
00-0040730,RJ Harvey,rj harvey,DEN,Full Game,2,12.0,12.0,6.0,6.0,9.0,15.0,18.0,2.5,2.5,0.14,0.18600252206809584
00-0040730,RJ Harvey,rj harvey,DEN,Q1,2,8.5,8.5,4.5,4.0,6.25,10.75,13.0,1.5,1.5,0.375,0.65625
00-0040734,TreVeyon Henderson,treveyon henderson,NE,1H,2,44.0,44.0,21.0,23.0,33.5,54.5,65.0,8.0,8.0,0.6493506493506493,0.6413924050632912
00-0040734,TreVeyon Henderson,treveyon henderson,NE,Full Game,2,49.5,49.5,26.5,23.0,36.25,62.75,76.0,12.0,12.0,0.43956043956043955,0.41796598157335224
00-0040734,TreVeyon Henderson,treveyon henderson,NE,Q1,2,34.0,34.0,22.0,12.0,23.0,45.0,56.0,4.5,4.5,0.6428571428571428,0.6666666666666666
00-0040784,Quinshon Judkins,quinshon judkins,CLE,1H,3,25.666666666666668,18.0,13.767917618708921,14.0,16.0,31.5,45.0,8.333333333333334,9.0,0.6156015037593985,0.6511276185652584
00-0040784,Quinshon Judkins,quinshon judkins,CLE,Full Game,3,41.333333333333336,33.0,20.8539897594894,21.0,27.0,51.5,70.0,14.0,12.0,0.5557312252964427,0.4622953674677812
00-0040784,Quinshon Judkins,quinshon judkins,CLE,Q1,3,19.333333333333332,18.0,5.792715732327588,13.0,15.5,22.5,27.0,6.0,7.0,0.8842592592592592,1.0248226950354609
00-0040878,Mike Washington Jr.,mike washington,LV,1H,3,17.0,13.0,13.366625103842281,3.0,8.0,24.0,35.0,2.6666666666666665,3.0,0.2024642024642025,0.30249892749892754
00-0040878,Mike Washington Jr.,mike washington,LV,Full Game,3,34.0,41.0,19.8158185969358,7.0,24.0,47.5,54.0,5.0,5.0,0.15927421674548112,0.3053559130410551
00-0040878,Mike Washington Jr.,mike washington,LV,Q1,3,1.0,0.0,1.4142135623730951,0.0,0.0,1.5,3.0,0.3333333333333333,0.0,0.06666666666666667,0.08333333333333333
00-0040886,Nicholas Singleton,nicholas singleton,TEN,1H,1,0.0,0.0,0.0,0.0,0.0,0.0,0.0,0.0,0.0,0.0,0.0
00-0040886,Nicholas Singleton,nicholas singleton,TEN,Full Game,1,10.0,10.0,0.0,10.0,10.0,10.0,10.0,4.0,4.0,0.13793103448275862,0.08196721311475409
00-0040886,Nicholas Singleton,nicholas singleton,TEN,Q1,1,0.0,0.0,0.0,0.0,0.0,0.0,0.0,0.0,0.0,0.0,0.0
00-0041013,Emmett Johnson,emmett johnson,KC,1H,3,6.0,8.0,4.320493798938574,0.0,4.0,9.0,10.0,1.6666666666666667,2.0,0.10818713450292398,0.07598566308243727
00-0041013,Emmett Johnson,emmett johnson,KC,Full Game,3,18.666666666666668,17.0,3.858612300930075,15.0,16.0,20.5,24.0,5.333333333333333,6.0,0.17316394434361768,0.13365231259968102
00-0041013,Emmett Johnson,emmett johnson,KC,Q1,3,1.0,0.0,1.4142135623730951,0.0,0.0,1.5,3.0,0.3333333333333333,0.0,0.037037037037037035,0.02
00-0041027,Jeremiyah Love,jeremiyah love,ARI,1H,3,35.666666666666664,32.0,9.741092797468305,26.0,29.0,40.5,49.0,8.0,8.0,0.6162393162393163,0.7107296819436995
00-0041027,Jeremiyah Love,jeremiyah love,ARI,Full Game,3,53.333333333333336,41.0,26.386023236217735,29.0,35.0,65.5,90.0,13.666666666666666,11.0,0.5435729847494554,0.5784919752105514
00-0041027,Jeremiyah Love,jeremiyah love,ARI,Q1,3,25.0,26.0,12.675435561221029,9.0,17.5,33.0,40.0,5.666666666666667,6.0,0.6398148148148147,0.6628857621288236
00-0041052,Kaelon Black,kaelon black,SF,1H,3,13.0,5.0,16.51262143533445,-2.0,1.5,20.5,36.0,3.3333333333333335,2.0,0.2976190476190476,0.1821702524168455
00-0041052,Kaelon Black,kaelon black,SF,Full Game,3,35.666666666666664,25.0,20.997354330698162,17.0,21.0,45.0,65.0,8.333333333333334,7.0,0.2999463231347289,0.2527165615187394
00-0041052,Kaelon Black,kaelon black,SF,Q1,3,2.3333333333333335,4.0,3.091206165165235,-2.0,1.0,4.5,5.0,1.6666666666666667,2.0,0.39999999999999997,0.24563279857397502
00-0041096,Kaytron Allen,kaytron allen,WAS,1H,2,0.0,0.0,0.0,0.0,0.0,0.0,0.0,0.0,0.0,0.0,0.0
00-0041096,Kaytron Allen,kaytron allen,WAS,Full Game,2,20.0,20.0,4.0,16.0,18.0,22.0,24.0,4.5,4.5,0.140625,0.12654012654012653
00-0041096,Kaytron Allen,kaytron allen,WAS,Q1,2,0.0,0.0,0.0,0.0,0.0,0.0,0.0,0.0,0.0,0.0,0.0
00-0041104,Demond Claiborne,demond claiborne,MIN,1H,1,2.0,2.0,0.0,2.0,2.0,2.0,2.0,2.0,2.0,0.15384615384615385,0.038461538461538464
00-0041104,Demond Claiborne,demond claiborne,MIN,Full Game,1,1.0,1.0,0.0,1.0,1.0,1.0,1.0,3.0,3.0,0.13043478260869565,0.01282051282051282
00-0041104,Demond Claiborne,demond claiborne,MIN,Q1,1,2.0,2.0,0.0,2.0,2.0,2.0,2.0,2.0,2.0,0.2222222222222222,0.05263157894736842
00-0041125,Seth McGowan,seth mcgowan,IND,1H,2,0.0,0.0,0.0,0.0,0.0,0.0,0.0,1.5,1.5,0.09109311740890688,0.0
00-0041125,Seth McGowan,seth mcgowan,IND,Full Game,2,7.0,7.0,7.0,0.0,3.5,10.5,14.0,3.0,3.0,0.09576612903225806,0.07865168539325842
00-0041125,Seth McGowan,seth mcgowan,IND,Q1,2,0.0,0.0,0.0,0.0,0.0,0.0,0.0,0.0,0.0,0.0,0.0
00-0041326,CJ Donaldson,cj donaldson,NO,1H,3,3.3333333333333335,3.0,1.247219128924647,2.0,2.5,4.0,5.0,1.0,1.0,0.08372183372183373,0.0694393699508789
00-0041326,CJ Donaldson,cj donaldson,NO,Full Game,3,3.6666666666666665,4.0,1.247219128924647,2.0,3.0,4.5,5.0,1.3333333333333333,1.0,0.05091710758377425,0.036169686169686174
00-0041326,CJ Donaldson,cj donaldson,NO,Q1,3,3.3333333333333335,3.0,1.247219128924647,2.0,2.5,4.0,5.0,1.0,1.0,0.19166666666666665,0.19451871657754014
00-0041496,Jonah Coleman,jonah coleman,DEN,1H,1,1.0,1.0,0.0,1.0,1.0,1.0,1.0,2.0,2.0,0.18181818181818182,0.03125
00-0041496,Jonah Coleman,jonah coleman,DEN,Full Game,1,39.0,39.0,0.0,39.0,39.0,39.0,39.0,10.0,10.0,0.35714285714285715,0.375
00-0041496,Jonah Coleman,jonah coleman,DEN,Q1,1,0.0,0.0,0.0,0.0,0.0,0.0,0.0,0.0,0.0,0.0,0.0
00-0041512,Jadarian Price,jadarian price,SEA,1H,3,24.0,22.0,13.9522996909709,8.0,15.0,32.0,42.0,6.0,6.0,0.4371794871794872,0.4830916552667579
00-0041512,Jadarian Price,jadarian price,SEA,Full Game,3,39.666666666666664,52.0,17.441967269268172,15.0,33.5,52.0,52.0,9.333333333333334,10.0,0.3524410774410775,0.3993264064856275
00-0041512,Jadarian Price,jadarian price,SEA,Q1,3,14.666666666666666,8.0,13.888444437333106,2.0,5.0,21.0,34.0,3.6666666666666665,3.0,0.6851851851851851,0.7222222222222222
