player_id,player_name,team,window,rush_yds_games,rush_yds_mean,rush_yds_median,rush_yds_std,rush_yds_min,rush_yds_p25,rush_yds_p75,rush_yds_max,rush_yds_hit_15,rush_yds_hit_20,rush_yds_hit_25,rush_att_mean,rush_att_median,carry_share_mean,yard_share_mean,rush_yds_hit_35,rush_yds_hit_45,rush_yds_hit_55,rush_yds_hit_40,rush_yds_hit_50,rush_yds_hit_60,rush_yds_hit_70,rush_yds_hit_80,rush_yds_hit_100
00-0029892,Kyle Juszczyk,SF,Q1,2,0.0,0.0,0.0,0.0,0.0,0.0,0.0,0.0,0.0,0.0,0.0,0.0,0.0,0.0,,,,,,,,,
00-0031687,Raheem Mostert,LV,Q1,8,-0.375,0.0,0.9921567416492215,-3.0,0.0,0.0,0.0,0.0,0.0,0.0,0.125,0.0,0.017857142857142856,-0.013392857142857142,,,,,,,,,
00-0032104,Ameer Abdullah,IND,Q1,8,3.75,0.0,6.796138609534093,0.0,0.0,2.75,19.0,0.125,0.0,0.0,0.5,0.0,0.043560606060606064,0.06398809523809523,,,,,,,,,
00-0032764,Derrick Henry,BAL,Q1,17,26.11764705882353,15.0,23.02142826085189,-5.0,12.0,36.0,79.0,0.5294117647058824,0.47058823529411764,0.35294117647058826,5.294117647058823,5.0,0.7156142876731113,0.8182015030134328,,,,,,,,,
00-0032918,C.J. Ham,MIN,Q1,3,0.0,0.0,0.0,0.0,0.0,0.0,0.0,0.0,0.0,0.0,0.0,0.0,0.0,0.0,,,,,,,,,
00-0033280,Christian McCaffrey,SF,Q1,17,17.941176470588236,17.0,16.34722710156174,0.0,4.0,26.0,61.0,0.5294117647058824,0.35294117647058826,0.29411764705882354,4.235294117647059,4.0,0.6902809608691962,0.7039616818444969,,,,,,,,,
00-0033293,Aaron Jones,MIN,Q1,12,14.166666666666666,8.5,13.024549469708688,-1.0,4.5,25.25,35.0,0.4166666666666667,0.3333333333333333,0.25,4.0,3.5,0.6278439153439154,0.56770785439462,,,,,,,,,
00-0033376,Patrick Ricard,BAL,Q1,1,0.0,0.0,0.0,0.0,0.0,0.0,0.0,0.0,0.0,0.0,0.0,0.0,0.0,0.0,,,,,,,,,
00-0033526,Samaje Perine,CIN,Q1,13,8.538461538461538,6.0,9.524182861096149,0.0,0.0,12.0,34.0,0.15384615384615385,0.15384615384615385,0.07692307692307693,1.7692307692307692,2.0,0.279989454989455,0.29341699372299124,,,,,,,,,
00-0033553,James Conner,ARI,Q1,3,11.333333333333334,12.0,4.921607686744467,5.0,8.5,14.5,17.0,0.3333333333333333,0.0,0.0,4.333333333333333,5.0,0.626984126984127,0.6589861751152074,,,,,,,,,
00-0033699,Austin Ekeler,WAS,Q1,2,11.0,11.0,8.0,3.0,7.0,15.0,19.0,0.5,0.0,0.0,3.0,3.0,0.7857142857142857,0.7435897435897436,,,,,,,,,
00-0033854,Dare Ogunbowale,HOU,Q1,6,1.1666666666666667,0.0,2.608745973749755,0.0,0.0,0.0,7.0,0.0,0.0,0.0,0.3333333333333333,0.0,0.04047619047619048,0.050724637681159424,,,,,,,,,
00-0033906,Alvin Kamara,NO,Q1,11,15.909090909090908,14.0,6.8284770757141535,6.0,11.5,20.0,28.0,0.45454545454545453,0.2727272727272727,0.18181818181818182,3.909090909090909,3.0,0.6414141414141414,0.6887753069510055,,,,,,,,,
00-0033923,Kareem Hunt,KC,Q1,17,7.470588235294118,5.0,8.303915781186493,0.0,1.0,9.0,27.0,0.11764705882352941,0.11764705882352941,0.11764705882352941,1.7058823529411764,1.0,0.29498132586367876,0.3125094880285192,,,,,,,,,
00-0033955,Jeremy McNichols,WAS,Q1,15,2.1333333333333333,0.0,4.425180473406957,0.0,0.0,1.5,16.0,0.06666666666666667,0.0,0.0,0.6,0.0,0.0661111111111111,0.062291005291005286,,,,,,,,,
00-0034367,Nyheim Hines,LAC,Q1,1,0.0,0.0,0.0,0.0,0.0,0.0,0.0,0.0,0.0,0.0,0.0,0.0,0.0,0.0,,,,,,,,,
00-0034791,Nick Chubb,HOU,Q1,15,7.666666666666667,6.0,7.180219742846005,0.0,2.0,12.0,23.0,0.26666666666666666,0.13333333333333333,0.0,2.2666666666666666,3.0,0.3563492063492063,0.40522762903230564,,,,,,,,,
00-0034844,Saquon Barkley,PHI,Q1,16,23.0,19.5,18.801595676963167,0.0,15.25,28.25,82.0,0.75,0.5,0.375,4.3125,4.0,0.6001488095238096,0.5860659112317322,,,,,,,,,
00-0034959,Andrew Beck,NYJ,Q1,1,0.0,0.0,0.0,0.0,0.0,0.0,0.0,0.0,0.0,0.0,0.0,0.0,0.0,0.0,,,,,,,,,
00-0034975,Justice Hill,BAL,Q1,8,2.875,0.5,5.4872010169119925,0.0,0.0,1.75,17.0,0.125,0.0,0.0,0.875,0.5,0.109375,-0.016121031746031744,,,,,,,,,
00-0035125,Alec Ingold,MIA,Q1,2,3.0,3.0,3.0,0.0,1.5,4.5,6.0,0.0,0.0,0.0,0.5,0.5,0.045454545454545456,0.057692307692307696,,,,,,,,,
00-0035243,Miles Sanders,DAL,Q1,4,1.5,0.0,2.598076211353316,0.0,0.0,1.5,6.0,0.0,0.0,0.0,0.5,0.0,0.05555555555555555,0.022727272727272728,,,,,,,,,
00-0035250,Devin Singletary,NYG,Q1,17,5.823529411764706,2.0,8.879820441465263,0.0,0.0,7.0,34.0,0.11764705882352941,0.11764705882352941,0.058823529411764705,1.411764705882353,1.0,0.22833800186741363,0.17952235020566776,,,,,,,,,
00-0035261,Tony Pollard,TEN,Q1,17,21.941176470588236,13.0,19.90113974931585,1.0,10.0,28.0,87.0,0.47058823529411764,0.47058823529411764,0.35294117647058826,4.176470588235294,4.0,0.7565826330532213,0.8457818372479464,,,,,,,,,
00-0035291,Trayveon Williams,CLE,Q1,4,2.25,0.0,3.897114317029974,0.0,0.0,2.25,9.0,0.0,0.0,0.0,0.25,0.0,0.03571428571428571,0.08653846153846154,,,,,,,,,
00-0035291,Trayveon Williams,LAC,Q1,1,2.0,2.0,0.0,2.0,2.0,2.0,2.0,0.0,0.0,0.0,1.0,1.0,0.16666666666666666,0.09090909090909091,,,,,,,,,
00-0035311,Myles Gaskin,SEA,Q1,1,0.0,0.0,0.0,0.0,0.0,0.0,0.0,0.0,0.0,0.0,0.0,0.0,0.0,0.0,,,,,,,,,
00-0035537,Ty Johnson,BUF,Q1,17,4.176470588235294,0.0,6.617581699023639,0.0,0.0,6.0,23.0,0.11764705882352941,0.058823529411764705,0.0,0.6470588235294118,0.0,0.09780219780219779,0.16837428208425975,,,,,,,,,
00-0035567,Craig Reynolds,DET,Q1,1,0.0,0.0,0.0,0.0,0.0,0.0,0.0,0.0,0.0,0.0,0.0,0.0,0.0,0.0,,,,,,,,,
00-0035594,Travis Homer,CHI,Q1,1,0.0,0.0,0.0,0.0,0.0,0.0,0.0,0.0,0.0,0.0,0.0,0.0,0.0,0.0,,,,,,,,,
00-0035628,D'Ernest Johnson,ARI,Q1,1,0.0,0.0,0.0,0.0,0.0,0.0,0.0,0.0,0.0,0.0,0.0,0.0,0.0,0.0,,,,,,,,,
00-0035628,D'Ernest Johnson,NE,Q1,4,0.0,0.0,0.0,0.0,0.0,0.0,0.0,0.0,0.0,0.0,0.0,0.0,0.0,0.0,,,,,,,,,
00-0035685,David Montgomery,DET,Q1,17,5.647058823529412,3.0,6.192416391138897,-1.0,1.0,9.0,22.0,0.11764705882352941,0.058823529411764705,0.0,1.8235294117647058,2.0,0.30254647313470845,0.2659341136504258,,,,,,,,,
00-0035700,Josh Jacobs,GB,Q1,15,16.6,14.0,12.877888025604198,0.0,8.0,22.0,48.0,0.4666666666666667,0.4,0.2,4.266666666666667,5.0,0.5653644503644503,0.5117289904977665,,,,,,,,,
00-0036139,Rico Dowdle,CAR,Q1,17,15.058823529411764,11.0,12.927265250284417,0.0,4.0,31.0,34.0,0.4117647058823529,0.35294117647058826,0.29411764705882354,3.7058823529411766,3.0,0.5634633340515693,0.49758002886148406,,,,,,,,,
00-0036158,J.K. Dobbins,DEN,Q1,10,12.7,9.5,11.027692415006868,-2.0,4.25,20.75,32.0,0.3,0.3,0.2,2.9,3.0,0.6032142857142857,0.3953833530211626,,,,,,,,,
00-0036187,Reggie Gilliam,BUF,Q1,1,0.0,0.0,0.0,0.0,0.0,0.0,0.0,0.0,0.0,0.0,0.0,0.0,0.0,0.0,,,,,,,,,
00-0036223,Jonathan Taylor,IND,Q1,17,22.0,22.0,16.542280943797607,2.0,8.0,31.0,62.0,0.5882352941176471,0.5294117647058824,0.4117647058823529,5.0588235294117645,5.0,0.7962248535777947,0.7527501698384985,,,,,,,,,
00-0036265,AJ Dillon,PHI,Q1,5,7.2,11.0,5.1146847410177685,0.0,2.0,11.0,12.0,0.0,0.0,0.0,1.2,1.0,0.2857142857142857,0.2101785714285714,,,,,,,,,
00-0036275,D'Andre Swift,CHI,Q1,16,16.8125,17.0,12.962536161955345,-2.0,8.0,23.75,43.0,0.5625,0.375,0.25,3.8125,4.0,0.6009691697191697,0.7120465042848886,,,,,,,,,
00-0036328,Antonio Gibson,NE,Q1,5,10.4,7.0,8.935323161475472,0.0,3.0,21.0,21.0,0.4,0.4,0.0,2.2,1.0,0.3114285714285714,0.37253711201079626,,,,,,,,,
00-0036360,Clyde Edwards-Helaire,KC,Q1,2,0.0,0.0,0.0,0.0,0.0,0.0,0.0,0.0,0.0,0.0,0.5,0.5,0.0625,0.0,,,,,,,,,
00-0036414,Cam Akers,MIN,Q1,1,0.0,0.0,0.0,0.0,0.0,0.0,0.0,0.0,0.0,0.0,0.0,0.0,0.0,0.0,,,,,,,,,
00-0036425,DeeJay Dallas,CAR,Q1,1,0.0,0.0,0.0,0.0,0.0,0.0,0.0,0.0,0.0,0.0,1.0,1.0,0.14285714285714285,0.0,,,,,,,,,
00-0036425,DeeJay Dallas,JAX,Q1,1,0.0,0.0,0.0,0.0,0.0,0.0,0.0,0.0,0.0,0.0,0.0,0.0,0.0,0.0,,,,,,,,,
00-0036555,Chuba Hubbard,CAR,Q1,15,8.4,7.0,7.872314356866939,0.0,0.0,15.5,22.0,0.3333333333333333,0.13333333333333333,0.0,2.066666666666667,2.0,0.28641636141636145,0.2756509409403091,,,,,,,,,
00-0036727,Adam Prentice,DEN,Q1,8,0.5,0.0,1.3228756555322954,0.0,0.0,0.0,4.0,0.0,0.0,0.0,0.125,0.0,0.017857142857142856,0.017241379310344827,,,,,,,,,
00-0036755,Jaret Patterson,LAC,Q1,6,7.5,6.0,7.610300037887249,0.0,2.0,8.5,23.0,0.16666666666666666,0.16666666666666666,0.0,1.6666666666666667,1.5,0.24855699855699856,0.3101960174328595,,,,,,,,,
00-0036842,Kene Nwangwu,NYJ,Q1,2,4.5,4.5,4.5,0.0,2.25,6.75,9.0,0.0,0.0,0.0,2.0,2.0,0.5,0.5,,,,,,,,,
00-0036875,Rhamondre Stevenson,NE,Q1,14,21.714285714285715,18.0,20.768893537584283,-2.0,6.25,27.75,67.0,0.5,0.5,0.42857142857142855,3.2857142857142856,3.0,0.42388147566719,0.41656633950577643,,,,,,,,,
00-0036893,Najee Harris,LAC,Q1,3,6.333333333333333,6.0,5.312459150169743,0.0,3.0,9.5,13.0,0.0,0.0,0.0,1.3333333333333333,1.0,0.20952380952380953,0.22945934440187313,,,,,,,,,
00-0036906,Khalil Herbert,NYJ,Q1,3,0.0,0.0,0.0,0.0,0.0,0.0,0.0,0.0,0.0,0.0,0.0,0.0,0.0,0.0,,,,,,,,,
00-0036919,Kenneth Gainwell,PIT,Q1,16,5.625,3.5,6.333196270446701,-1.0,0.75,10.25,19.0,0.125,0.0,0.0,1.8125,2.0,0.3265625,0.2822012050974797,,,,,,,,,
00-0036924,Michael Carter,ARI,Q1,13,9.0,0.0,13.237475938817386,0.0,0.0,13.0,46.0,0.23076923076923078,0.23076923076923078,0.07692307692307693,1.9230769230769231,0.0,0.3637362637362637,0.38331881806484014,,,,,,,,,
00-0036973,Travis Etienne,JAX,Q1,17,13.058823529411764,12.0,12.060975417754639,-3.0,6.0,16.0,51.0,0.35294117647058826,0.17647058823529413,0.11764705882352941,3.6470588235294117,4.0,0.6545518207282913,0.5661493637884562,,,,,,,,,
00-0036997,Javonte Williams,DAL,Q1,16,23.9375,20.5,13.686072984972716,5.0,16.75,30.0,60.0,0.75,0.625,0.375,5.5,5.0,0.8224320818070818,0.8153523315175576,,,,,,,,,
00-0037085,Tyler Badie,DEN,Q1,4,0.75,0.0,3.2691742076555053,-3.0,-0.75,1.5,6.0,0.0,0.0,0.0,0.75,0.5,0.10256410256410256,0.024090909090909086,,,,,,,,,
00-0037120,Tyler Goodson,IND,Q1,5,0.0,0.0,0.0,0.0,0.0,0.0,0.0,0.0,0.0,0.0,0.0,0.0,0.0,0.0,,,,,,,,,
00-0037157,Bam Knight,ARI,Q1,10,10.1,4.5,11.886547017532047,-2.0,1.75,16.75,31.0,0.3,0.3,0.2,2.7,3.0,0.5051190476190476,0.4241094886975894,,,,,,,,,
00-0037197,Isiah Pacheco,KC,Q1,13,7.846153846153846,6.0,5.6411421899381855,0.0,3.0,14.0,17.0,0.23076923076923078,0.0,0.0,2.4615384615384617,2.0,0.44581807081807084,0.3533783454062092,,,,,,,,,
00-0037228,Jaylen Warren,PIT,Q1,16,15.875,13.0,12.902882429906892,0.0,6.5,22.5,48.0,0.5,0.3125,0.25,3.375,3.0,0.5727678571428572,0.61994768951723,,,,,,,,,
00-0037248,James Cook,BUF,Q1,17,28.88235294117647,23.0,23.439238978162933,-1.0,10.0,42.0,79.0,0.5882352941176471,0.5294117647058824,0.47058823529411764,4.529411764705882,4.0,0.6656144509085684,0.6303048620479449,,,,,,,,,
00-0037256,Rachaad White,TB,Q1,17,9.235294117647058,7.0,8.37032160296271,0.0,3.0,14.0,31.0,0.23529411764705882,0.17647058823529413,0.058823529411764705,2.1176470588235294,2.0,0.34232450555979965,0.3509841678881993,,,,,,,,,
00-0037258,Dameon Pierce,HOU,Q1,2,1.0,1.0,1.0,0.0,0.5,1.5,2.0,0.0,0.0,0.0,0.5,0.5,0.07142857142857142,0.043478260869565216,,,,,,,,,
00-0037258,Dameon Pierce,KC,Q1,1,8.0,8.0,0.0,8.0,8.0,8.0,8.0,0.0,0.0,0.0,3.0,3.0,0.3333333333333333,0.18604651162790697,,,,,,,,,
00-0037263,Tyler Allgeier,ATL,Q1,17,5.764705882352941,3.0,5.886469148066765,-1.0,1.0,11.0,20.0,0.058823529411764705,0.058823529411764705,0.0,1.411764705882353,1.0,0.20052251669898727,0.23715567134308066,,,,,,,,,
00-0037267,Jerome Ford,CLE,Q1,9,0.7777777777777778,0.0,1.4740554623801778,0.0,0.0,0.0,4.0,0.0,0.0,0.0,0.4444444444444444,0.0,0.062037037037037036,0.03828197945845005,,,,,,,,,
00-0037276,Ty Chandler,MIN,Q1,2,2.0,2.0,2.0,0.0,1.0,3.0,4.0,0.0,0.0,0.0,1.5,1.5,0.15,0.05263157894736842,,,,,,,,,
00-0037329,Brittain Brown,CHI,Q1,1,0.0,0.0,0.0,0.0,0.0,0.0,0.0,0.0,0.0,0.0,0.0,0.0,0.0,0.0,,,,,,,,,
00-0037525,Jordan Mason,MIN,Q1,16,8.5,6.0,8.162413858657255,0.0,1.75,13.0,26.0,0.25,0.1875,0.0625,2.25,2.0,0.4111111111111111,0.4471765648442205,,,,,,,,,
00-0037557,Ronnie Rivers,LA,Q1,2,0.0,0.0,0.0,0.0,0.0,0.0,0.0,0.0,0.0,0.0,0.0,0.0,0.0,0.0,,,,,,,,,
00-0037563,Malik Davis,DAL,Q1,9,7.666666666666667,3.0,11.55662388223981,0.0,0.0,11.0,38.0,0.1111111111111111,0.1111111111111111,0.1111111111111111,1.2222222222222223,1.0,0.12286324786324787,0.16750951963717922,,,,,,,,,
00-0037594,Julius Chestnut,TEN,Q1,7,0.8571428571428571,0.0,1.3552618543578767,0.0,0.0,1.5,3.0,0.0,0.0,0.0,0.2857142857142857,0.0,0.03571428571428571,0.02352309344790548,,,,,,,,,
00-0037617,Hassan Haskins,LAC,Q1,5,2.0,2.0,1.8973665961010275,0.0,0.0,3.0,5.0,0.0,0.0,0.0,0.8,1.0,0.13166666666666665,0.17151029748283753,,,,,,,,,
00-0037745,Velus Jones Jr.,SEA,Q1,1,0.0,0.0,0.0,0.0,0.0,0.0,0.0,0.0,0.0,0.0,0.0,0.0,0.0,0.0,,,,,,,,,
00-0037746,Brian Robinson,SF,Q1,15,5.333333333333333,1.0,6.497862896539309,0.0,0.0,9.0,19.0,0.2,0.0,0.0,1.1333333333333333,1.0,0.16826118326118328,0.14745917050842447,,,,,,,,,
00-0037840,Kyren Williams,LA,Q1,17,22.176470588235293,17.0,17.866285351161693,1.0,13.0,27.0,76.0,0.7058823529411765,0.35294117647058826,0.35294117647058826,4.235294117647059,4.0,0.6643270128564246,0.634809031198674,,,,,,,,,
00-0038040,Zamir White,LV,Q1,5,0.6,0.0,1.2000000000000002,0.0,0.0,0.0,3.0,0.0,0.0,0.0,0.4,0.0,0.07333333333333333,0.03333333333333333,,,,,,,,,
00-0038120,Breece Hall,NYJ,Q1,16,15.0625,15.0,11.121312591146784,1.0,6.25,17.5,42.0,0.5625,0.1875,0.125,3.8125,4.0,0.6179247835497836,0.8770812933467718,,,,,,,,,
00-0038134,Kenneth Walker III,SEA,Q1,17,15.176470588235293,11.0,11.014617528900333,2.0,8.0,18.0,41.0,0.29411764705882354,0.23529411764705882,0.23529411764705882,3.4705882352941178,4.0,0.6194677871148458,0.6268376207137069,,,,,,,,,
00-0038397,Evan Hull,NO,Q1,6,0.0,0.0,0.0,0.0,0.0,0.0,0.0,0.0,0.0,0.0,0.16666666666666666,0.0,0.023809523809523808,0.0,,,,,,,,,
00-0038440,Zavier Scott,MIN,Q1,9,1.5555555555555556,0.0,2.629368792488718,0.0,0.0,2.0,8.0,0.0,0.0,0.0,0.5555555555555556,0.0,0.0925925925925926,0.07066276803118907,,,,,,,,,
00-0038454,Keaton Mitchell,BAL,Q1,12,4.416666666666667,1.5,5.634097581295123,0.0,0.0,7.0,18.0,0.08333333333333333,0.0,0.0,1.0,0.5,0.10496725496725495,0.12191593346007405,,,,,,,,,
00-0038458,Owen Wright,TB,Q1,1,0.0,0.0,0.0,0.0,0.0,0.0,0.0,0.0,0.0,0.0,0.0,0.0,0.0,0.0,,,,,,,,,
00-0038542,Bijan Robinson,ATL,Q1,17,23.235294117647058,24.0,15.10562579954395,0.0,10.0,34.0,54.0,0.7058823529411765,0.5882352941176471,0.47058823529411764,5.0,5.0,0.7714662788192199,0.746653003642065,,,,,,,,,
00-0038551,Kendre Miller,NO,Q1,7,6.714285714285714,6.0,6.295447010437343,0.0,2.0,8.5,20.0,0.14285714285714285,0.14285714285714285,0.0,1.1428571428571428,1.0,0.17817460317460318,0.18345509778815497,,,,,,,,,
00-0038555,Tank Bigsby,JAX,Q1,1,0.0,0.0,0.0,0.0,0.0,0.0,0.0,0.0,0.0,0.0,0.0,0.0,0.0,0.0,,,,,,,,,
00-0038555,Tank Bigsby,PHI,Q1,10,6.1,2.5,7.790378681424928,0.0,0.0,9.5,22.0,0.2,0.1,0.0,0.7,0.5,0.10861111111111113,0.16331055900621116,,,,,,,,,
00-0038597,Chase Brown,CIN,Q1,17,15.882352941176471,13.0,10.334877289127087,0.0,8.0,25.0,37.0,0.47058823529411764,0.4117647058823529,0.29411764705882354,4.176470588235294,4.0,0.6794924030218148,0.6436079149820855,,,,,,,,,
00-0038611,Chris Rodriguez Jr.,WAS,Q1,12,15.166666666666666,12.5,15.799964838216853,0.0,0.0,25.25,51.0,0.5,0.4166666666666667,0.25,2.4166666666666665,2.0,0.36021825396825397,0.40107746617501605,,,,,,,,,
00-0038685,Chris Brooks,GB,Q1,7,4.0,1.0,4.566962103755937,0.0,0.0,7.5,12.0,0.0,0.0,0.0,0.7142857142857143,1.0,0.10282574568288853,0.23464501581078398,,,,,,,,,
00-0038705,Emari Demercado,ARI,Q1,11,1.3636363636363635,0.0,2.931730090290382,-3.0,0.0,2.5,8.0,0.0,0.0,0.0,0.5454545454545454,0.0,0.09264069264069263,0.10185729769573099,,,,,,,,,
00-0038738,Hunter Luepke,DAL,Q1,7,2.4285714285714284,0.0,3.8491981672307083,0.0,0.0,4.0,9.0,0.0,0.0,0.0,0.2857142857142857,0.0,0.027777777777777773,0.047204968944099375,,,,,,,,,
00-0038794,Jaleel McLaughlin,DEN,Q1,8,8.0,4.0,9.565563234854496,0.0,0.75,11.0,25.0,0.25,0.25,0.125,1.375,1.0,0.2029532967032967,0.2899270695570506,,,,,,,,,
00-0038797,Emanuel Wilson,GB,Q1,16,3.5,2.0,4.650268809434569,-1.0,0.0,5.25,17.0,0.0625,0.0,0.0,1.3125,1.0,0.22165473415473413,0.1794455086318294,,,,,,,,,
00-0038896,Jacob Saylors,DET,Q1,1,0.0,0.0,0.0,0.0,0.0,0.0,0.0,0.0,0.0,0.0,0.0,0.0,0.0,0.0,,,,,,,,,
00-0038951,Sean Tucker,TB,Q1,14,5.428571428571429,0.5,7.3844845618971915,0.0,0.0,10.25,23.0,0.14285714285714285,0.07142857142857142,0.0,1.2857142857142858,0.5,0.1683673469387755,0.15569954045447965,,,,,,,,,
00-0039021,Roschon Johnson,CHI,Q1,2,0.0,0.0,0.0,0.0,0.0,0.0,0.0,0.0,0.0,0.0,0.0,0.0,0.0,0.0,,,,,,,,,
00-0039032,Tyjae Spears,TEN,Q1,13,2.3846153846153846,1.0,2.8430336327040506,0.0,0.0,3.0,8.0,0.0,0.0,0.0,0.8461538461538461,1.0,0.13244810744810745,0.08626343166006535,,,,,,,,,
00-0039040,De'Von Achane,MIA,Q1,16,32.375,26.0,20.817285485864865,0.0,15.75,51.0,67.0,0.75,0.6875,0.6875,3.9375,4.5,0.6983382936507937,0.796842022246199,,,,,,,,,
00-0039139,Jahmyr Gibbs,DET,Q1,17,16.294117647058822,18.0,8.810185989105438,-4.0,12.0,21.0,32.0,0.7058823529411765,0.35294117647058826,0.11764705882352941,4.176470588235294,3.0,0.637857567269332,0.6715180443899674,,,,,,,,,
00-0039165,Zach Charbonnet,SEA,Q1,16,10.1875,1.0,14.04999443950068,0.0,0.0,18.5,47.0,0.3125,0.25,0.1875,1.8125,1.0,0.2604910714285714,0.25364204170310917,,,,,,,,,
00-0039266,Kendall Milton,CIN,Q1,1,0.0,0.0,0.0,0.0,0.0,0.0,0.0,0.0,0.0,0.0,0.0,0.0,0.0,0.0,,,,,,,,,
00-0039299,George Holani,SEA,Q1,4,2.25,0.0,3.897114317029974,0.0,0.0,2.25,9.0,0.0,0.0,0.0,0.25,0.0,0.03125,0.0625,,,,,,,,,
00-0039361,Bucky Irving,TB,Q1,10,18.6,19.0,8.01498596380555,4.0,12.25,25.25,29.0,0.7,0.4,0.3,4.9,5.0,0.7446645021645022,0.687349430253842,,,,,,,,,
00-0039364,Sione Vaki,DET,Q1,1,0.0,0.0,0.0,0.0,0.0,0.0,0.0,0.0,0.0,0.0,0.0,0.0,0.0,0.0,,,,,,,,,
00-0039373,Audric Estimé,NO,Q1,5,2.6,1.0,3.7735924528226414,0.0,0.0,2.0,10.0,0.0,0.0,0.0,1.4,1.0,0.33571428571428574,0.3869565217391304,,,,,,,,,
00-0039384,Tyrone Tracy Jr.,NYG,Q1,15,10.266666666666667,10.0,11.04817732579552,-3.0,3.0,13.5,40.0,0.13333333333333333,0.13333333333333333,0.13333333333333333,3.1333333333333333,3.0,0.48894179894179896,0.46649155577159174,,,,,,,,,
00-0039391,Kimani Vidal,LAC,Q1,12,12.25,7.0,14.922717580923388,0.0,1.0,17.25,53.0,0.3333333333333333,0.25,0.16666666666666666,3.3333333333333335,2.5,0.4656625781625781,0.4475606630211893,,,,,,,,,
00-0039405,Jawhar Jordan,HOU,Q1,4,1.75,2.0,1.0897247358851685,0.0,1.5,2.25,3.0,0.0,0.0,0.0,1.75,1.5,0.3833333333333333,0.22499999999999998,,,,,,,,,
00-0039407,Dylan Laube,LV,Q1,3,0.0,0.0,0.0,0.0,0.0,0.0,0.0,0.0,0.0,0.0,0.0,0.0,0.0,0.0,,,,,,,,,
00-0039603,British Brooks,HOU,Q1,3,3.0,0.0,4.242640687119285,0.0,0.0,4.5,9.0,0.0,0.0,0.0,1.0,1.0,0.12169312169312169,0.10344827586206896,,,,,,,,,
00-0039738,Blake Corum,LA,Q1,17,9.882352941176471,8.0,12.333037185883033,0.0,2.0,11.0,48.0,0.17647058823529413,0.11764705882352941,0.11764705882352941,1.9411764705882353,2.0,0.28892120950944483,0.3027252298175604,,,,,,,,,
00-0039746,Will Shipley,PHI,Q1,6,5.5,2.0,8.902246907382429,0.0,0.0,4.0,25.0,0.16666666666666666,0.16666666666666666,0.16666666666666666,0.6666666666666666,0.5,0.0861111111111111,0.11948412698412698,,,,,,,,,
00-0039757,Terrell Jennings,NE,Q1,5,2.4,0.0,3.0066592756745814,0.0,0.0,5.0,7.0,0.0,0.0,0.0,1.4,0.0,0.18571428571428572,0.08375,,,,,,,,,
00-0039794,Braelon Allen,NYJ,Q1,4,7.75,2.5,10.638961415476606,0.0,0.75,9.5,26.0,0.25,0.25,0.25,2.0,2.0,0.19480519480519481,0.12288642112192924,,,,,,,,,
00-0039796,Rasheen Ali,BAL,Q1,4,0.0,0.0,0.0,0.0,0.0,0.0,0.0,0.0,0.0,0.0,0.25,0.0,0.019230769230769232,0.0,,,,,,,,,
00-0039798,Isaiah Davis,NYJ,Q1,13,4.3076923076923075,3.0,4.4095109686050815,0.0,0.0,6.0,13.0,0.0,0.0,0.0,1.1538461538461537,1.0,0.15639915639915639,0.15419259565367704,,,,,,,,,
00-0039874,Jaylen Wright,MIA,Q1,9,4.111111111111111,4.0,3.1071403231354586,0.0,2.0,7.0,9.0,0.0,0.0,0.0,1.4444444444444444,1.0,0.18149751483084814,0.07506047898072987,,,,,,,,,
00-0039875,Ray Davis,BUF,Q1,10,7.7,0.0,15.053571004914415,0.0,0.0,3.75,47.0,0.2,0.2,0.2,1.2,0.0,0.10371794871794873,0.11485466797199276,,,,,,,,,
00-0039921,Trey Benson,ARI,Q1,4,4.25,1.0,6.219927652312364,0.0,0.75,4.5,15.0,0.25,0.0,0.0,1.25,1.0,0.21349206349206348,0.18744763301214912,,,,,,,,,
00-0040021,Phil Mafah,DAL,Q1,1,0.0,0.0,0.0,0.0,0.0,0.0,0.0,0.0,0.0,0.0,0.0,0.0,0.0,0.0,,,,,,,,,
00-0040039,Amar Johnson,LAC,Q1,1,0.0,0.0,0.0,0.0,0.0,0.0,0.0,0.0,0.0,0.0,0.0,0.0,0.0,0.0,,,,,,,,,
00-0040067,Jacardia Wright,SEA,Q1,1,0.0,0.0,0.0,0.0,0.0,0.0,0.0,0.0,0.0,0.0,0.0,0.0,0.0,0.0,,,,,,,,,
00-0040078,Brashard Smith,KC,Q1,11,4.181818181818182,0.0,9.86101766662486,0.0,0.0,3.0,35.0,0.09090909090909091,0.09090909090909091,0.09090909090909091,0.9090909090909091,0.0,0.13257575757575757,0.11281251048692909,,,,,,,,,
00-0040122,Ashton Jeanty,LV,Q1,17,14.941176470588236,14.0,10.79471868818699,-1.0,6.0,24.0,35.0,0.47058823529411764,0.35294117647058826,0.17647058823529413,4.117647058823529,4.0,0.8087768440709617,0.7994639542012633,,,,,,,,,
00-0040142,Kaleb Johnson,PIT,Q1,10,2.0,0.5,2.8284271247461903,0.0,0.0,2.75,9.0,0.0,0.0,0.0,0.6,0.5,0.10773809523809523,0.12815065681444993,,,,,,,,,
00-0040162,Dylan Sampson,CLE,Q1,15,2.2666666666666666,1.0,5.567365225630123,-7.0,0.0,3.5,19.0,0.06666666666666667,0.0,0.0,0.8666666666666667,1.0,0.14955266955266955,0.0989200523514249,,,,,,,,,
00-0040179,DJ Giddens,IND,Q1,4,0.0,0.0,0.0,0.0,0.0,0.0,0.0,0.0,0.0,0.0,0.0,0.0,0.0,0.0,,,,,,,,,
00-0040198,Ollie Gordon II,MIA,Q1,16,2.5625,0.0,4.107443700161939,-1.0,0.0,3.75,11.0,0.0,0.0,0.0,1.0625,1.0,0.13614718614718613,0.07787928112933819,,,,,,,,,
00-0040202,Devin Neal,NO,Q1,8,3.25,0.0,4.789311015167004,0.0,0.0,6.0,14.0,0.0,0.0,0.0,1.125,0.5,0.27083333333333337,0.19338624338624338,,,,,,,,,
00-0040205,Kalel Mullings,TEN,Q1,3,1.3333333333333333,0.0,1.8856180831641267,0.0,0.0,2.0,4.0,0.0,0.0,0.0,0.6666666666666666,1.0,0.08465608465608465,0.044444444444444446,,,,,,,,,
00-0040208,Tahj Brooks,CIN,Q1,6,0.8333333333333334,0.0,1.8633899812498247,0.0,0.0,0.0,5.0,0.0,0.0,0.0,0.3333333333333333,0.0,0.037037037037037035,0.01773049645390071,,,,,,,,,
00-0040236,Kyle Monangai,CHI,Q1,16,12.4375,9.5,16.00378373229281,0.0,1.0,13.5,63.0,0.25,0.125,0.125,2.625,2.0,0.3126583485958486,0.22080231099031822,,,,,,,,,
00-0040238,LeQuint Allen Jr.,JAX,Q1,9,0.5555555555555556,0.0,1.0657403385139377,0.0,0.0,0.0,3.0,0.0,0.0,0.0,0.2222222222222222,0.0,0.07407407407407407,0.11507936507936506,,,,,,,,,
00-0040242,Jacory Croskey-Merritt,WAS,Q1,17,8.588235294117647,7.0,8.898504986988558,0.0,0.0,14.0,30.0,0.23529411764705882,0.11764705882352941,0.058823529411764705,2.2941176470588234,2.0,0.354014939309057,0.3690215990546708,,,,,,,,,
00-0040429,Josh Williams,TB,Q1,1,0.0,0.0,0.0,0.0,0.0,0.0,0.0,0.0,0.0,0.0,0.0,0.0,0.0,0.0,,,,,,,,,
00-0040466,Raheim Sanders,CLE,Q1,4,4.5,1.0,6.689544080129826,0.0,0.0,5.5,16.0,0.25,0.0,0.0,1.5,0.5,0.22023809523809523,0.18956043956043955,,,,,,,,,
00-0040476,Ulysses Bentley IV,IND,Q1,1,0.0,0.0,0.0,0.0,0.0,0.0,0.0,0.0,0.0,0.0,0.0,0.0,0.0,0.0,,,,,,,,,
00-0040547,Nate Carter,ATL,Q1,2,0.0,0.0,0.0,0.0,0.0,0.0,0.0,0.0,0.0,0.0,0.0,0.0,0.0,0.0,,,,,,,,,
00-0040556,Corey Kiner,ARI,Q1,4,0.0,0.0,0.0,0.0,0.0,0.0,0.0,0.0,0.0,0.0,0.0,0.0,0.0,0.0,,,,,,,,,
00-0040583,Woody Marks,HOU,Q1,16,10.0,7.5,10.874281585465774,-3.0,1.75,15.5,38.0,0.3125,0.125,0.125,2.9375,3.0,0.459375,0.43451945994654906,,,,,,,,,
00-0040586,Jaydon Blue,DAL,Q1,5,11.4,0.0,20.857612519173905,0.0,0.0,4.0,53.0,0.2,0.2,0.2,1.4,0.0,0.1619047619047619,0.18439241917502786,,,,,,,,,
00-0040644,Trevor Etienne,CAR,Q1,6,0.3333333333333333,0.0,0.74535599249993,0.0,0.0,0.0,2.0,0.0,0.0,0.0,0.16666666666666666,0.0,0.03333333333333333,0.025641025641025644,,,,,,,,,
00-0040666,Omarion Hampton,LAC,Q1,9,9.222222222222221,9.0,7.3602200718574196,-3.0,3.0,14.0,22.0,0.2222222222222222,0.1111111111111111,0.0,3.4444444444444446,3.0,0.6139770723104055,0.4506711090502528,,,,,,,,,
00-0040715,Cam Skattebo,NYG,Q1,8,10.375,9.5,7.873015622999868,-2.0,6.5,12.75,27.0,0.25,0.125,0.125,2.625,3.0,0.4384920634920635,0.3441647693530764,,,,,,,,,
00-0040719,Bhayshul Tuten,JAX,Q1,15,5.266666666666667,3.0,7.084882183604435,0.0,0.0,7.5,28.0,0.06666666666666667,0.06666666666666667,0.06666666666666667,1.2,1.0,0.1629365079365079,0.2253888092965596,,,,,,,,,
00-0040730,RJ Harvey,DEN,Q1,17,9.647058823529411,6.0,11.129934075543824,-1.0,2.0,11.0,40.0,0.23529411764705882,0.17647058823529413,0.11764705882352941,2.235294117647059,2.0,0.3751454427925016,0.4353046337971902,,,,,,,,,
00-0040734,TreVeyon Henderson,NE,Q1,17,11.411764705882353,11.0,8.918314424818783,0.0,5.0,17.0,30.0,0.35294117647058826,0.11764705882352941,0.11764705882352941,2.6470588235294117,2.0,0.3550204697263521,0.3563012236748944,,,,,,,,,
00-0040784,Quinshon Judkins,CLE,Q1,14,16.5,16.0,12.804853990354038,-2.0,7.25,20.75,48.0,0.5714285714285714,0.2857142857142857,0.21428571428571427,5.071428571428571,4.5,0.8006725417439704,0.7434365840353235,,,,,,,,,
00-0029892,Kyle Juszczyk,SF,1H,2,0.0,0.0,0.0,0.0,0.0,0.0,0.0,,,0.0,0.0,0.0,0.0,0.0,0.0,0.0,0.0,,,,,,
00-0031687,Raheem Mostert,LV,1H,8,1.75,0.0,4.866980583482946,-5.0,0.0,2.5,13.0,,,0.0,0.625,0.5,0.0676510989010989,0.020167114245075266,0.0,0.0,0.0,,,,,,
00-0032104,Ameer Abdullah,IND,1H,8,6.0,3.5,6.819090848492928,0.0,0.0,9.0,19.0,,,0.0,1.0,1.0,0.0669002050580998,0.09188182189038353,0.0,0.0,0.0,,,,,,
00-0032764,Derrick Henry,BAL,1H,17,47.11764705882353,33.0,36.135174899976654,5.0,30.0,56.0,123.0,,,0.7647058823529411,9.235294117647058,9.0,0.6251683287974649,0.6291728766113142,0.4117647058823529,0.29411764705882354,0.29411764705882354,,,,,,
00-0032918,C.J. Ham,MIN,1H,3,0.3333333333333333,0.0,0.4714045207910317,0.0,0.0,0.5,1.0,,,0.0,0.3333333333333333,0.0,0.017543859649122806,0.0047619047619047615,0.0,0.0,0.0,,,,,,
00-0033280,Christian McCaffrey,SF,1H,17,37.705882352941174,37.0,28.4207147028616,7.0,14.0,43.0,121.0,,,0.6470588235294118,9.0,10.0,0.7020835181734836,0.6705497434293306,0.5294117647058824,0.23529411764705882,0.17647058823529413,,,,,,
00-0033293,Aaron Jones,MIN,1H,12,26.0,18.0,18.32575600987128,6.0,12.75,38.25,69.0,,,0.4166666666666667,6.416666666666667,6.5,0.5657800575757231,0.5870665901345985,0.3333333333333333,0.08333333333333333,0.08333333333333333,,,,,,
00-0033376,Patrick Ricard,BAL,1H,1,0.0,0.0,0.0,0.0,0.0,0.0,0.0,,,0.0,0.0,0.0,0.0,0.0,0.0,0.0,0.0,,,,,,
00-0033526,Samaje Perine,CIN,1H,13,15.23076923076923,13.0,11.074251814657181,0.0,5.0,21.0,42.0,,,0.15384615384615385,3.3846153846153846,4.0,0.28180099120799285,0.28542280743807313,0.07692307692307693,0.0,0.0,,,,,,
00-0033553,James Conner,ARI,1H,3,18.0,18.0,4.898979485566356,12.0,15.0,21.0,24.0,,,0.0,6.333333333333333,7.0,0.5128205128205128,0.42109038737446197,0.0,0.0,0.0,,,,,,
00-0033699,Austin Ekeler,WAS,1H,2,17.0,17.0,6.0,11.0,14.0,20.0,23.0,,,0.0,4.5,4.5,0.4007936507936508,0.29394861392832994,0.0,0.0,0.0,,,,,,
00-0033854,Dare Ogunbowale,HOU,1H,6,2.1666666666666665,0.0,3.387066905483596,0.0,0.0,3.0,9.0,,,0.0,0.6666666666666666,0.0,0.03935185185185185,0.033126561557680706,0.0,0.0,0.0,,,,,,
00-0033906,Alvin Kamara,NO,1H,11,25.363636363636363,24.0,12.998410583065548,9.0,11.5,37.5,46.0,,,0.45454545454545453,6.818181818181818,6.0,0.5170254582019288,0.5283668824289426,0.36363636363636365,0.09090909090909091,0.0,,,,,,
00-0033923,Kareem Hunt,KC,1H,17,19.235294117647058,15.0,15.260596749432473,0.0,7.0,34.0,50.0,,,0.29411764705882354,4.235294117647059,4.0,0.347215870442514,0.3214877697055176,0.17647058823529413,0.11764705882352941,0.0,,,,,,
00-0033955,Jeremy McNichols,WAS,1H,15,8.733333333333333,3.0,15.039799053031112,0.0,0.0,10.5,60.0,,,0.06666666666666667,1.2666666666666666,1.0,0.08360141492494434,0.09104626513221838,0.06666666666666667,0.06666666666666667,0.06666666666666667,,,,,,
00-0034367,Nyheim Hines,LAC,1H,1,0.0,0.0,0.0,0.0,0.0,0.0,0.0,,,0.0,0.0,0.0,0.0,0.0,0.0,0.0,0.0,,,,,,
00-0034791,Nick Chubb,HOU,1H,15,14.0,14.0,11.442610424782158,0.0,3.0,24.0,33.0,,,0.26666666666666666,3.933333333333333,4.0,0.29740189004894885,0.2561822690727872,0.0,0.0,0.0,,,,,,
00-0034844,Saquon Barkley,PHI,1H,16,39.25,32.5,22.993205518152532,13.0,28.25,49.5,107.0,,,0.75,8.875,8.5,0.6324720852823348,0.5847762013025062,0.375,0.3125,0.1875,,,,,,
00-0034959,Andrew Beck,NYJ,1H,1,0.0,0.0,0.0,0.0,0.0,0.0,0.0,,,0.0,0.0,0.0,0.0,0.0,0.0,0.0,0.0,,,,,,
00-0034975,Justice Hill,BAL,1H,8,1.625,0.0,7.873015622999868,-14.0,0.0,4.75,16.0,,,0.0,1.25,0.5,0.08970588235294116,0.07700937189672294,0.0,0.0,0.0,,,,,,
00-0035125,Alec Ingold,MIA,1H,2,3.0,3.0,3.0,0.0,1.5,4.5,6.0,,,0.0,0.5,0.5,0.025,0.03409090909090909,0.0,0.0,0.0,,,,,,
00-0035243,Miles Sanders,DAL,1H,4,5.5,4.0,5.894913061275798,0.0,0.0,9.5,14.0,,,0.0,1.5,1.5,0.12692307692307692,0.10367647058823529,0.0,0.0,0.0,,,,,,
00-0035250,Devin Singletary,NYG,1H,17,11.882352941176471,7.0,11.786744064419928,0.0,3.0,16.0,40.0,,,0.17647058823529413,3.2941176470588234,3.0,0.24026970343442755,0.23874778402242344,0.058823529411764705,0.0,0.0,,,,,,
00-0035261,Tony Pollard,TEN,1H,17,35.588235294117645,35.0,21.666072212588677,11.0,16.0,47.0,97.0,,,0.6470588235294118,7.529411764705882,7.0,0.6207508370138127,0.6532336313928797,0.5294117647058824,0.29411764705882354,0.11764705882352941,,,,,,
00-0035291,Trayveon Williams,CLE,1H,4,4.0,3.5,4.06201920231798,0.0,0.0,7.5,9.0,,,0.0,0.5,0.5,0.07083333333333333,0.1728723404255319,0.0,0.0,0.0,,,,,,
00-0035291,Trayveon Williams,LAC,1H,1,-1.0,-1.0,0.0,-1.0,-1.0,-1.0,-1.0,,,0.0,3.0,3.0,0.2727272727272727,-0.02702702702702703,0.0,0.0,0.0,,,,,,
00-0035311,Myles Gaskin,SEA,1H,1,0.0,0.0,0.0,0.0,0.0,0.0,0.0,,,0.0,0.0,0.0,0.0,0.0,0.0,0.0,0.0,,,,,,
00-0035537,Ty Johnson,BUF,1H,17,7.0,6.0,7.8515641004534515,-2.0,0.0,9.0,25.0,,,0.058823529411764705,1.411764705882353,1.0,0.1038685315069398,0.10744676973580226,0.0,0.0,0.0,,,,,,
00-0035567,Craig Reynolds,DET,1H,1,0.0,0.0,0.0,0.0,0.0,0.0,0.0,,,0.0,0.0,0.0,0.0,0.0,0.0,0.0,0.0,,,,,,
00-0035594,Travis Homer,CHI,1H,1,0.0,0.0,0.0,0.0,0.0,0.0,0.0,,,0.0,0.0,0.0,0.0,0.0,0.0,0.0,0.0,,,,,,
00-0035628,D'Ernest Johnson,ARI,1H,1,0.0,0.0,0.0,0.0,0.0,0.0,0.0,,,0.0,1.0,1.0,0.06666666666666667,0.0,0.0,0.0,0.0,,,,,,
00-0035628,D'Ernest Johnson,NE,1H,4,-0.25,0.0,0.4330127018922193,-1.0,-0.25,0.0,0.0,,,0.0,0.25,0.0,0.015625,-0.005681818181818182,0.0,0.0,0.0,,,,,,
00-0035685,David Montgomery,DET,1H,17,17.705882352941178,14.0,11.59495177111119,3.0,6.0,31.0,37.0,,,0.29411764705882354,4.9411764705882355,5.0,0.37114601540024955,0.3540858460787466,0.058823529411764705,0.0,0.0,,,,,,
00-0035700,Josh Jacobs,GB,1H,15,29.066666666666666,27.0,15.643813118574668,1.0,18.5,41.0,59.0,,,0.5333333333333333,7.4,7.0,0.5883753163100991,0.5651555976643536,0.4,0.13333333333333333,0.06666666666666667,,,,,,
00-0036139,Rico Dowdle,CAR,1H,17,30.176470588235293,23.0,23.72448547540419,0.0,13.0,39.0,80.0,,,0.47058823529411764,6.647058823529412,7.0,0.5214970967133596,0.5265276205389836,0.29411764705882354,0.23529411764705882,0.17647058823529413,,,,,,
00-0036158,J.K. Dobbins,DEN,1H,10,22.9,23.0,13.938794782907166,-4.0,15.75,29.5,51.0,,,0.4,5.6,6.0,0.563176961926962,0.4959403402428918,0.1,0.1,0.0,,,,,,
00-0036187,Reggie Gilliam,BUF,1H,1,0.0,0.0,0.0,0.0,0.0,0.0,0.0,,,0.0,0.0,0.0,0.0,0.0,0.0,0.0,0.0,,,,,,
00-0036223,Jonathan Taylor,IND,1H,17,39.76470588235294,40.0,16.87856075466119,10.0,24.0,52.0,72.0,,,0.7058823529411765,9.823529411764707,9.0,0.774822936781141,0.8040361291980529,0.5882352941176471,0.47058823529411764,0.23529411764705882,,,,,,
00-0036265,AJ Dillon,PHI,1H,5,7.2,11.0,5.1146847410177685,0.0,2.0,11.0,12.0,,,0.0,1.2,1.0,0.11444444444444443,0.1361455945407286,0.0,0.0,0.0,,,,,,
00-0036275,D'Andre Swift,CHI,1H,16,33.0625,26.5,21.9558327956377,5.0,17.5,48.5,88.0,,,0.5,6.8125,7.0,0.4891887320196143,0.6622896827292577,0.375,0.3125,0.125,,,,,,
00-0036328,Antonio Gibson,NE,1H,5,15.2,19.0,8.565045242145542,0.0,12.0,21.0,24.0,,,0.0,3.8,4.0,0.2765501165501165,0.24299218842466566,0.0,0.0,0.0,,,,,,
00-0036360,Clyde Edwards-Helaire,KC,1H,2,5.5,5.5,0.5,5.0,5.25,5.75,6.0,,,0.0,2.5,2.5,0.17708333333333331,0.09226190476190477,0.0,0.0,0.0,,,,,,
00-0036414,Cam Akers,MIN,1H,1,0.0,0.0,0.0,0.0,0.0,0.0,0.0,,,0.0,0.0,0.0,0.0,0.0,0.0,0.0,0.0,,,,,,
00-0036425,DeeJay Dallas,CAR,1H,1,0.0,0.0,0.0,0.0,0.0,0.0,0.0,,,0.0,1.0,1.0,0.06666666666666667,0.0,0.0,0.0,0.0,,,,,,
00-0036425,DeeJay Dallas,JAX,1H,1,0.0,0.0,0.0,0.0,0.0,0.0,0.0,,,0.0,0.0,0.0,0.0,0.0,0.0,0.0,0.0,,,,,,
00-0036555,Chuba Hubbard,CAR,1H,15,17.466666666666665,12.0,12.873055408703697,0.0,6.5,26.0,43.0,,,0.4,4.6,5.0,0.34250915206797566,0.32313071650452685,0.13333333333333333,0.0,0.0,,,,,,
00-0036727,Adam Prentice,DEN,1H,8,1.25,0.0,1.6393596310755,0.0,0.0,3.0,4.0,,,0.0,0.375,0.0,0.028104707792207792,0.02106643356643357,0.0,0.0,0.0,,,,,,
00-0036755,Jaret Patterson,LAC,1H,6,9.166666666666666,7.0,9.06305074954835,0.0,2.5,11.5,27.0,,,0.16666666666666666,2.1666666666666665,2.0,0.1791125541125541,0.17765436230691636,0.0,0.0,0.0,,,,,,
00-0036842,Kene Nwangwu,NYJ,1H,2,4.5,4.5,4.5,0.0,2.25,6.75,9.0,,,0.0,2.0,2.0,0.14285714285714285,0.09782608695652174,0.0,0.0,0.0,,,,,,
00-0036875,Rhamondre Stevenson,NE,1H,14,32.0,26.5,22.347898590887052,-2.0,15.5,49.25,73.0,,,0.5,5.642857142857143,6.0,0.37944636884854266,0.39434058668456456,0.42857142857142855,0.35714285714285715,0.21428571428571427,,,,,,
00-0036893,Najee Harris,LAC,1H,3,11.333333333333334,6.0,12.036980056845191,0.0,3.0,17.0,28.0,,,0.3333333333333333,2.6666666666666665,2.0,0.1717171717171717,0.1763405196241017,0.0,0.0,0.0,,,,,,
00-0036906,Khalil Herbert,NYJ,1H,3,9.333333333333334,0.0,13.199326582148887,0.0,0.0,14.0,28.0,,,0.3333333333333333,2.3333333333333335,0.0,0.16666666666666666,0.2028985507246377,0.0,0.0,0.0,,,,,,
00-0036919,Kenneth Gainwell,PIT,1H,16,16.4375,13.0,16.766666148939688,1.0,6.75,19.25,73.0,,,0.125,3.5,3.0,0.3096558619077001,0.32161123939357666,0.0625,0.0625,0.0625,,,,,,
00-0036924,Michael Carter,ARI,1H,13,13.153846153846153,9.0,13.518341693054571,0.0,1.0,23.0,45.0,,,0.23076923076923078,3.3846153846153846,3.0,0.3098748473748474,0.31107586654990416,0.07692307692307693,0.07692307692307693,0.0,,,,,,
00-0036973,Travis Etienne,JAX,1H,17,34.0,27.0,25.720214069185076,5.0,14.0,49.0,99.0,,,0.5294117647058824,6.588235294117647,7.0,0.5696486327974217,0.5312633089243441,0.35294117647058826,0.29411764705882354,0.23529411764705882,,,,,,
00-0036997,Javonte Williams,DAL,1H,16,39.9375,35.5,24.195735032232438,13.0,20.25,54.0,108.0,,,0.6875,8.4375,9.0,0.6610849016179898,0.6653881630344327,0.5,0.3125,0.1875,,,,,,
00-0037085,Tyler Badie,DEN,1H,4,0.75,0.0,3.2691742076555053,-3.0,-0.75,1.5,6.0,,,0.0,0.75,0.5,0.05482456140350877,0.015370018975332068,0.0,0.0,0.0,,,,,,
00-0037120,Tyler Goodson,IND,1H,5,0.0,0.0,0.0,0.0,0.0,0.0,0.0,,,0.0,0.0,0.0,0.0,0.0,0.0,0.0,0.0,,,,,,
00-0037157,Bam Knight,ARI,1H,10,15.7,13.0,11.402192771568107,-2.0,8.5,20.75,36.0,,,0.2,4.8,5.0,0.4236255411255412,0.3748952539787716,0.1,0.0,0.0,,,,,,
00-0037197,Isiah Pacheco,KC,1H,13,17.615384615384617,17.0,6.4871288130178515,5.0,14.0,21.0,29.0,,,0.23076923076923078,4.6923076923076925,5.0,0.37827667556174344,0.33983829047138286,0.0,0.0,0.0,,,,,,
00-0037228,Jaylen Warren,PIT,1H,16,28.375,25.5,14.391295111976545,8.0,18.75,40.25,54.0,,,0.5,6.75,7.0,0.5676601482667659,0.5771228642817643,0.4375,0.1875,0.0,,,,,,
00-0037248,James Cook,BUF,1H,17,54.88235294117647,48.0,35.947481876860266,10.0,30.0,75.0,153.0,,,0.7647058823529411,8.647058823529411,8.0,0.6384035562668781,0.6722975306521384,0.5882352941176471,0.5294117647058824,0.47058823529411764,,,,,,
00-0037256,Rachaad White,TB,1H,17,21.647058823529413,20.0,14.0375176977337,3.0,11.0,28.0,50.0,,,0.35294117647058826,4.705882352941177,4.0,0.35324562724289943,0.38675113899542773,0.17647058823529413,0.17647058823529413,0.0,,,,,,
00-0037258,Dameon Pierce,HOU,1H,2,2.0,2.0,2.0,0.0,1.0,3.0,4.0,,,0.0,1.0,1.0,0.0625,0.0273972602739726,0.0,0.0,0.0,,,,,,
00-0037258,Dameon Pierce,KC,1H,1,10.0,10.0,0.0,10.0,10.0,10.0,10.0,,,0.0,4.0,4.0,0.3076923076923077,0.18518518518518517,0.0,0.0,0.0,,,,,,
00-0037263,Tyler Allgeier,ATL,1H,17,11.176470588235293,8.0,9.65422975949583,-4.0,3.0,17.0,30.0,,,0.11764705882352941,3.0588235294117645,3.0,0.2183564417128431,0.147889586775877,0.0,0.0,0.0,,,,,,
00-0037267,Jerome Ford,CLE,1H,9,3.4444444444444446,2.0,3.9752319599996264,0.0,0.0,6.0,12.0,,,0.0,1.2222222222222223,1.0,0.0896633693735143,0.10173612065988931,0.0,0.0,0.0,,,,,,
00-0037276,Ty Chandler,MIN,1H,2,6.5,6.5,6.5,0.0,3.25,9.75,13.0,,,0.0,3.0,3.0,0.15789473684210525,0.09285714285714286,0.0,0.0,0.0,,,,,,
00-0037329,Brittain Brown,CHI,1H,1,0.0,0.0,0.0,0.0,0.0,0.0,0.0,,,0.0,0.0,0.0,0.0,0.0,0.0,0.0,0.0,,,,,,
00-0037525,Jordan Mason,MIN,1H,16,18.5,15.0,15.427248620541512,-1.0,4.75,30.75,44.0,,,0.3125,4.875,5.0,0.3968688571919996,0.4168300312370016,0.25,0.0,0.0,,,,,,
00-0037557,Ronnie Rivers,LA,1H,2,0.0,0.0,0.0,0.0,0.0,0.0,0.0,,,0.0,0.0,0.0,0.0,0.0,0.0,0.0,0.0,,,,,,
00-0037563,Malik Davis,DAL,1H,9,16.333333333333332,11.0,18.172017560585346,0.0,2.0,17.0,50.0,,,0.2222222222222222,2.7777777777777777,2.0,0.17523707229589583,0.21396435776234657,0.2222222222222222,0.2222222222222222,0.0,,,,,,
00-0037594,Julius Chestnut,TEN,1H,7,1.1428571428571428,1.0,1.2453996981544782,0.0,0.0,2.0,3.0,,,0.0,0.7142857142857143,1.0,0.05078954658786592,0.024912958070852805,0.0,0.0,0.0,,,,,,
00-0037617,Hassan Haskins,LAC,1H,5,3.2,3.0,2.638181191654584,0.0,2.0,3.0,8.0,,,0.0,1.4,1.0,0.1252388134741076,0.09522605214334537,0.0,0.0,0.0,,,,,,
00-0037745,Velus Jones Jr.,SEA,1H,1,0.0,0.0,0.0,0.0,0.0,0.0,0.0,,,0.0,0.0,0.0,0.0,0.0,0.0,0.0,0.0,,,,,,
00-0037746,Brian Robinson,SF,1H,15,8.933333333333334,7.0,6.961481323843526,-2.0,5.0,13.5,24.0,,,0.0,2.2666666666666666,2.0,0.17296380090497737,0.16672312088048227,0.0,0.0,0.0,,,,,,
00-0037840,Kyren Williams,LA,1H,17,38.411764705882355,36.0,20.091141810229562,3.0,26.0,51.0,76.0,,,0.7647058823529411,7.764705882352941,7.0,0.6046381722852311,0.5970638625939171,0.5294117647058824,0.4117647058823529,0.23529411764705882,,,,,,
00-0038040,Zamir White,LV,1H,5,-0.4,0.0,0.8000000000000002,-2.0,0.0,0.0,0.0,,,0.0,0.6,0.0,0.05833333333333333,-0.008,0.0,0.0,0.0,,,,,,
00-0038120,Breece Hall,NYJ,1H,16,32.1875,29.5,15.565260799292764,15.0,21.75,32.75,78.0,,,0.625,8.0625,8.0,0.5772615026871992,0.5517841498030096,0.25,0.1875,0.0625,,,,,,
00-0038134,Kenneth Walker III,SEA,1H,17,23.41176470588235,20.0,15.064796609506985,4.0,10.0,37.0,50.0,,,0.47058823529411764,6.0588235294117645,6.0,0.47622456662704343,0.5532415401708726,0.35294117647058826,0.11764705882352941,0.0,,,,,,
00-0038397,Evan Hull,NO,1H,6,4.166666666666667,3.5,2.967415635794143,0.0,2.25,7.0,8.0,,,0.0,2.0,1.5,0.16987688237688237,0.17795632873032252,0.0,0.0,0.0,,,,,,
00-0038440,Zavier Scott,MIN,1H,9,4.555555555555555,0.0,7.6899806546659,-1.0,0.0,4.0,21.0,,,0.0,1.4444444444444444,1.0,0.10886715623557729,0.06874657909140668,0.0,0.0,0.0,,,,,,
00-0038454,Keaton Mitchell,BAL,1H,12,10.666666666666666,6.5,10.426994879744703,0.0,0.75,19.25,29.0,,,0.16666666666666666,2.3333333333333335,2.5,0.1562804422030962,0.1677414215245003,0.0,0.0,0.0,,,,,,
00-0038458,Owen Wright,TB,1H,1,0.0,0.0,0.0,0.0,0.0,0.0,0.0,,,0.0,0.0,0.0,0.0,0.0,0.0,0.0,0.0,,,,,,
00-0038542,Bijan Robinson,ATL,1H,17,57.411764705882355,54.0,36.344849661070455,6.0,28.0,72.0,138.0,,,0.7647058823529411,9.470588235294118,9.0,0.6929352750287007,0.7939434447388434,0.7058823529411765,0.6470588235294118,0.47058823529411764,,,,,,
00-0038551,Kendre Miller,NO,1H,7,12.0,7.0,12.13024555163073,0.0,4.5,15.0,38.0,,,0.14285714285714285,2.857142857142857,3.0,0.18737046100491478,0.2049644205767911,0.14285714285714285,0.0,0.0,,,,,,
00-0038555,Tank Bigsby,JAX,1H,1,0.0,0.0,0.0,0.0,0.0,0.0,0.0,,,0.0,0.0,0.0,0.0,0.0,0.0,0.0,0.0,,,,,,
00-0038555,Tank Bigsby,PHI,1H,10,13.1,10.5,9.459915433025817,0.0,7.25,17.0,30.0,,,0.2,2.1,2.0,0.16491732508827678,0.24036157650421588,0.0,0.0,0.0,,,,,,
00-0038597,Chase Brown,CIN,1H,17,35.705882352941174,30.0,20.55055375204208,3.0,23.0,45.0,76.0,,,0.6470588235294118,7.352941176470588,7.0,0.6475333424340891,0.6967427026941584,0.4117647058823529,0.29411764705882354,0.17647058823529413,,,,,,
00-0038611,Chris Rodriguez Jr.,WAS,1H,12,24.416666666666668,25.0,16.8990055591709,0.0,12.5,33.75,53.0,,,0.5833333333333334,4.583333333333333,5.5,0.33424235078646847,0.3932644952876796,0.25,0.16666666666666666,0.0,,,,,,
00-0038685,Chris Brooks,GB,1H,7,6.428571428571429,4.0,7.30669248716824,0.0,1.5,7.5,23.0,,,0.0,1.5714285714285714,1.0,0.10510573794735285,0.27046630667348365,0.0,0.0,0.0,,,,,,
00-0038705,Emari Demercado,ARI,1H,11,7.636363636363637,4.0,8.149430847641806,0.0,1.0,10.5,27.0,,,0.09090909090909091,1.8181818181818181,1.0,0.1606404958677686,0.1785288783803215,0.0,0.0,0.0,,,,,,
00-0038738,Hunter Luepke,DAL,1H,7,5.857142857142857,5.0,5.667666978536392,0.0,1.0,9.0,16.0,,,0.0,1.1428571428571428,1.0,0.07118347338935574,0.09698484703086005,0.0,0.0,0.0,,,,,,
00-0038794,Jaleel McLaughlin,DEN,1H,8,12.375,7.0,12.648492993238364,-1.0,1.5,24.25,33.0,,,0.25,2.25,2.5,0.19053999728341833,0.23637470807181432,0.0,0.0,0.0,,,,,,
00-0038797,Emanuel Wilson,GB,1H,16,9.875,6.5,15.583946066385112,-14.0,2.0,10.25,55.0,,,0.125,3.125,2.0,0.21826367322291235,0.1176222894227216,0.125,0.0625,0.0625,,,,,,
00-0038896,Jacob Saylors,DET,1H,1,0.0,0.0,0.0,0.0,0.0,0.0,0.0,,,0.0,0.0,0.0,0.0,0.0,0.0,0.0,0.0,,,,,,
00-0038951,Sean Tucker,TB,1H,14,12.928571428571429,5.5,19.218533784249168,-6.0,2.0,19.5,71.0,,,0.21428571428571427,2.857142857142857,2.0,0.19962129369891904,0.20090998720400424,0.07142857142857142,0.07142857142857142,0.07142857142857142,,,,,,
00-0039021,Roschon Johnson,CHI,1H,2,8.5,8.5,2.5,6.0,7.25,9.75,11.0,,,0.0,1.0,1.0,0.060714285714285714,0.09380475594493116,0.0,0.0,0.0,,,,,,
00-0039032,Tyjae Spears,TEN,1H,13,16.23076923076923,14.0,13.197632923857952,0.0,2.0,22.0,47.0,,,0.23076923076923078,3.4615384615384617,4.0,0.28531668180989445,0.303290546539766,0.07692307692307693,0.07692307692307693,0.0,,,,,,
00-0039040,De'Von Achane,MIA,1H,16,52.125,51.0,26.042933302529498,13.0,31.25,70.25,92.0,,,0.8125,7.6875,7.0,0.6435781444754936,0.7449460127605253,0.6875,0.5625,0.4375,,,,,,
00-0039139,Jahmyr Gibbs,DET,1H,17,36.8235294117647,28.0,27.440278025768762,5.0,19.0,41.0,107.0,,,0.5882352941176471,7.470588235294118,7.0,0.5496797396132671,0.6026741560517392,0.4117647058823529,0.23529411764705882,0.23529411764705882,,,,,,
00-0039165,Zach Charbonnet,SEA,1H,16,22.4375,23.0,14.899533340007666,-2.0,11.0,28.75,60.0,,,0.375,5.3125,6.0,0.37699580664218824,0.34089823654059026,0.1875,0.0625,0.0625,,,,,,
00-0039266,Kendall Milton,CIN,1H,1,0.0,0.0,0.0,0.0,0.0,0.0,0.0,,,0.0,0.0,0.0,0.0,0.0,0.0,0.0,0.0,,,,,,
00-0039299,George Holani,SEA,1H,4,4.0,3.5,3.6742346141747673,0.0,0.75,6.75,9.0,,,0.0,1.0,1.0,0.06746031746031746,0.07945812099293112,0.0,0.0,0.0,,,,,,
00-0039361,Bucky Irving,TB,1H,10,28.4,27.0,12.273548794053006,9.0,19.75,38.75,49.0,,,0.7,8.7,8.5,0.6060023748181642,0.5014896228460064,0.4,0.1,0.0,,,,,,
00-0039364,Sione Vaki,DET,1H,1,0.0,0.0,0.0,0.0,0.0,0.0,0.0,,,0.0,0.0,0.0,0.0,0.0,0.0,0.0,0.0,,,,,,
00-0039373,Audric Estimé,NO,1H,5,6.6,7.0,3.6660605559646724,0.0,6.0,10.0,10.0,,,0.0,2.8,2.0,0.26507936507936514,0.26410536144282276,0.0,0.0,0.0,,,,,,
00-0039384,Tyrone Tracy Jr.,NYG,1H,15,19.466666666666665,17.0,15.353030826372867,0.0,6.0,28.5,56.0,,,0.4,5.6,5.0,0.412941127499951,0.33610117800770917,0.13333333333333333,0.06666666666666667,0.06666666666666667,,,,,,
00-0039391,Kimani Vidal,LAC,1H,12,22.25,17.0,20.343405975073757,0.0,7.0,27.25,72.0,,,0.25,6.0,5.0,0.4731258665082195,0.44163265786100764,0.25,0.16666666666666666,0.08333333333333333,,,,,,
00-0039405,Jawhar Jordan,HOU,1H,4,19.25,16.5,14.703315952532613,3.0,7.5,28.25,41.0,,,0.25,5.75,5.0,0.4210988562091504,0.365815245931232,0.25,0.0,0.0,,,,,,
00-0039407,Dylan Laube,LV,1H,3,0.6666666666666666,0.0,0.9428090415820634,0.0,0.0,1.0,2.0,,,0.0,0.3333333333333333,0.0,0.023809523809523808,0.013605442176870748,0.0,0.0,0.0,,,,,,
00-0039603,British Brooks,HOU,1H,3,3.0,0.0,4.242640687119285,0.0,0.0,4.5,9.0,,,0.0,1.0,1.0,0.059259259259259255,0.030303030303030304,0.0,0.0,0.0,,,,,,
00-0039738,Blake Corum,LA,1H,17,20.58823529411765,18.0,13.284483755514138,0.0,13.0,26.0,48.0,,,0.29411764705882354,4.0588235294117645,4.0,0.32618402838991073,0.3506698791841974,0.23529411764705882,0.058823529411764705,0.0,,,,,,
00-0039746,Will Shipley,PHI,1H,6,6.833333333333333,1.0,9.736814445985686,0.0,0.0,10.25,26.0,,,0.16666666666666666,1.5,1.5,0.09344541910331383,0.0685772137753845,0.0,0.0,0.0,,,,,,
00-0039757,Terrell Jennings,NE,1H,5,6.6,0.0,10.873821775254548,0.0,0.0,5.0,28.0,,,0.2,2.2,0.0,0.13492063492063494,0.10828500414250206,0.0,0.0,0.0,,,,,,
00-0039794,Braelon Allen,NYJ,1H,4,13.0,9.0,7.516648189186454,8.0,8.75,13.25,26.0,,,0.25,3.0,3.5,0.18154761904761904,0.1519470161594854,0.0,0.0,0.0,,,,,,
00-0039796,Rasheen Ali,BAL,1H,4,1.25,0.0,2.165063509461097,0.0,0.0,1.25,5.0,,,0.0,0.5,0.5,0.02786377708978328,0.0078125,0.0,0.0,0.0,,,,,,
00-0039798,Isaiah Davis,NYJ,1H,13,8.461538461538462,7.0,6.912812904203376,0.0,5.0,11.0,24.0,,,0.0,2.076923076923077,2.0,0.13678344789025904,0.1375747109085094,0.0,0.0,0.0,,,,,,
00-0039874,Jaylen Wright,MIA,1H,9,18.0,13.0,14.922019523732928,2.0,7.0,27.0,48.0,,,0.3333333333333333,4.111111111111111,2.0,0.2528945035394983,0.20138605644926136,0.2222222222222222,0.1111111111111111,0.0,,,,,,
00-0039875,Ray Davis,BUF,1H,10,9.5,0.0,17.517134468856487,0.0,0.0,7.75,57.0,,,0.2,1.7,0.0,0.09202865761689291,0.09906639950163446,0.1,0.1,0.1,,,,,,
00-0039921,Trey Benson,ARI,1H,4,12.25,10.0,6.456585785072479,6.0,8.25,14.0,23.0,,,0.0,3.0,3.5,0.26523199023199023,0.3045277992372684,0.0,0.0,0.0,,,,,,
00-0040021,Phil Mafah,DAL,1H,1,1.0,1.0,0.0,1.0,1.0,1.0,1.0,,,0.0,1.0,1.0,0.058823529411764705,0.010526315789473684,0.0,0.0,0.0,,,,,,
00-0040039,Amar Johnson,LAC,1H,1,6.0,6.0,0.0,6.0,6.0,6.0,6.0,,,0.0,1.0,1.0,0.09090909090909091,0.16216216216216217,0.0,0.0,0.0,,,,,,
00-0040067,Jacardia Wright,SEA,1H,1,0.0,0.0,0.0,0.0,0.0,0.0,0.0,,,0.0,0.0,0.0,0.0,0.0,0.0,0.0,0.0,,,,,,
00-0040078,Brashard Smith,KC,1H,11,5.7272727272727275,2.0,12.203508505127152,0.0,0.5,4.0,44.0,,,0.09090909090909091,1.5454545454545454,1.0,0.12376251199780612,0.10116008195351167,0.09090909090909091,0.0,0.0,,,,,,
00-0040122,Ashton Jeanty,LV,1H,17,34.411764705882355,30.0,19.30577122956154,10.0,24.0,41.0,91.0,,,0.6470588235294118,8.411764705882353,8.0,0.7791671419699102,0.9371559428041989,0.4117647058823529,0.17647058823529413,0.11764705882352941,,,,,,
00-0040142,Kaleb Johnson,PIT,1H,10,2.5,0.5,3.8794329482541645,0.0,0.0,3.0,13.0,,,0.0,0.9,0.5,0.08632478632478632,0.071324476376011,0.0,0.0,0.0,,,,,,
00-0040162,Dylan Sampson,CLE,1H,15,4.066666666666666,3.0,7.835531606442255,-7.0,-1.0,6.0,23.0,,,0.0,1.8,1.0,0.16316932570129503,0.07333936304585978,0.0,0.0,0.0,,,,,,
00-0040179,DJ Giddens,IND,1H,4,0.75,0.0,1.299038105676658,0.0,0.0,0.75,3.0,,,0.0,0.5,0.0,0.045454545454545456,0.039473684210526314,0.0,0.0,0.0,,,,,,
00-0040198,Ollie Gordon II,MIA,1H,16,5.1875,2.0,7.779932117313106,-3.0,-0.25,8.0,25.0,,,0.0625,2.0625,1.5,0.15634343699601053,0.08609154467220592,0.0,0.0,0.0,,,,,,
00-0040202,Devin Neal,NO,1H,8,11.125,8.0,9.102712507818755,0.0,5.5,17.75,28.0,,,0.125,3.0,2.0,0.260618894993895,0.2701736111111111,0.0,0.0,0.0,,,,,,
00-0040205,Kalel Mullings,TEN,1H,3,2.3333333333333335,3.0,1.699673171197595,0.0,1.5,3.5,4.0,,,0.0,1.0,1.0,0.06699346405228758,0.04213625748806985,0.0,0.0,0.0,,,,,,
00-0040208,Tahj Brooks,CIN,1H,6,1.6666666666666667,0.0,2.357022603955158,0.0,0.0,3.75,5.0,,,0.0,0.5,0.0,0.03888888888888889,0.03105744384814152,0.0,0.0,0.0,,,,,,
00-0040236,Kyle Monangai,CHI,1H,16,22.25,15.0,23.25268801665734,-1.0,9.75,26.0,100.0,,,0.3125,5.0625,4.0,0.342742429139488,0.3466750222054923,0.1875,0.0625,0.0625,,,,,,
00-0040238,LeQuint Allen Jr.,JAX,1H,9,2.3333333333333335,0.0,3.231786571610886,0.0,0.0,3.0,9.0,,,0.0,0.6666666666666666,0.0,0.058508158508158506,0.04314075979957477,0.0,0.0,0.0,,,,,,
00-0040242,Jacory Croskey-Merritt,WAS,1H,17,20.0,18.0,14.672904199477989,0.0,9.0,25.0,60.0,,,0.29411764705882354,4.705882352941177,5.0,0.33701086015099857,0.31030914964561446,0.11764705882352941,0.11764705882352941,0.058823529411764705,,,,,,
00-0040429,Josh Williams,TB,1H,1,0.0,0.0,0.0,0.0,0.0,0.0,0.0,,,0.0,0.0,0.0,0.0,0.0,0.0,0.0,0.0,,,,,,
00-0040466,Raheim Sanders,CLE,1H,4,5.25,2.5,6.299801584177076,0.0,1.5,6.25,16.0,,,0.0,2.5,2.0,0.1978021978021978,0.12320569804721655,0.0,0.0,0.0,,,,,,
00-0040476,Ulysses Bentley IV,IND,1H,1,0.0,0.0,0.0,0.0,0.0,0.0,0.0,,,0.0,0.0,0.0,0.0,0.0,0.0,0.0,0.0,,,,,,
00-0040547,Nate Carter,ATL,1H,2,0.0,0.0,0.0,0.0,0.0,0.0,0.0,,,0.0,0.0,0.0,0.0,0.0,0.0,0.0,0.0,,,,,,
00-0040556,Corey Kiner,ARI,1H,4,10.5,4.0,12.439855304624729,2.0,3.5,11.0,32.0,,,0.25,2.25,1.0,0.19791666666666666,0.18270790707123474,0.0,0.0,0.0,,,,,,
00-0040583,Woody Marks,HOU,1H,16,24.4375,20.5,12.509839877072768,2.0,15.25,32.5,48.0,,,0.4375,6.1875,7.0,0.47438407181054243,0.5009319429519458,0.1875,0.0625,0.0,,,,,,
00-0040586,Jaydon Blue,DAL,1H,5,22.0,7.0,27.86395521098898,0.0,6.0,21.0,76.0,,,0.2,4.2,3.0,0.2784502262443439,0.25113970588235296,0.2,0.2,0.2,,,,,,
00-0040644,Trevor Etienne,CAR,1H,6,1.1666666666666667,0.0,1.8633899812498245,0.0,0.0,1.5,5.0,,,0.0,0.5,0.0,0.046474358974358976,0.02238583965491596,0.0,0.0,0.0,,,,,,
00-0040666,Omarion Hampton,LAC,1H,9,26.555555555555557,24.0,11.451454163953843,8.0,22.0,33.0,48.0,,,0.4444444444444444,7.111111111111111,7.0,0.6149752934066659,0.5195394607854955,0.2222222222222222,0.1111111111111111,0.0,,,,,,
00-0040715,Cam Skattebo,NYG,1H,8,23.75,24.5,15.538259233260334,-3.0,12.0,36.0,46.0,,,0.5,5.75,5.5,0.4102731150428519,0.3664827732071987,0.375,0.125,0.0,,,,,,
00-0040719,Bhayshul Tuten,JAX,1H,15,10.0,7.0,10.807404868885037,0.0,4.5,11.5,47.0,,,0.06666666666666667,2.4,2.0,0.19858367123073004,0.21194018699707567,0.06666666666666667,0.06666666666666667,0.0,,,,,,
00-0040730,RJ Harvey,DEN,1H,17,14.588235294117647,7.0,15.289592090620923,-1.0,4.0,24.0,49.0,,,0.23529411764705882,4.176470588235294,3.0,0.3576939958905903,0.2826911393332723,0.11764705882352941,0.058823529411764705,0.0,,,,,,
00-0040734,TreVeyon Henderson,NE,1H,17,25.294117647058822,23.0,18.842270082676134,2.0,11.0,30.0,79.0,,,0.47058823529411764,5.705882352941177,5.0,0.36824236434210855,0.3723794112972246,0.23529411764705882,0.11764705882352941,0.058823529411764705,,,,,,
00-0040784,Quinshon Judkins,CLE,1H,14,29.5,23.0,19.122723954200968,3.0,16.5,39.0,75.0,,,0.42857142857142855,9.0,8.0,0.6950747523089503,0.7068668708017942,0.35714285714285715,0.21428571428571427,0.07142857142857142,,,,,,
00-0029892,Kyle Juszczyk,SF,Full Game,2,-1.5,-1.5,0.5,-2.0,-1.75,-1.25,-1.0,,,,1.0,1.0,0.027972027972027972,-0.012503883193538366,,,,0.0,0.0,0.0,0.0,0.0,0.0
00-0031687,Raheem Mostert,LV,Full Game,8,13.0,6.0,19.748417658131498,-4.0,3.5,10.0,62.0,,,,2.75,1.5,0.11402007061785288,0.1189492850980126,,,,0.125,0.125,0.125,0.0,0.0,0.0
00-0032104,Ameer Abdullah,IND,Full Game,8,7.5,5.5,5.830951894845301,1.0,3.75,9.0,19.0,,,,1.75,1.5,0.07190567579297556,0.06971172473930953,,,,0.0,0.0,0.0,0.0,0.0,0.0
00-0032764,Derrick Henry,BAL,Full Game,17,93.82352941176471,94.0,48.84698231887923,23.0,60.0,122.0,216.0,,,,18.058823529411764,18.0,0.5984831701048312,0.6009793605254157,,,,0.8823529411764706,0.8235294117647058,0.7647058823529411,0.6470588235294118,0.5294117647058824,0.47058823529411764
00-0032918,C.J. Ham,MIN,Full Game,3,1.6666666666666667,1.0,0.9428090415820634,1.0,1.0,2.0,3.0,,,,1.0,1.0,0.03341013824884793,0.015534024177896634,,,,0.0,0.0,0.0,0.0,0.0,0.0
00-0033280,Christian McCaffrey,SF,Full Game,17,70.70588235294117,57.0,34.220332287523334,23.0,52.0,89.0,140.0,,,,18.294117647058822,20.0,0.6571025776582964,0.6480981562703904,,,,0.8235294117647058,0.7647058823529411,0.47058823529411764,0.4117647058823529,0.35294117647058826,0.23529411764705882
00-0033293,Aaron Jones,MIN,Full Game,12,45.666666666666664,44.0,25.991451586157236,3.0,23.0,71.5,85.0,,,,11.0,9.0,0.4623854869985977,0.4129532586011211,,,,0.5833333333333334,0.4166666666666667,0.3333333333333333,0.3333333333333333,0.08333333333333333,0.0
00-0033376,Patrick Ricard,BAL,Full Game,1,3.0,3.0,0.0,3.0,3.0,3.0,3.0,,,,1.0,1.0,0.027777777777777776,0.019736842105263157,,,,0.0,0.0,0.0,0.0,0.0,0.0
00-0033526,Samaje Perine,CIN,Full Game,13,29.384615384615383,27.0,22.70052002636626,4.0,16.0,39.0,94.0,,,,6.461538461538462,6.0,0.27247671317568556,0.28667852642252495,,,,0.23076923076923078,0.07692307692307693,0.07692307692307693,0.07692307692307693,0.07692307692307693,0.0
00-0033553,James Conner,ARI,Full Game,3,31.666666666666668,34.0,7.1336448530109,22.0,28.0,36.5,39.0,,,,10.666666666666666,11.0,0.4219576719576719,0.29643486794133905,,,,0.0,0.0,0.0,0.0,0.0,0.0
00-0033699,Austin Ekeler,WAS,Full Game,2,21.5,21.5,4.5,17.0,19.25,23.75,26.0,,,,7.0,7.0,0.3042763157894737,0.22575757575757574,,,,0.0,0.0,0.0,0.0,0.0,0.0
00-0033854,Dare Ogunbowale,HOU,Full Game,6,4.166666666666667,4.0,4.179978734661484,-3.0,2.25,8.0,9.0,,,,1.8333333333333333,1.0,0.0592227677241118,0.03291288571928915,,,,0.0,0.0,0.0,0.0,0.0,0.0
00-0033906,Alvin Kamara,NO,Full Game,11,42.81818181818182,31.0,27.70565476189155,11.0,24.0,57.5,99.0,,,,11.909090909090908,11.0,0.47151455604141024,0.4555709335030617,,,,0.45454545454545453,0.2727272727272727,0.2727272727272727,0.2727272727272727,0.18181818181818182,0.0
00-0033923,Kareem Hunt,KC,Full Game,17,35.94117647058823,34.0,23.228964141487353,2.0,18.0,49.0,104.0,,,,9.588235294117647,8.0,0.3877727236100106,0.3441081018313128,,,,0.35294117647058826,0.17647058823529413,0.058823529411764705,0.058823529411764705,0.058823529411764705,0.058823529411764705
00-0033955,Jeremy McNichols,WAS,Full Game,15,14.733333333333333,6.0,19.621303615090294,-2.0,3.0,23.5,78.0,,,,2.933333333333333,2.0,0.0964770912456462,0.09753704786756161,,,,0.06666666666666667,0.06666666666666667,0.06666666666666667,0.06666666666666667,0.0,0.0
00-0034367,Nyheim Hines,LAC,Full Game,1,-2.0,-2.0,0.0,-2.0,-2.0,-2.0,-2.0,,,,2.0,2.0,0.046511627906976744,-0.00966183574879227,,,,0.0,0.0,0.0,0.0,0.0,0.0
00-0034791,Nick Chubb,HOU,Full Game,15,33.733333333333334,34.0,18.816541186472666,1.0,16.5,47.0,61.0,,,,8.133333333333333,9.0,0.3064216826180765,0.31882611513490855,,,,0.4,0.2,0.13333333333333333,0.0,0.0,0.0
00-0034844,Saquon Barkley,PHI,Full Game,16,71.25,60.0,35.27481396123869,22.0,45.5,84.25,150.0,,,,17.5,18.5,0.6229554389678241,0.6253052644781183,,,,0.875,0.6875,0.5625,0.375,0.3125,0.1875
00-0034959,Andrew Beck,NYJ,Full Game,1,5.0,5.0,0.0,5.0,5.0,5.0,5.0,,,,1.0,1.0,0.03125,0.038461538461538464,,,,0.0,0.0,0.0,0.0,0.0,0.0
00-0034975,Justice Hill,BAL,Full Game,8,11.625,2.5,25.529088800817,-14.0,1.75,9.25,76.0,,,,2.25,1.5,0.08646178253858527,0.09291779502714399,,,,0.125,0.125,0.125,0.125,0.0,0.0
00-0035125,Alec Ingold,MIA,Full Game,2,4.5,4.5,1.5,3.0,3.75,5.25,6.0,,,,1.0,1.0,0.03943452380952381,0.02617733150542814,,,,0.0,0.0,0.0,0.0,0.0,0.0
00-0035243,Miles Sanders,DAL,Full Game,4,29.25,28.0,18.417043736713012,8.0,13.25,44.0,53.0,,,,5.0,4.5,0.22182817182817183,0.2409270764885738,,,,0.5,0.25,0.0,0.0,0.0,0.0
00-0035250,Devin Singletary,NYG,Full Game,17,25.705882352941178,20.0,19.356606125352698,0.0,10.0,44.0,68.0,,,,7.0,7.0,0.22852422514375376,0.19714107471594608,,,,0.35294117647058826,0.058823529411764705,0.058823529411764705,0.0,0.0,0.0
00-0035261,Tony Pollard,TEN,Full Game,17,63.64705882352941,60.0,35.57418293298499,18.0,44.0,85.0,161.0,,,,14.235294117647058,14.0,0.6433897257851475,0.6542110673357276,,,,0.7647058823529411,0.5882352941176471,0.5294117647058824,0.29411764705882354,0.29411764705882354,0.17647058823529413
00-0035291,Trayveon Williams,CLE,Full Game,4,9.25,8.5,5.11737237261468,3.0,6.0,11.75,17.0,,,,1.75,1.5,0.07023521505376344,0.08844429052585832,,,,0.0,0.0,0.0,0.0,0.0,0.0
00-0035291,Trayveon Williams,LAC,Full Game,1,-1.0,-1.0,0.0,-1.0,-1.0,-1.0,-1.0,,,,3.0,3.0,0.1875,-0.023809523809523808,,,,0.0,0.0,0.0,0.0,0.0,0.0
00-0035311,Myles Gaskin,SEA,Full Game,1,6.0,6.0,0.0,6.0,6.0,6.0,6.0,,,,3.0,3.0,0.09375,0.048,,,,0.0,0.0,0.0,0.0,0.0,0.0
00-0035537,Ty Johnson,BUF,Full Game,17,11.764705882352942,9.0,9.019778344509527,0.0,6.0,15.0,36.0,,,,2.9411764705882355,2.0,0.08713494608476316,0.07806297112516676,,,,0.0,0.0,0.0,0.0,0.0,0.0
00-0035567,Craig Reynolds,DET,Full Game,1,4.0,4.0,0.0,4.0,4.0,4.0,4.0,,,,3.0,3.0,0.1,0.022598870056497175,,,,0.0,0.0,0.0,0.0,0.0,0.0
00-0035594,Travis Homer,CHI,Full Game,1,-2.0,-2.0,0.0,-2.0,-2.0,-2.0,-2.0,,,,1.0,1.0,0.02564102564102564,-0.014285714285714285,,,,0.0,0.0,0.0,0.0,0.0,0.0
00-0035628,D'Ernest Johnson,ARI,Full Game,1,0.0,0.0,0.0,0.0,0.0,0.0,0.0,,,,1.0,1.0,0.03571428571428571,0.0,,,,0.0,0.0,0.0,0.0,0.0,0.0
00-0035628,D'Ernest Johnson,NE,Full Game,4,6.25,5.5,4.322904116447646,1.0,4.0,7.75,13.0,,,,3.25,3.5,0.10157952069716775,0.0460219488990487,,,,0.0,0.0,0.0,0.0,0.0,0.0
00-0035685,David Montgomery,DET,Full Game,17,42.11764705882353,32.0,32.38714769225808,12.0,24.0,57.0,151.0,,,,9.294117647058824,9.0,0.35359030585214896,0.4038597179309629,,,,0.4117647058823529,0.29411764705882354,0.23529411764705882,0.11764705882352941,0.058823529411764705,0.058823529411764705
00-0035700,Josh Jacobs,GB,Full Game,15,61.93333333333333,73.0,26.456169202832235,3.0,38.0,85.0,93.0,,,,15.6,17.0,0.5658722329594369,0.5351351322019567,,,,0.7333333333333333,0.6666666666666666,0.6,0.5333333333333333,0.4,0.0
00-0036139,Rico Dowdle,CAR,Full Game,17,63.294117647058826,49.0,55.56740973107757,9.0,30.0,59.0,206.0,,,,13.882352941176471,12.0,0.4997707046562394,0.5011951653897072,,,,0.5882352941176471,0.47058823529411764,0.23529411764705882,0.23529411764705882,0.17647058823529413,0.17647058823529413
00-0036158,J.K. Dobbins,DEN,Full Game,10,77.2,78.0,18.998947339260667,40.0,66.25,82.5,111.0,,,,15.3,15.0,0.5727533731688234,0.6145400677087505,,,,1.0,0.9,0.9,0.7,0.4,0.2
00-0036187,Reggie Gilliam,BUF,Full Game,1,4.0,4.0,0.0,4.0,4.0,4.0,4.0,,,,2.0,2.0,0.046511627906976744,0.018957345971563982,,,,0.0,0.0,0.0,0.0,0.0,0.0
00-0036223,Jonathan Taylor,IND,Full Game,17,93.23529411764706,76.0,51.61227557102455,26.0,66.0,102.0,244.0,,,,19.0,17.0,0.7432978254208953,0.7932596753917507,,,,0.9411764705882353,0.8235294117647058,0.7647058823529411,0.7058823529411765,0.47058823529411764,0.29411764705882354
00-0036265,AJ Dillon,PHI,Full Game,5,12.0,12.0,5.966573556070519,2.0,10.0,17.0,19.0,,,,2.4,3.0,0.0985501688713763,0.1412549178561993,,,,0.0,0.0,0.0,0.0,0.0,0.0
00-0036275,D'Andre Swift,CHI,Full Game,16,67.9375,60.5,31.948139128124506,15.0,43.75,92.0,125.0,,,,13.9375,13.0,0.4799302733223348,0.49622139453461644,,,,0.8125,0.6875,0.5,0.375,0.375,0.1875
00-0036328,Antonio Gibson,NE,Full Game,5,21.2,27.0,9.431860898041277,3.0,21.0,27.0,28.0,,,,5.0,6.0,0.18979449669104842,0.2123991251119207,,,,0.0,0.0,0.0,0.0,0.0,0.0
00-0036360,Clyde Edwards-Helaire,KC,Full Game,2,6.5,6.5,1.5,5.0,5.75,7.25,8.0,,,,3.5,3.5,0.11097560975609756,0.058672596647280195,,,,0.0,0.0,0.0,0.0,0.0,0.0
00-0036414,Cam Akers,MIN,Full Game,1,19.0,19.0,0.0,19.0,19.0,19.0,19.0,,,,5.0,5.0,0.16129032258064516,0.11242603550295859,,,,0.0,0.0,0.0,0.0,0.0,0.0
00-0036425,DeeJay Dallas,CAR,Full Game,1,0.0,0.0,0.0,0.0,0.0,0.0,0.0,,,,1.0,1.0,0.02631578947368421,0.0,,,,0.0,0.0,0.0,0.0,0.0,0.0
00-0036425,DeeJay Dallas,JAX,Full Game,1,21.0,21.0,0.0,21.0,21.0,21.0,21.0,,,,2.0,2.0,0.06896551724137931,0.17355371900826447,,,,0.0,0.0,0.0,0.0,0.0,0.0
00-0036555,Chuba Hubbard,CAR,Full Game,15,34.06666666666667,29.0,21.628581912727324,10.0,16.5,43.5,83.0,,,,8.933333333333334,8.0,0.33829055485030973,0.35735685180129184,,,,0.26666666666666666,0.2,0.13333333333333333,0.13333333333333333,0.06666666666666667,0.0
00-0036727,Adam Prentice,DEN,Full Game,8,5.5,3.0,6.652067347825035,-1.0,2.75,5.0,22.0,,,,1.25,1.0,0.04318635023042873,0.041615815251732385,,,,0.0,0.0,0.0,0.0,0.0,0.0
00-0036755,Jaret Patterson,LAC,Full Game,6,26.5,29.5,19.922767545365446,1.0,8.0,40.5,54.0,,,,6.833333333333333,8.5,0.21171548298329992,0.17348362210938725,,,,0.3333333333333333,0.16666666666666666,0.0,0.0,0.0,0.0
00-0036842,Kene Nwangwu,NYJ,Full Game,2,24.5,24.5,6.5,18.0,21.25,27.75,31.0,,,,6.5,6.5,0.2593167701863354,0.22494697773064687,,,,0.0,0.0,0.0,0.0,0.0,0.0
00-0036875,Rhamondre Stevenson,NE,Full Game,14,43.07142857142857,39.0,32.130235617192824,5.0,18.0,50.75,131.0,,,,9.285714285714286,8.0,0.3198059932387077,0.3158556846411167,,,,0.5,0.35714285714285715,0.14285714285714285,0.14285714285714285,0.14285714285714285,0.07142857142857142
00-0036893,Najee Harris,LAC,Full Game,3,20.333333333333332,28.0,10.842303978193728,5.0,16.5,28.0,28.0,,,,5.0,6.0,0.18732600732600732,0.22179517043248698,,,,0.0,0.0,0.0,0.0,0.0,0.0
00-0036906,Khalil Herbert,NYJ,Full Game,3,17.333333333333332,5.0,17.441967269268172,5.0,5.0,23.5,42.0,,,,5.333333333333333,2.0,0.218555900621118,0.22588166517116678,,,,0.3333333333333333,0.0,0.0,0.0,0.0,0.0
00-0036919,Kenneth Gainwell,PIT,Full Game,16,33.5625,21.0,29.344864861675543,-1.0,15.75,35.75,99.0,,,,7.125,5.5,0.28259210364820014,0.3043468926288404,,,,0.25,0.25,0.1875,0.1875,0.1875,0.0
00-0036924,Michael Carter,ARI,Full Game,13,25.615384615384617,18.0,19.94044387106636,1.0,11.0,34.0,65.0,,,,7.076923076923077,7.0,0.34271572772558945,0.3190256358024577,,,,0.23076923076923078,0.23076923076923078,0.07692307692307693,0.0,0.0,0.0
00-0036973,Travis Etienne,JAX,Full Game,17,65.11764705882354,58.0,31.353548167615127,27.0,44.0,76.0,143.0,,,,15.294117647058824,16.0,0.5367940387236996,0.554637516932807,,,,0.7647058823529411,0.6470588235294118,0.47058823529411764,0.47058823529411764,0.23529411764705882,0.11764705882352941
00-0036997,Javonte Williams,DAL,Full Game,16,75.0625,79.5,28.294144160055453,29.0,54.0,91.5,135.0,,,,15.75,15.5,0.5935876879001654,0.6248527533016734,,,,0.875,0.8125,0.625,0.5625,0.5,0.125
00-0037085,Tyler Badie,DEN,Full Game,4,5.75,4.5,6.5717197140474575,-2.0,1.75,8.5,16.0,,,,2.0,1.5,0.06773233486943164,0.03674126511764426,,,,0.0,0.0,0.0,0.0,0.0,0.0
00-0037120,Tyler Goodson,IND,Full Game,5,4.8,4.0,2.481934729198171,2.0,3.0,6.0,9.0,,,,1.8,2.0,0.07852884243128144,0.05260414826431962,,,,0.0,0.0,0.0,0.0,0.0,0.0
00-0037157,Bam Knight,ARI,Full Game,10,26.9,25.5,19.04442175546425,-2.0,13.0,32.5,62.0,,,,8.2,9.5,0.3825101077280908,0.33255956016457977,,,,0.2,0.2,0.1,0.0,0.0,0.0
00-0037197,Isiah Pacheco,KC,Full Game,13,35.53846153846154,34.0,13.089134569824783,16.0,25.0,45.0,58.0,,,,9.076923076923077,9.0,0.36338931898829385,0.34386384415363713,,,,0.3076923076923077,0.23076923076923078,0.0,0.0,0.0,0.0
00-0037228,Jaylen Warren,PIT,Full Game,16,59.875,57.0,32.511296113812506,13.0,36.5,66.5,143.0,,,,13.1875,13.5,0.5784277748631969,0.6155715668144653,,,,0.6875,0.5625,0.5,0.1875,0.125,0.125
00-0037248,James Cook,BUF,Full Game,17,95.3529411764706,107.0,46.216805164190816,15.0,53.0,117.0,216.0,,,,18.176470588235293,18.0,0.5812186625046636,0.5951241639604392,,,,0.9411764705882353,0.7647058823529411,0.7058823529411765,0.7058823529411765,0.6470588235294118,0.5294117647058824
00-0037256,Rachaad White,TB,Full Game,17,33.64705882352941,38.0,18.12356664180837,7.0,17.0,45.0,65.0,,,,7.764705882352941,7.0,0.3020969620388336,0.32827857843245195,,,,0.35294117647058826,0.23529411764705882,0.11764705882352941,0.0,0.0,0.0
00-0037258,Dameon Pierce,HOU,Full Game,2,13.0,13.0,8.0,5.0,9.0,17.0,21.0,,,,5.0,5.0,0.1616161616161616,0.08480407605840949,,,,0.0,0.0,0.0,0.0,0.0,0.0
00-0037258,Dameon Pierce,KC,Full Game,1,10.0,10.0,0.0,10.0,10.0,10.0,10.0,,,,4.0,4.0,0.17391304347826086,0.11904761904761904,,,,0.0,0.0,0.0,0.0,0.0,0.0
00-0037263,Tyler Allgeier,ATL,Full Game,17,30.235294117647058,23.0,22.94630410267236,4.0,16.0,44.0,79.0,,,,8.411764705882353,10.0,0.27834646612619374,0.2397993336283521,,,,0.29411764705882354,0.23529411764705882,0.11764705882352941,0.11764705882352941,0.0,0.0
00-0037267,Jerome Ford,CLE,Full Game,9,8.11111111111111,2.0,10.857096444716541,-3.0,0.0,17.0,31.0,,,,2.6666666666666665,1.0,0.10802793732532294,0.08762269158087718,,,,0.0,0.0,0.0,0.0,0.0,0.0
00-0037276,Ty Chandler,MIN,Full Game,2,23.5,23.5,0.5,23.0,23.25,23.75,24.0,,,,8.5,8.5,0.28629032258064513,0.15989097292802365,,,,0.0,0.0,0.0,0.0,0.0,0.0
00-0037329,Brittain Brown,CHI,Full Game,1,37.0,37.0,0.0,37.0,37.0,37.0,37.0,,,,5.0,5.0,0.13513513513513514,0.13074204946996468,,,,0.0,0.0,0.0,0.0,0.0,0.0
00-0037525,Jordan Mason,MIN,Full Game,16,47.375,46.0,28.068832804375745,3.0,29.75,57.0,116.0,,,,9.9375,10.0,0.42245889812585413,0.44757628092839563,,,,0.625,0.4375,0.1875,0.125,0.125,0.0625
00-0037557,Ronnie Rivers,LA,Full Game,2,23.0,23.0,18.0,5.0,14.0,32.0,41.0,,,,4.5,4.5,0.1361111111111111,0.10406844770385891,,,,0.5,0.0,0.0,0.0,0.0,0.0
00-0037563,Malik Davis,DAL,Full Game,9,27.77777777777778,21.0,29.57768595027068,3.0,6.0,24.0,103.0,,,,5.777777777777778,3.0,0.1840622060129242,0.19129768912163014,,,,0.2222222222222222,0.1111111111111111,0.1111111111111111,0.1111111111111111,0.1111111111111111,0.1111111111111111
00-0037594,Julius Chestnut,TEN,Full Game,7,5.714285714285714,3.0,8.41281820819169,0.0,1.5,4.0,26.0,,,,1.5714285714285714,2.0,0.06790370430121984,0.06659664036108909,,,,0.0,0.0,0.0,0.0,0.0,0.0
00-0037617,Hassan Haskins,LAC,Full Game,5,9.4,13.0,5.238320341483518,3.0,3.0,14.0,14.0,,,,3.4,4.0,0.1313032708032708,0.0716160918043515,,,,0.0,0.0,0.0,0.0,0.0,0.0
00-0037745,Velus Jones Jr.,SEA,Full Game,1,32.0,32.0,0.0,32.0,32.0,32.0,32.0,,,,4.0,4.0,0.15384615384615385,0.24806201550387597,,,,0.0,0.0,0.0,0.0,0.0,0.0
00-0037746,Brian Robinson,SF,Full Game,15,26.666666666666668,22.0,11.358794928258112,9.0,20.5,34.5,53.0,,,,6.133333333333334,6.0,0.2073083585078991,0.2485500115380125,,,,0.2,0.06666666666666667,0.0,0.0,0.0,0.0
00-0037840,Kyren Williams,LA,Full Game,17,73.6470588235294,72.0,17.0153604531165,46.0,65.0,84.0,114.0,,,,15.235294117647058,13.0,0.5734416333416623,0.6218440535070985,,,,1.0,0.9411764705882353,0.8235294117647058,0.5882352941176471,0.29411764705882354,0.058823529411764705
00-0038040,Zamir White,LV,Full Game,5,6.4,5.0,7.116178749862878,-2.0,2.0,8.0,19.0,,,,2.4,2.0,0.09801691729323309,0.07837307330440832,,,,0.0,0.0,0.0,0.0,0.0,0.0
00-0038120,Breece Hall,NYJ,Full Game,16,66.5625,58.5,33.739755389599374,21.0,41.75,89.0,133.0,,,,15.1875,14.0,0.5728781840928374,0.533071215181008,,,,0.75,0.625,0.4375,0.375,0.375,0.25
00-0038134,Kenneth Walker III,SEA,Full Game,17,60.411764705882355,66.0,26.95761122147447,17.0,38.0,81.0,105.0,,,,13.0,13.0,0.4410039506676115,0.48881963825858427,,,,0.7058823529411765,0.6470588235294118,0.5294117647058824,0.35294117647058826,0.29411764705882354,0.11764705882352941
00-0038397,Evan Hull,NO,Full Game,6,8.0,7.5,4.83045891539648,3.0,3.25,11.75,15.0,,,,3.1666666666666665,3.0,0.12338579730789874,0.08813377715149501,,,,0.0,0.0,0.0,0.0,0.0,0.0
00-0038440,Zavier Scott,MIN,Full Game,9,12.666666666666666,15.0,8.589399151150083,1.0,4.0,17.0,30.0,,,,3.5555555555555554,3.0,0.15202362916351034,0.14931656368186308,,,,0.0,0.0,0.0,0.0,0.0,0.0
00-0038454,Keaton Mitchell,BAL,Full Game,12,28.416666666666668,25.0,22.347476864787716,2.0,10.75,34.0,76.0,,,,4.916666666666667,4.0,0.1551668701261416,0.168171937766689,,,,0.25,0.16666666666666666,0.16666666666666666,0.08333333333333333,0.0,0.0
00-0038458,Owen Wright,TB,Full Game,1,6.0,6.0,0.0,6.0,6.0,6.0,6.0,,,,3.0,3.0,0.10344827586206896,0.04878048780487805,,,,0.0,0.0,0.0,0.0,0.0,0.0
00-0038542,Bijan Robinson,ATL,Full Game,17,86.94117647058823,76.0,48.77737010038605,24.0,46.0,104.0,195.0,,,,16.88235294117647,17.0,0.6146281759410127,0.6633335199247439,,,,0.8235294117647058,0.7058823529411765,0.7058823529411765,0.7058823529411765,0.47058823529411764,0.29411764705882354
00-0038551,Kendre Miller,NO,Full Game,7,27.571428571428573,24.0,18.684272552505934,7.0,14.5,34.0,65.0,,,,6.714285714285714,7.0,0.2452444306664255,0.26982478522724146,,,,0.2857142857142857,0.14285714285714285,0.14285714285714285,0.0,0.0,0.0
00-0038555,Tank Bigsby,JAX,Full Game,1,12.0,12.0,0.0,12.0,12.0,12.0,12.0,,,,5.0,5.0,0.15625,0.06,,,,0.0,0.0,0.0,0.0,0.0,0.0
00-0038555,Tank Bigsby,PHI,Full Game,10,34.4,22.5,32.68088126106761,4.0,7.25,52.0,104.0,,,,5.8,3.5,0.1998373909834116,0.25839689295401785,,,,0.3,0.3,0.2,0.2,0.1,0.1
00-0038597,Chase Brown,CIN,Full Game,17,59.94117647058823,53.0,30.539214112611297,3.0,40.0,78.0,108.0,,,,13.647058823529411,12.0,0.6224523149315218,0.652760380956084,,,,0.7647058823529411,0.5294117647058824,0.47058823529411764,0.4117647058823529,0.23529411764705882,0.17647058823529413
00-0038611,Chris Rodriguez Jr.,WAS,Full Game,12,41.666666666666664,46.5,25.276251480171837,2.0,15.0,63.5,79.0,,,,9.333333333333334,10.5,0.3119191696156834,0.31104182771237937,,,,0.5833333333333334,0.5,0.3333333333333333,0.08333333333333333,0.0,0.0
00-0038685,Chris Brooks,GB,Full Game,7,15.142857142857142,8.0,19.78042734933826,1.0,2.5,15.5,61.0,,,,3.857142857142857,1.0,0.11405904654351859,0.11572063314910729,,,,0.14285714285714285,0.14285714285714285,0.14285714285714285,0.0,0.0,0.0
00-0038705,Emari Demercado,ARI,Full Game,11,28.363636363636363,11.0,30.212197197558016,0.0,4.5,47.0,81.0,,,,4.0,3.0,0.19372401490974556,0.25779644718779166,,,,0.2727272727272727,0.2727272727272727,0.2727272727272727,0.18181818181818182,0.09090909090909091,0.0
00-0038738,Hunter Luepke,DAL,Full Game,7,10.142857142857142,6.0,9.598044018423328,0.0,3.5,14.0,30.0,,,,2.2857142857142856,1.0,0.06795168285471521,0.06509977523024255,,,,0.0,0.0,0.0,0.0,0.0,0.0
00-0038794,Jaleel McLaughlin,DEN,Full Game,8,23.375,23.0,14.645285077457523,0.0,15.25,37.75,41.0,,,,4.625,5.5,0.18562622633069842,0.22748269239075244,,,,0.25,0.0,0.0,0.0,0.0,0.0
00-0038797,Emanuel Wilson,GB,Full Game,16,31.0,16.5,29.434248758886305,2.0,10.75,44.0,107.0,,,,7.8125,6.0,0.25103725234758156,0.2465796890435716,,,,0.375,0.1875,0.1875,0.125,0.125,0.0625
00-0038896,Jacob Saylors,DET,Full Game,1,11.0,11.0,0.0,11.0,11.0,11.0,11.0,,,,2.0,2.0,0.06896551724137931,0.10091743119266056,,,,0.0,0.0,0.0,0.0,0.0,0.0
00-0038951,Sean Tucker,TB,Full Game,14,22.857142857142858,7.5,29.14460779055546,-4.0,3.0,38.75,106.0,,,,6.142857142857143,4.0,0.21448197138923203,0.18610816001896602,,,,0.2857142857142857,0.14285714285714285,0.07142857142857142,0.07142857142857142,0.07142857142857142,0.07142857142857142
00-0039021,Roschon Johnson,CHI,Full Game,2,8.5,8.5,2.5,6.0,7.25,9.75,11.0,,,,1.0,1.0,0.031018518518518518,0.044774774774774775,,,,0.0,0.0,0.0,0.0,0.0,0.0
00-0039032,Tyjae Spears,TEN,Full Game,13,21.76923076923077,19.0,18.000657450189234,-1.0,4.0,31.0,59.0,,,,5.538461538461538,5.0,0.2488734227588717,0.23538529362700447,,,,0.15384615384615385,0.15384615384615385,0.0,0.0,0.0,0.0
00-0039040,De'Von Achane,MIA,Full Game,16,84.375,81.5,38.8520832774769,16.0,61.5,104.25,174.0,,,,14.875,14.5,0.6127674599028355,0.7047962219883422,,,,0.875,0.875,0.8125,0.5625,0.5625,0.25
00-0039139,Jahmyr Gibbs,DET,Full Game,17,71.94117647058823,65.0,51.95752856984736,2.0,39.0,91.0,219.0,,,,14.294117647058824,15.0,0.5577114939435424,0.5525324788642675,,,,0.7058823529411765,0.5882352941176471,0.5294117647058824,0.35294117647058826,0.35294117647058826,0.17647058823529413
00-0039165,Zach Charbonnet,SEA,Full Game,16,45.625,38.0,24.090649119523533,10.0,31.75,49.75,110.0,,,,11.5,12.0,0.3884402032094592,0.37231242725164276,,,,0.4375,0.25,0.1875,0.1875,0.125,0.0625
00-0039266,Kendall Milton,CIN,Full Game,1,2.0,2.0,0.0,2.0,2.0,2.0,2.0,,,,2.0,2.0,0.09090909090909091,0.01904761904761905,,,,0.0,0.0,0.0,0.0,0.0,0.0
00-0039299,George Holani,SEA,Full Game,4,18.25,18.0,10.894379284750462,6.0,8.25,28.0,31.0,,,,5.5,5.0,0.1593367683041596,0.15340691396725878,,,,0.0,0.0,0.0,0.0,0.0,0.0
00-0039361,Bucky Irving,TB,Full Game,10,58.8,62.0,17.70197729068705,19.0,56.25,69.75,85.0,,,,17.3,16.5,0.5986402449733651,0.4950145595369578,,,,0.8,0.8,0.7,0.3,0.1,0.0
00-0039364,Sione Vaki,DET,Full Game,1,4.0,4.0,0.0,4.0,4.0,4.0,4.0,,,,1.0,1.0,0.030303030303030304,0.017699115044247787,,,,0.0,0.0,0.0,0.0,0.0,0.0
00-0039373,Audric Estimé,NO,Full Game,5,39.6,19.0,33.368248380758615,11.0,11.0,63.0,94.0,,,,9.2,5.0,0.3660275919732442,0.38741686570607897,,,,0.4,0.4,0.4,0.2,0.2,0.0
00-0039384,Tyrone Tracy Jr.,NYG,Full Game,15,49.333333333333336,46.0,27.63009631221401,6.0,26.5,70.5,103.0,,,,11.733333333333333,10.0,0.3963188059084667,0.3880690260428186,,,,0.5333333333333333,0.4666666666666667,0.4666666666666667,0.3333333333333333,0.13333333333333333,0.06666666666666667
00-0039391,Kimani Vidal,LAC,Full Game,12,53.583333333333336,31.5,45.27224744685079,11.0,16.75,100.5,126.0,,,,12.916666666666666,12.0,0.4285387734392471,0.3956901208309629,,,,0.4166666666666667,0.3333333333333333,0.3333333333333333,0.3333333333333333,0.3333333333333333,0.25
00-0039405,Jawhar Jordan,HOU,Full Game,4,48.25,44.5,35.36506044106245,3.0,27.75,65.0,101.0,,,,10.75,11.5,0.3557531622788976,0.4180801821563451,,,,0.5,0.5,0.25,0.25,0.25,0.25
00-0039407,Dylan Laube,LV,Full Game,3,3.0,3.0,0.816496580927726,2.0,2.5,3.5,4.0,,,,2.3333333333333335,2.0,0.1476023976023976,0.07615396602773881,,,,0.0,0.0,0.0,0.0,0.0,0.0
00-0039603,British Brooks,HOU,Full Game,3,26.0,15.0,26.870057685088806,0.0,7.5,39.0,63.0,,,,5.666666666666667,2.0,0.1794282106782107,0.18665653767092683,,,,0.3333333333333333,0.3333333333333333,0.3333333333333333,0.0,0.0,0.0
00-0039738,Blake Corum,LA,Full Game,17,43.88235294117647,44.0,30.478309264789253,2.0,21.0,58.0,128.0,,,,8.529411764705882,8.0,0.3017603123678761,0.3184490714206364,,,,0.5294117647058824,0.4117647058823529,0.17647058823529413,0.17647058823529413,0.11764705882352941,0.058823529411764705
00-0039746,Will Shipley,PHI,Full Game,6,8.166666666666666,2.0,9.805044053388485,0.0,2.0,13.25,26.0,,,,2.3333333333333335,2.5,0.08466121082220153,0.062391122648750484,,,,0.0,0.0,0.0,0.0,0.0,0.0
00-0039757,Terrell Jennings,NE,Full Game,5,14.6,15.0,12.109500402576483,0.0,5.0,18.0,35.0,,,,4.6,4.0,0.1419542584058713,0.10718104113570728,,,,0.0,0.0,0.0,0.0,0.0,0.0
00-0039794,Braelon Allen,NYJ,Full Game,4,19.0,18.5,9.137833441248533,9.0,10.5,27.0,30.0,,,,4.5,5.0,0.1632027392896958,0.14861513697808115,,,,0.0,0.0,0.0,0.0,0.0,0.0
00-0039796,Rasheen Ali,BAL,Full Game,4,6.0,3.5,6.59545297913646,0.0,1.5,8.0,17.0,,,,1.75,1.0,0.06958449436897712,0.04210909383422921,,,,0.0,0.0,0.0,0.0,0.0,0.0
00-0039798,Isaiah Davis,NYJ,Full Game,13,18.153846153846153,10.0,19.17067533759331,2.0,8.0,18.0,65.0,,,,3.3076923076923075,3.0,0.11767757725008493,0.13878105875560204,,,,0.15384615384615385,0.15384615384615385,0.07692307692307693,0.0,0.0,0.0
00-0039874,Jaylen Wright,MIA,Full Game,9,32.0,23.0,30.681155997343602,2.0,16.0,35.0,107.0,,,,7.777777777777778,5.0,0.24238471105701637,0.21201716208830146,,,,0.2222222222222222,0.2222222222222222,0.1111111111111111,0.1111111111111111,0.1111111111111111,0.1111111111111111
00-0039875,Ray Davis,BUF,Full Game,10,27.5,9.0,44.88262470043391,-2.0,2.25,22.0,151.0,,,,5.8,2.5,0.1488421842814501,0.12779703681703863,,,,0.2,0.2,0.2,0.1,0.1,0.1
00-0039921,Trey Benson,ARI,Full Game,4,40.0,38.5,19.6596032513375,14.0,29.75,48.75,69.0,,,,7.25,8.0,0.31509775627422687,0.35820482227593314,,,,0.5,0.25,0.25,0.0,0.0,0.0
00-0040021,Phil Mafah,DAL,Full Game,1,18.0,18.0,0.0,18.0,18.0,18.0,18.0,,,,5.0,5.0,0.16666666666666666,0.1258741258741259,,,,0.0,0.0,0.0,0.0,0.0,0.0
00-0040039,Amar Johnson,LAC,Full Game,1,8.0,8.0,0.0,8.0,8.0,8.0,8.0,,,,2.0,2.0,0.125,0.19047619047619047,,,,0.0,0.0,0.0,0.0,0.0,0.0
00-0040067,Jacardia Wright,SEA,Full Game,1,20.0,20.0,0.0,20.0,20.0,20.0,20.0,,,,5.0,5.0,0.15151515151515152,0.22988505747126436,,,,0.0,0.0,0.0,0.0,0.0,0.0
00-0040078,Brashard Smith,KC,Full Game,11,13.727272727272727,7.0,16.630152839678725,1.0,4.5,11.0,56.0,,,,4.0,2.0,0.14069620892498255,0.128870987017885,,,,0.09090909090909091,0.09090909090909091,0.0,0.0,0.0,0.0
00-0040122,Ashton Jeanty,LV,Full Game,17,57.35294117647059,50.0,33.86294378723912,7.0,35.0,67.0,138.0,,,,15.647058823529411,16.0,0.7113810809545106,0.7565825385472407,,,,0.6470588235294118,0.5294117647058824,0.47058823529411764,0.23529411764705882,0.17647058823529413,0.11764705882352941
00-0040142,Kaleb Johnson,PIT,Full Game,10,6.9,4.0,7.2725511342306834,-2.0,3.0,12.25,22.0,,,,2.8,2.0,0.1157109173004534,0.07745869809550195,,,,0.0,0.0,0.0,0.0,0.0,0.0
00-0040162,Dylan Sampson,CLE,Full Game,15,11.666666666666666,8.0,12.305373713228796,-4.0,1.0,23.0,32.0,,,,4.333333333333333,3.0,0.18033831072916096,0.1490252739769645,,,,0.0,0.0,0.0,0.0,0.0,0.0
00-0040179,DJ Giddens,IND,Full Game,4,24.0,26.0,13.874436925511608,3.0,17.25,32.75,41.0,,,,6.5,6.5,0.20535714285714285,0.2271554579528552,,,,0.25,0.0,0.0,0.0,0.0,0.0
00-0040198,Ollie Gordon II,MIA,Full Game,16,12.4375,8.5,15.67629081606998,-3.0,0.75,12.5,46.0,,,,4.375,3.0,0.17199603833553478,0.0926653910974305,,,,0.125,0.0,0.0,0.0,0.0,0.0
00-0040202,Devin Neal,NO,Full Game,8,25.75,20.0,21.211730245314737,1.0,10.5,32.75,70.0,,,,7.125,5.5,0.26429937015414956,0.2671901120933375,,,,0.25,0.125,0.125,0.125,0.0,0.0
00-0040205,Kalel Mullings,TEN,Full Game,3,2.3333333333333335,3.0,1.699673171197595,0.0,1.5,3.5,4.0,,,,1.0,1.0,0.036904761904761905,0.019698620188816268,,,,0.0,0.0,0.0,0.0,0.0,0.0
00-0040208,Tahj Brooks,CIN,Full Game,6,7.5,6.0,5.024937810560445,1.0,5.0,9.25,17.0,,,,2.6666666666666665,2.5,0.11278890191933671,0.09696326028360482,,,,0.0,0.0,0.0,0.0,0.0,0.0
00-0040236,Kyle Monangai,CHI,Full Game,16,48.9375,30.5,43.671313167226835,14.0,22.0,51.75,176.0,,,,10.5625,8.5,0.3410607480835349,0.3020183233497208,,,,0.375,0.3125,0.1875,0.1875,0.1875,0.125
00-0040238,LeQuint Allen Jr.,JAX,Full Game,9,10.444444444444445,10.0,9.833176395483372,2.0,3.0,11.0,36.0,,,,2.5555555555555554,1.0,0.07983014260218718,0.0756862282270182,,,,0.0,0.0,0.0,0.0,0.0,0.0
00-0040242,Jacory Croskey-Merritt,WAS,Full Game,17,47.35294117647059,32.0,30.480352739333366,17.0,26.0,61.0,111.0,,,,10.294117647058824,10.0,0.37009769827698785,0.3563071274486954,,,,0.35294117647058826,0.29411764705882354,0.29411764705882354,0.23529411764705882,0.23529411764705882,0.11764705882352941
00-0040429,Josh Williams,TB,Full Game,1,11.0,11.0,0.0,11.0,11.0,11.0,11.0,,,,4.0,4.0,0.13793103448275862,0.125,,,,0.0,0.0,0.0,0.0,0.0,0.0
00-0040466,Raheim Sanders,CLE,Full Game,4,23.0,23.5,13.910427743243556,3.0,16.5,30.0,42.0,,,,6.75,6.5,0.25204301075268815,0.20332356051938374,,,,0.25,0.0,0.0,0.0,0.0,0.0
00-0040476,Ulysses Bentley IV,IND,Full Game,1,0.0,0.0,0.0,0.0,0.0,0.0,0.0,,,,1.0,1.0,0.025,0.0,,,,0.0,0.0,0.0,0.0,0.0,0.0
00-0040547,Nate Carter,ATL,Full Game,2,30.0,30.0,16.0,14.0,22.0,38.0,46.0,,,,4.5,4.5,0.210997442455243,0.331128074639525,,,,0.5,0.0,0.0,0.0,0.0,0.0
00-0040556,Corey Kiner,ARI,Full Game,4,14.5,12.0,10.920164833920778,2.0,8.75,17.75,32.0,,,,3.0,2.5,0.15825768434464088,0.15184450746159606,,,,0.0,0.0,0.0,0.0,0.0,0.0
00-0040583,Woody Marks,HOU,Full Game,16,43.9375,46.0,23.08535452944139,3.0,26.25,65.0,74.0,,,,12.25,10.5,0.44055621387834415,0.408959795851462,,,,0.5625,0.4375,0.4375,0.125,0.0,0.0
00-0040586,Jaydon Blue,DAL,Full Game,5,25.8,29.0,22.355312567709717,0.0,7.0,29.0,64.0,,,,7.6,7.0,0.2626060144800265,0.1891498657288131,,,,0.2,0.2,0.2,0.0,0.0,0.0
00-0040644,Trevor Etienne,CAR,Full Game,6,15.666666666666666,16.5,10.530379332620877,2.0,7.0,20.75,33.0,,,,3.3333333333333335,3.5,0.11280075187969925,0.10536128665787191,,,,0.0,0.0,0.0,0.0,0.0,0.0
00-0040666,Omarion Hampton,LAC,Full Game,9,60.55555555555556,56.0,29.85189780347534,24.0,44.0,70.0,128.0,,,,13.777777777777779,14.0,0.548260429718385,0.505264750465115,,,,0.7777777777777778,0.5555555555555556,0.4444444444444444,0.3333333333333333,0.2222222222222222,0.1111111111111111
00-0040715,Cam Skattebo,NYG,Full Game,8,51.25,59.5,31.007055648674545,-3.0,36.75,64.75,98.0,,,,12.625,13.0,0.4029565650630118,0.391457334588208,,,,0.75,0.625,0.5,0.25,0.125,0.0
00-0040719,Bhayshul Tuten,JAX,Full Game,15,20.466666666666665,17.0,17.27760271436855,5.0,9.0,22.5,74.0,,,,5.533333333333333,5.0,0.18820419786965142,0.1795702377880201,,,,0.13333333333333333,0.06666666666666667,0.06666666666666667,0.06666666666666667,0.0,0.0
00-0040730,RJ Harvey,DEN,Full Game,17,31.764705882352942,30.0,25.051780286074084,0.0,8.0,50.0,75.0,,,,8.588235294117647,7.0,0.31306299061656434,0.27204491723659174,,,,0.4117647058823529,0.29411764705882354,0.17647058823529413,0.11764705882352941,0.0,0.0
00-0040734,TreVeyon Henderson,NE,Full Game,17,53.588235294117645,53.0,41.686588086548625,3.0,27.0,67.0,148.0,,,,10.588235294117647,11.0,0.3647163281964216,0.4200659399742806,,,,0.5294117647058824,0.5294117647058824,0.4117647058823529,0.23529411764705882,0.17647058823529413,0.11764705882352941
00-0040784,Quinshon Judkins,CLE,Full Game,14,59.07142857142857,60.0,29.807631538906,19.0,28.5,83.5,110.0,,,,16.428571428571427,16.5,0.6667494540346707,0.5987894829084851,,,,0.6428571428571429,0.5714285714285714,0.5,0.42857142857142855,0.35714285714285715,0.07142857142857142
