team,q1_rush_yds_games,q1_rush_yds_mean,q1_rush_yds_median,q1_rush_yds_std,q1_rush_yds_min,q1_rush_yds_p25,q1_rush_yds_p75,q1_rush_yds_max,q1_rush_yds_hit_20,q1_rush_yds_hit_25,q1_rush_yds_hit_30,q1_rush_yds_hit_35,q1_rush_yds_hit_40,q1_rush_att_mean,q1_rush_att_median,q1_rush_att_max,team_q1_att,team_q1_yds,rb_q1_att,rb_q1_yds,rb_carry_capture,rb_yard_capture,opp_q1_rush_yds_allowed_games,opp_q1_rush_yds_allowed_mean,opp_q1_rush_yds_allowed_median,opp_q1_rush_yds_allowed_std,opp_q1_rush_yds_allowed_min,opp_q1_rush_yds_allowed_p25,opp_q1_rush_yds_allowed_p75,opp_q1_rush_yds_allowed_max,opp_q1_rush_yds_allowed_hit_20,opp_q1_rush_yds_allowed_hit_25,opp_q1_rush_yds_allowed_hit_30,opp_q1_rush_yds_allowed_hit_35,opp_q1_rush_yds_allowed_hit_40,opp_q1_rush_att_allowed_mean,opp_q1_rush_att_allowed_median,opp_q1_rush_att_allowed_max
BUF,17,43.05882352941177,42.0,24.99993079575197,11.0,19.0,67.0,80.0,0.7058823529411765,0.6470588235294118,0.5882352941176471,0.5294117647058824,0.5294117647058824,7.0,6.0,13,119,732.0,100,639.0,0.8403361344537815,0.8729508196721312,17,36.52941176470589,30.0,21.39026069488532,2.0,20.0,52.0,82.0,0.7647058823529411,0.6470588235294118,0.5294117647058824,0.4705882352941176,0.4117647058823529,7.588235294117647,7.0,13
NE,17,40.8235294117647,32.0,27.231545924269625,11.0,19.0,57.0,108.0,0.7058823529411765,0.5882352941176471,0.5294117647058824,0.4117647058823529,0.4117647058823529,7.647058823529412,7.0,13,130,694.0,109,562.0,0.8384615384615385,0.8097982708933718,17,29.058823529411764,24.0,17.8637674316257,2.0,15.0,47.0,60.0,0.6470588235294118,0.4705882352941176,0.4705882352941176,0.4117647058823529,0.2941176470588235,6.117647058823529,6.0,11
MIA,17,38.64705882352941,32.0,24.482745848671826,5.0,21.0,54.0,96.0,0.7647058823529411,0.7058823529411765,0.5882352941176471,0.4705882352941176,0.4705882352941176,6.0,7.0,11,102,657.0,94,602.0,0.9215686274509803,0.9162861491628614,17,31.94117647058824,20.0,29.18595671216129,-1.0,12.0,56.0,108.0,0.5294117647058824,0.4117647058823529,0.4117647058823529,0.3529411764705882,0.3529411764705882,7.0,7.0,12
BAL,17,37.47058823529412,38.0,27.4507422958862,-2.0,14.0,48.0,93.0,0.5882352941176471,0.5882352941176471,0.5882352941176471,0.5882352941176471,0.4705882352941176,7.647058823529412,6.0,15,130,637.0,110,520.0,0.8461538461538461,0.8163265306122449,17,21.235294117647054,18.0,14.14433751495715,0.0,15.0,30.0,54.0,0.4705882352941176,0.4117647058823529,0.2941176470588235,0.1176470588235294,0.1176470588235294,6.0,6.0,11
PHI,17,37.1764705882353,32.0,21.423558484329533,18.0,23.0,40.0,112.0,0.9411764705882352,0.7058823529411765,0.5882352941176471,0.4705882352941176,0.3529411764705882,6.647058823529412,7.0,10,113,632.0,86,498.0,0.7610619469026548,0.7879746835443038,17,29.764705882352946,30.0,16.32223100294487,11.0,18.0,36.0,84.0,0.7058823529411765,0.5882352941176471,0.5294117647058824,0.2941176470588235,0.1176470588235294,6.588235294117647,7.0,13
LA,17,35.1764705882353,27.0,22.72918645607487,8.0,15.0,50.0,79.0,0.6470588235294118,0.5294117647058824,0.4705882352941176,0.4705882352941176,0.4117647058823529,6.470588235294118,6.0,13,110,598.0,105,545.0,0.9545454545454546,0.9113712374581939,17,20.705882352941178,19.0,15.203578161976727,4.0,12.0,26.0,72.0,0.4705882352941176,0.2941176470588235,0.1176470588235294,0.0588235294117647,0.0588235294117647,5.705882352941177,5.0,12
DAL,17,33.94117647058823,29.0,20.74344854259885,5.0,20.0,44.0,78.0,0.7647058823529411,0.6470588235294118,0.4705882352941176,0.4117647058823529,0.3529411764705882,7.176470588235294,7.0,13,122,577.0,110,532.0,0.9016393442622951,0.9220103986135182,17,26.235294117647054,21.0,22.79455407551835,-1.0,5.0,42.0,71.0,0.5294117647058824,0.4117647058823529,0.3529411764705882,0.2941176470588235,0.2941176470588235,5.470588235294118,6.0,9
CHI,17,32.35294117647059,31.0,22.632462828919483,-1.0,18.0,40.0,84.0,0.7058823529411765,0.6470588235294118,0.5294117647058824,0.4117647058823529,0.3529411764705882,7.117647058823529,7.0,13,121,550.0,103,468.0,0.8512396694214877,0.850909090909091,17,31.764705882352946,22.0,23.33522813199645,-3.0,21.0,41.0,94.0,0.7647058823529411,0.4705882352941176,0.3529411764705882,0.3529411764705882,0.3529411764705882,6.470588235294118,5.0,12
WAS,17,31.058823529411764,30.0,17.857180425071704,3.0,20.0,39.0,80.0,0.7647058823529411,0.6470588235294118,0.5294117647058824,0.4117647058823529,0.2352941176470588,6.647058823529412,7.0,12,113,528.0,83,382.0,0.7345132743362832,0.7234848484848485,17,33.23529411764706,28.0,19.788675941096468,2.0,18.0,44.0,78.0,0.6470588235294118,0.6470588235294118,0.4705882352941176,0.4117647058823529,0.2941176470588235,6.470588235294118,6.0,13
IND,17,30.41176470588235,24.0,22.85261942388382,4.0,13.0,42.0,77.0,0.5882352941176471,0.4705882352941176,0.4117647058823529,0.3529411764705882,0.2941176470588235,6.588235294117647,7.0,12,112,517.0,90,404.0,0.8035714285714286,0.781431334622824,17,17.823529411764707,10.0,15.1860434924643,1.0,5.0,28.0,51.0,0.4117647058823529,0.3529411764705882,0.2352941176470588,0.1764705882352941,0.1176470588235294,5.0588235294117645,5.0,8
ATL,17,29.47058823529412,31.0,18.39155064011996,1.0,15.0,36.0,65.0,0.7058823529411765,0.5882352941176471,0.5294117647058824,0.3529411764705882,0.2352941176470588,6.588235294117647,7.0,13,112,501.0,109,493.0,0.9732142857142857,0.9840319361277445,17,29.705882352941178,27.0,17.42805279488943,1.0,17.0,40.0,77.0,0.6470588235294118,0.5882352941176471,0.4117647058823529,0.3529411764705882,0.3529411764705882,5.941176470588236,6.0,11
TB,17,29.176470588235293,31.0,12.22935376156915,7.0,21.0,34.0,51.0,0.8235294117647058,0.6470588235294118,0.5294117647058824,0.2352941176470588,0.2352941176470588,6.764705882352941,7.0,11,115,496.0,103,419.0,0.8956521739130435,0.844758064516129,17,21.11764705882353,18.0,12.860712417103205,0.0,13.0,31.0,53.0,0.4117647058823529,0.4117647058823529,0.2941176470588235,0.1176470588235294,0.1176470588235294,4.823529411764706,5.0,9
CAR,17,29.176470588235293,29.0,17.50709198856834,0.0,16.0,40.0,67.0,0.6470588235294118,0.6470588235294118,0.4705882352941176,0.4705882352941176,0.2941176470588235,6.764705882352941,7.0,13,115,496.0,96,384.0,0.8347826086956521,0.7741935483870968,17,33.76470588235294,30.0,19.20333736854002,5.0,20.0,50.0,79.0,0.7647058823529411,0.6470588235294118,0.5294117647058824,0.3529411764705882,0.3529411764705882,6.235294117647059,6.0,11
SEA,17,28.294117647058822,19.0,20.769787746748467,5.0,14.0,37.0,88.0,0.4705882352941176,0.4705882352941176,0.4705882352941176,0.3529411764705882,0.1764705882352941,6.0,6.0,12,102,481.0,89,430.0,0.8725490196078431,0.893970893970894,17,25.529411764705884,23.0,17.938186829019337,3.0,14.0,35.0,79.0,0.5882352941176471,0.4705882352941176,0.3529411764705882,0.2941176470588235,0.1764705882352941,7.235294117647059,7.0,13
GB,17,28.235294117647054,23.0,21.23407198699272,0.0,15.0,33.0,84.0,0.5294117647058824,0.4705882352941176,0.3529411764705882,0.2352941176470588,0.2352941176470588,6.882352941176471,7.0,13,117,480.0,90,333.0,0.7692307692307693,0.69375,17,28.41176470588235,25.0,21.976080107376134,-3.0,16.0,38.0,93.0,0.5294117647058824,0.5294117647058824,0.3529411764705882,0.3529411764705882,0.2352941176470588,6.352941176470588,6.0,15
NYG,17,27.11764705882353,22.0,15.818389718526891,-3.0,17.0,39.0,60.0,0.6470588235294118,0.4705882352941176,0.4117647058823529,0.2941176470588235,0.2352941176470588,6.235294117647059,6.0,10,106,461.0,92,336.0,0.8679245283018868,0.7288503253796096,17,37.588235294117645,31.0,27.97910738081166,5.0,17.0,50.0,112.0,0.6470588235294118,0.5882352941176471,0.5294117647058824,0.4117647058823529,0.2941176470588235,6.823529411764706,7.0,12
SF,17,26.823529411764707,27.0,23.083570154390426,1.0,11.0,29.0,94.0,0.5294117647058824,0.5294117647058824,0.2352941176470588,0.2352941176470588,0.2352941176470588,6.117647058823529,6.0,12,104,456.0,89,385.0,0.8557692307692307,0.8442982456140351,17,33.35294117647059,30.0,17.374562801001687,13.0,27.0,34.0,88.0,0.8235294117647058,0.7647058823529411,0.5294117647058824,0.2352941176470588,0.1764705882352941,6.941176470588236,6.0,12
DEN,17,26.705882352941178,18.0,19.62820511371733,2.0,15.0,31.0,75.0,0.4705882352941176,0.4117647058823529,0.2941176470588235,0.2352941176470588,0.1764705882352941,5.823529411764706,6.0,13,99,454.0,82,362.0,0.8282828282828283,0.7973568281938326,17,21.705882352941178,23.0,9.047357143402532,10.0,16.0,26.0,43.0,0.5294117647058824,0.3529411764705882,0.1764705882352941,0.1176470588235294,0.0588235294117647,6.117647058823529,6.0,10
TEN,17,26.294117647058822,23.0,20.72158495494451,1.0,12.0,35.0,92.0,0.5882352941176471,0.4705882352941176,0.4117647058823529,0.2941176470588235,0.1176470588235294,5.764705882352941,5.0,10,98,447.0,86,414.0,0.8775510204081632,0.9261744966442953,17,27.058823529411764,27.0,21.02231472181348,-2.0,13.0,35.0,67.0,0.5294117647058824,0.5294117647058824,0.3529411764705882,0.2941176470588235,0.2352941176470588,5.882352941176471,7.0,10
NYJ,17,26.176470588235293,17.0,20.338995562328765,2.0,11.0,33.0,76.0,0.4705882352941176,0.4705882352941176,0.3529411764705882,0.2352941176470588,0.2352941176470588,6.529411764705882,6.0,11,111,445.0,88,337.0,0.7927927927927928,0.7573033707865169,17,39.05882352941177,34.0,23.5483747115824,13.0,20.0,48.0,96.0,0.8235294117647058,0.5882352941176471,0.5294117647058824,0.4705882352941176,0.4117647058823529,8.058823529411764,7.0,13
LAC,17,25.94117647058824,26.0,16.621993184917578,3.0,14.0,29.0,69.0,0.6470588235294118,0.5294117647058824,0.2352941176470588,0.1764705882352941,0.1176470588235294,6.352941176470588,6.0,11,108,441.0,90,306.0,0.8333333333333334,0.6938775510204082,17,33.8235294117647,24.0,23.857999753733232,1.0,18.0,48.0,76.0,0.7058823529411765,0.4705882352941176,0.4117647058823529,0.4117647058823529,0.4117647058823529,6.705882352941177,6.0,13
KC,17,25.235294117647054,21.0,13.989615525830352,7.0,17.0,30.0,66.0,0.5294117647058824,0.4117647058823529,0.2941176470588235,0.2352941176470588,0.1176470588235294,5.764705882352941,5.0,9,98,429.0,75,283.0,0.7653061224489796,0.6596736596736597,17,24.176470588235293,28.0,11.753524097891797,3.0,15.0,33.0,42.0,0.5882352941176471,0.5294117647058824,0.4117647058823529,0.2352941176470588,0.0588235294117647,6.529411764705882,7.0,11
CIN,17,24.58823529411765,23.0,15.173734363460827,-3.0,15.0,29.0,63.0,0.5882352941176471,0.4117647058823529,0.2352941176470588,0.1764705882352941,0.1764705882352941,6.235294117647059,7.0,11,106,418.0,96,386.0,0.9056603773584906,0.9234449760765551,17,30.94117647058824,26.0,21.055865714067853,6.0,14.0,44.0,81.0,0.6470588235294118,0.5294117647058824,0.3529411764705882,0.3529411764705882,0.3529411764705882,6.529411764705882,6.0,13
PIT,17,24.294117647058822,17.0,16.394994594414023,3.0,13.0,43.0,55.0,0.4705882352941176,0.3529411764705882,0.2941176470588235,0.2941176470588235,0.2941176470588235,5.823529411764706,6.0,10,99,413.0,89,364.0,0.898989898989899,0.8813559322033898,17,28.0,21.0,21.254757252962285,8.0,13.0,32.0,87.0,0.5294117647058824,0.4705882352941176,0.2941176470588235,0.2352941176470588,0.2352941176470588,6.647058823529412,6.0,13
DET,17,23.41176470588235,21.0,8.015124112131513,13.0,18.0,28.0,44.0,0.5882352941176471,0.4117647058823529,0.1176470588235294,0.1176470588235294,0.0588235294117647,6.411764705882353,5.0,11,109,398.0,102,373.0,0.9357798165137615,0.9371859296482412,17,25.235294117647054,19.0,15.501534693528615,7.0,15.0,33.0,65.0,0.4705882352941176,0.2941176470588235,0.2941176470588235,0.2352941176470588,0.2352941176470588,6.117647058823529,6.0,11
JAX,17,23.176470588235293,18.0,18.34709559998577,4.0,7.0,31.0,71.0,0.4705882352941176,0.4117647058823529,0.2941176470588235,0.1764705882352941,0.1764705882352941,5.823529411764706,6.0,10,99,394.0,82,306.0,0.8282828282828283,0.7766497461928934,17,23.352941176470587,25.0,9.72529253436074,6.0,16.0,30.0,39.0,0.6470588235294118,0.5294117647058824,0.2941176470588235,0.1764705882352941,0.0,5.352941176470588,5.0,8
CLE,17,23.11764705882353,18.0,15.612522699804252,-2.0,14.0,34.0,54.0,0.4705882352941176,0.4705882352941176,0.3529411764705882,0.1764705882352941,0.1176470588235294,6.294117647058823,6.0,11,107,393.0,95,299.0,0.8878504672897196,0.7608142493638677,17,35.411764705882355,29.0,25.78430627003545,-2.0,14.0,53.0,92.0,0.7058823529411765,0.5294117647058824,0.4705882352941176,0.4705882352941176,0.4117647058823529,6.647058823529412,6.0,11
ARI,17,22.529411764705884,21.0,11.852612752711696,5.0,14.0,31.0,46.0,0.5882352941176471,0.4117647058823529,0.2941176470588235,0.1764705882352941,0.1176470588235294,5.647058823529412,5.0,9,96,383.0,76,284.0,0.7916666666666666,0.741514360313316,17,28.47058823529412,29.0,20.488497912555783,1.0,13.0,36.0,78.0,0.5882352941176471,0.5882352941176471,0.4705882352941176,0.2941176470588235,0.1176470588235294,6.235294117647059,6.0,10
MIN,17,22.176470588235293,21.0,12.368057977366046,1.0,16.0,29.0,46.0,0.5882352941176471,0.3529411764705882,0.2352941176470588,0.1764705882352941,0.1176470588235294,6.0588235294117645,6.0,10,103,377.0,92,324.0,0.8932038834951457,0.8594164456233422,17,28.058823529411764,24.0,15.957556160512702,11.0,15.0,40.0,65.0,0.5294117647058824,0.4117647058823529,0.3529411764705882,0.3529411764705882,0.2941176470588235,6.823529411764706,6.0,12
LV,17,20.705882352941178,18.0,15.414907627443952,-1.0,9.0,28.0,58.0,0.4705882352941176,0.3529411764705882,0.2352941176470588,0.1764705882352941,0.1176470588235294,5.235294117647059,5.0,10,89,352.0,73,254.0,0.8202247191011236,0.7215909090909091,17,27.176470588235293,29.0,20.796592747279394,-1.0,9.0,43.0,80.0,0.5294117647058824,0.5294117647058824,0.4705882352941176,0.4117647058823529,0.2941176470588235,6.470588235294118,6.0,11
NO,17,20.11764705882353,18.0,16.291038146030857,-1.0,10.0,27.0,71.0,0.4705882352941176,0.2941176470588235,0.2352941176470588,0.0588235294117647,0.0588235294117647,5.529411764705882,5.0,9,94,342.0,68,261.0,0.723404255319149,0.7631578947368421,17,30.058823529411764,28.0,17.73156238176066,5.0,15.0,41.0,67.0,0.6470588235294118,0.5882352941176471,0.4705882352941176,0.3529411764705882,0.3529411764705882,7.294117647058823,7.0,13
HOU,17,19.94117647058824,19.0,14.288912148257571,3.0,6.0,29.0,54.0,0.4117647058823529,0.2941176470588235,0.1764705882352941,0.1764705882352941,0.1176470588235294,6.352941176470588,6.0,10,108,339.0,94,300.0,0.8703703703703703,0.8849557522123894,17,22.529411764705884,21.0,14.701411084969816,4.0,12.0,28.0,67.0,0.5294117647058824,0.4117647058823529,0.2352941176470588,0.1176470588235294,0.0588235294117647,5.705882352941177,5.0,10
