team,window,rush_yds_games,rush_yds_mean,rush_yds_median,rush_yds_std,rush_yds_min,rush_yds_p25,rush_yds_p75,rush_yds_max,rush_att_mean,rush_att_median
ARI,1H,3,52.333333333333336,47.0,11.2644968324772,42.0,44.5,57.5,68.0,13.333333333333334,13.0
ARI,Full Game,3,93.0,93.0,18.7794213613377,70.0,81.5,104.5,116.0,26.0,27.0
ARI,Q1,3,35.666666666666664,37.0,4.988876515698588,29.0,33.0,39.0,41.0,9.0,9.0
ATL,1H,3,82.66666666666667,85.0,46.97753600274166,24.0,54.5,112.0,139.0,16.333333333333332,18.0
ATL,Full Game,3,173.0,157.0,51.07510809255979,120.0,138.5,199.5,242.0,34.666666666666664,32.0
ATL,Q1,3,48.0,39.0,29.676028485406647,17.0,28.0,63.5,88.0,8.333333333333334,9.0
BAL,1H,3,90.33333333333333,91.0,17.96910929592474,68.0,79.5,101.5,112.0,16.666666666666668,17.0
BAL,Full Game,3,167.33333333333334,192.0,42.153159892099296,108.0,150.0,197.0,202.0,32.333333333333336,37.0
BAL,Q1,3,39.0,39.0,8.16496580927726,29.0,34.0,44.0,49.0,7.666666666666667,7.0
BUF,1H,3,89.66666666666667,67.0,35.64952859280034,62.0,64.5,103.5,140.0,14.0,14.0
BUF,Full Game,3,155.0,176.0,50.0199960015992,86.0,131.0,189.5,203.0,30.0,33.0
BUF,Q1,3,44.333333333333336,31.0,23.22833518691246,25.0,28.0,54.0,77.0,8.333333333333334,7.0
CAR,1H,3,24.333333333333332,23.0,5.792715732327588,18.0,20.5,27.5,32.0,8.333333333333334,8.0
CAR,Full Game,3,97.0,98.0,23.280893453645632,68.0,83.0,111.5,125.0,22.333333333333332,22.0
CAR,Q1,3,11.333333333333334,13.0,3.858612300930075,6.0,9.5,14.0,15.0,4.333333333333333,4.0
CHI,1H,3,67.33333333333333,50.0,41.84362423223983,27.0,38.5,87.5,125.0,15.666666666666666,14.0
CHI,Full Game,3,184.33333333333334,134.0,75.46448760104906,128.0,131.0,212.5,291.0,35.0,35.0
CHI,Q1,3,51.333333333333336,38.0,21.01322334996598,35.0,36.5,59.5,81.0,9.666666666666666,9.0
CIN,1H,3,42.666666666666664,44.0,6.599663291074444,34.0,39.0,47.0,50.0,9.0,8.0
CIN,Full Game,3,91.33333333333333,85.0,10.402991022884823,83.0,84.0,95.5,106.0,22.666666666666668,23.0
CIN,Q1,3,20.333333333333332,21.0,1.699673171197595,18.0,19.5,21.5,22.0,4.666666666666667,5.0
CLE,1H,3,44.666666666666664,29.0,29.510826638521817,19.0,24.0,57.5,86.0,13.666666666666666,14.0
CLE,Full Game,3,87.66666666666667,87.0,35.92894221778438,44.0,65.5,109.5,132.0,25.0,23.0
CLE,Q1,3,24.0,13.0,16.268579122549905,12.0,12.5,30.0,47.0,7.0,8.0
DAL,1H,3,51.0,50.0,21.64871050817269,25.0,37.5,64.0,78.0,12.0,14.0
DAL,Full Game,3,94.33333333333333,69.0,37.96782263385084,66.0,67.5,108.5,148.0,23.0,21.0
DAL,Q1,3,25.666666666666668,18.0,16.81930108205715,10.0,14.0,33.5,49.0,6.333333333333333,6.0
DEN,1H,3,25.333333333333332,23.0,4.784233364802441,21.0,22.0,27.5,32.0,8.333333333333334,8.0
DEN,Full Game,3,81.0,78.0,17.682382946499793,61.0,69.5,91.0,104.0,22.666666666666668,25.0
DEN,Q1,3,16.333333333333332,16.0,6.944222218666553,8.0,12.0,20.5,25.0,4.0,4.0
DET,1H,3,58.333333333333336,57.0,9.030811456096044,48.0,52.5,63.5,70.0,12.666666666666666,11.0
DET,Full Game,3,120.66666666666667,131.0,41.071752931776466,66.0,98.5,148.0,165.0,27.666666666666668,30.0
DET,Q1,3,29.333333333333332,25.0,19.430788855719562,8.0,16.5,40.0,55.0,6.0,4.0
GB,1H,3,25.666666666666668,30.0,9.877021593352701,12.0,21.0,32.5,35.0,7.0,8.0
GB,Full Game,3,48.666666666666664,63.0,22.425184255405547,17.0,40.0,64.5,66.0,16.0,18.0
GB,Q1,3,14.333333333333334,16.0,6.236095644623235,6.0,11.0,18.5,21.0,3.3333333333333335,3.0
HOU,1H,3,53.666666666666664,41.0,29.169999809545576,26.0,33.5,67.5,94.0,13.666666666666666,12.0
HOU,Full Game,3,84.66666666666667,70.0,28.110891523077353,60.0,65.0,97.0,124.0,23.666666666666668,21.0
HOU,Q1,3,17.666666666666668,18.0,9.392668535736915,6.0,12.0,23.5,29.0,6.333333333333333,5.0
IND,1H,3,48.666666666666664,32.0,29.4089933334837,24.0,28.0,61.0,90.0,14.333333333333334,13.0
IND,Full Game,3,103.33333333333333,102.0,12.283683848458853,89.0,95.5,110.5,119.0,27.666666666666668,31.0
IND,Q1,3,25.333333333333332,11.0,21.699974398346395,9.0,10.0,33.5,56.0,8.333333333333334,8.0
JAX,1H,3,59.666666666666664,69.0,20.677416559027762,31.0,50.0,74.0,79.0,13.333333333333334,13.0
JAX,Full Game,3,119.33333333333333,126.0,17.78263822446552,95.0,110.5,131.5,137.0,28.666666666666668,30.0
JAX,Q1,3,30.666666666666668,29.0,5.436502143433364,25.0,27.0,33.5,38.0,7.0,7.0
KC,1H,3,73.66666666666667,62.0,34.081601422990026,39.0,50.5,91.0,120.0,12.333333333333334,12.0
KC,Full Game,3,153.33333333333334,152.0,53.89702115042063,88.0,120.0,186.0,220.0,30.666666666666668,29.0
KC,Q1,3,34.0,29.0,11.575836902790225,23.0,26.0,39.5,50.0,5.666666666666667,5.0
LA,1H,3,69.33333333333333,72.0,15.627610892974722,49.0,60.5,79.5,87.0,11.666666666666666,13.0
LA,Full Game,3,133.66666666666666,122.0,20.885933597094056,116.0,119.0,142.5,163.0,26.666666666666668,28.0
LA,Q1,3,36.666666666666664,27.0,17.326921891156037,22.0,24.5,44.0,61.0,6.0,6.0
LAC,1H,3,70.66666666666667,74.0,21.35935912480106,43.0,58.5,84.5,95.0,16.0,16.0
LAC,Full Game,3,113.0,127.0,22.686266036231405,81.0,104.0,129.0,131.0,27.0,28.0
LAC,Q1,3,24.666666666666668,22.0,7.586537784494029,17.0,19.5,28.5,35.0,7.333333333333333,8.0
LV,1H,3,46.666666666666664,42.0,20.677416559027765,24.0,33.0,58.0,74.0,12.666666666666666,13.0
LV,Full Game,3,100.0,113.0,31.187604375242845,57.0,85.0,121.5,130.0,31.0,29.0
LV,Q1,3,17.666666666666668,12.0,8.013876853447538,12.0,12.0,20.5,29.0,6.0,6.0
MIA,1H,3,64.0,69.0,18.708286933869708,39.0,54.0,76.5,84.0,15.666666666666666,16.0
MIA,Full Game,3,98.33333333333333,102.0,18.55322673343433,74.0,88.0,110.5,119.0,26.0,29.0
MIA,Q1,3,36.666666666666664,46.0,13.912424503139471,17.0,31.5,46.5,47.0,8.0,9.0
MIN,1H,3,54.0,52.0,2.8284271247461903,52.0,52.0,55.0,58.0,15.666666666666666,15.0
MIN,Full Game,3,101.33333333333333,107.0,17.21110752456745,78.0,92.5,113.0,119.0,28.333333333333332,28.0
MIN,Q1,3,32.333333333333336,32.0,4.4969125210773475,27.0,29.5,35.0,38.0,9.0,9.0
NE,1H,3,64.33333333333333,64.0,11.841546445554409,50.0,57.0,71.5,79.0,14.666666666666666,14.0
NE,Full Game,3,109.33333333333333,109.0,21.63844315615664,83.0,96.0,122.5,136.0,28.333333333333332,28.0
NE,Q1,3,38.666666666666664,27.0,17.21110752456745,26.0,26.5,45.0,63.0,8.0,7.0
NO,1H,3,48.333333333333336,42.0,14.974051630144135,34.0,38.0,55.5,69.0,12.0,12.0
NO,Full Game,3,101.33333333333333,91.0,34.66346139028178,65.0,78.0,119.5,148.0,26.666666666666668,27.0
NO,Q1,3,26.666666666666668,17.0,20.368821489936252,8.0,12.5,36.0,55.0,5.666666666666667,5.0
NYG,1H,3,60.0,66.0,19.252705437591537,34.0,50.0,73.0,80.0,16.666666666666668,16.0
NYG,Full Game,3,118.33333333333333,138.0,48.18252334151414,52.0,95.0,151.5,165.0,30.333333333333332,33.0
NYG,Q1,3,29.333333333333332,22.0,16.35712552851373,14.0,18.0,37.0,52.0,7.666666666666667,7.0
NYJ,1H,3,40.0,21.0,29.743346594938952,17.0,19.0,51.5,82.0,14.666666666666666,13.0
NYJ,Full Game,3,92.33333333333333,67.0,42.35039026450117,58.0,62.5,109.5,152.0,28.333333333333332,27.0
NYJ,Q1,3,16.666666666666668,12.0,9.568466729604882,8.0,10.0,21.0,30.0,6.666666666666667,7.0
PHI,1H,3,74.33333333333333,75.0,3.2998316455372216,70.0,72.5,76.5,78.0,15.666666666666666,13.0
PHI,Full Game,3,110.66666666666667,107.0,19.362047641943477,89.0,98.0,121.5,136.0,25.333333333333332,25.0
PHI,Q1,3,18.666666666666668,16.0,4.496912521077347,15.0,15.5,20.5,25.0,6.333333333333333,6.0
PIT,1H,3,46.333333333333336,50.0,19.362047641943473,21.0,35.5,59.0,68.0,11.0,10.0
PIT,Full Game,3,95.66666666666667,91.0,32.82614134429381,58.0,74.5,114.5,138.0,22.333333333333332,23.0
PIT,Q1,3,17.333333333333332,17.0,1.247219128924647,16.0,16.5,18.0,19.0,5.333333333333333,6.0
SEA,1H,3,45.333333333333336,43.0,17.632041540584257,25.0,34.0,55.5,68.0,13.333333333333334,13.0
SEA,Full Game,3,101.0,97.0,48.25626038833372,44.0,70.5,129.5,162.0,26.666666666666668,22.0
SEA,Q1,3,23.0,16.0,20.607442021431645,2.0,9.0,33.5,51.0,6.0,6.0
SF,1H,3,47.333333333333336,52.0,18.263503375736963,23.0,37.5,59.5,67.0,10.333333333333334,12.0
SF,Full Game,3,136.33333333333334,140.0,32.355662392986005,95.0,117.5,157.0,174.0,26.666666666666668,27.0
SF,Q1,3,12.666666666666666,11.0,3.0912061651652345,10.0,10.5,14.0,17.0,4.666666666666667,5.0
TB,1H,3,57.0,46.0,21.463146709340332,38.0,42.0,66.5,87.0,11.0,11.0
TB,Full Game,3,94.33333333333333,89.0,32.87687468250121,57.0,73.0,113.0,137.0,22.0,21.0
TB,Q1,3,38.0,26.0,21.354156504062622,20.0,23.0,47.0,68.0,6.0,6.0
TEN,1H,3,25.0,24.0,10.23067283548187,13.0,18.5,31.0,38.0,7.666666666666667,7.0
TEN,Full Game,3,90.33333333333333,81.0,23.01207412545761,68.0,74.5,101.5,122.0,21.333333333333332,21.0
TEN,Q1,3,13.333333333333334,10.0,6.182412330330469,8.0,9.0,16.0,22.0,4.666666666666667,4.0
WAS,1H,3,83.66666666666667,83.0,36.745370078721784,39.0,61.0,106.0,129.0,17.666666666666668,18.0
WAS,Full Game,3,132.0,132.0,40.824829046386306,82.0,107.0,157.0,182.0,32.0,32.0
WAS,Q1,3,22.666666666666668,18.0,6.599663291074443,18.0,18.0,25.0,32.0,6.666666666666667,7.0
