game_id,week,team,opponent,site,q1_rush_att,q1_rush_yds,q1_ypc,hit_20,hit_25,hit_30,hit_35,hit_40
2025_01_ARI_NO,1,ARI,NO,A,7,31.0,4.428571428571429,1,1,1,0,0
2025_01_ARI_NO,1,NO,ARI,H,6,32.0,5.333333333333333,1,1,1,0,0
2025_01_BAL_BUF,1,BAL,BUF,A,8,42.0,5.25,1,1,1,1,1
2025_01_BAL_BUF,1,BUF,BAL,H,6,30.0,5.0,1,1,1,0,0
2025_01_CAR_JAX,1,CAR,JAX,A,7,25.0,3.5714285714285716,1,1,0,0,0
2025_01_CAR_JAX,1,JAX,CAR,H,4,18.0,4.5,0,0,0,0,0
2025_01_CIN_CLE,1,CIN,CLE,A,7,29.0,4.142857142857143,1,1,0,0,0
2025_01_CIN_CLE,1,CLE,CIN,H,6,14.0,2.3333333333333335,0,0,0,0,0
2025_01_DAL_PHI,1,DAL,PHI,A,8,37.0,4.625,1,1,1,1,0
2025_01_DAL_PHI,1,PHI,DAL,H,8,56.0,7.0,1,1,1,1,1
2025_01_DET_GB,1,DET,GB,A,5,29.0,5.8,1,1,0,0,0
2025_01_DET_GB,1,GB,DET,H,6,11.0,1.8333333333333333,0,0,0,0,0
2025_01_HOU_LA,1,HOU,LA,A,7,23.0,3.2857142857142856,1,0,0,0,0
2025_01_HOU_LA,1,LA,HOU,H,4,8.0,2.0,0,0,0,0,0
2025_01_KC_LAC,1,KC,LAC,A,5,17.0,3.4,0,0,0,0,0
2025_01_KC_LAC,1,LAC,KC,H,5,28.0,5.6,1,1,0,0,0
2025_01_LV_NE,1,LV,NE,A,6,24.0,4.0,1,0,0,0,0
2025_01_LV_NE,1,NE,LV,H,6,17.0,2.8333333333333335,0,0,0,0,0
2025_01_MIA_IND,1,IND,MIA,H,11,44.0,4.0,1,1,1,1,1
2025_01_MIA_IND,1,MIA,IND,A,2,7.0,3.5,0,0,0,0,0
2025_01_MIN_CHI,1,CHI,MIN,H,6,27.0,4.5,1,1,0,0,0
2025_01_MIN_CHI,1,MIN,CHI,A,5,21.0,4.2,1,0,0,0,0
2025_01_NYG_WAS,1,NYG,WAS,A,5,17.0,3.4,0,0,0,0,0
2025_01_NYG_WAS,1,WAS,NYG,H,7,39.0,5.571428571428571,1,1,1,1,0
2025_01_PIT_NYJ,1,NYJ,PIT,H,11,49.0,4.454545454545454,1,1,1,1,1
2025_01_PIT_NYJ,1,PIT,NYJ,A,4,13.0,3.25,0,0,0,0,0
2025_01_SF_SEA,1,SEA,SF,H,8,31.0,3.875,1,1,1,0,0
2025_01_SF_SEA,1,SF,SEA,A,7,19.0,2.7142857142857144,0,0,0,0,0
2025_01_TB_ATL,1,ATL,TB,H,6,13.0,2.1666666666666665,0,0,0,0,0
2025_01_TB_ATL,1,TB,ATL,A,6,24.0,4.0,1,0,0,0,0
2025_01_TEN_DEN,1,DEN,TEN,H,3,13.0,4.333333333333333,0,0,0,0,0
2025_01_TEN_DEN,1,TEN,DEN,A,5,10.0,2.0,0,0,0,0,0
2025_02_ATL_MIN,2,ATL,MIN,A,7,65.0,9.285714285714286,1,1,1,1,1
2025_02_ATL_MIN,2,MIN,ATL,H,7,17.0,2.4285714285714284,0,0,0,0,0
2025_02_BUF_NYJ,2,BUF,NYJ,A,13,79.0,6.076923076923077,1,1,1,1,1
2025_02_BUF_NYJ,2,NYJ,BUF,H,5,2.0,0.4,0,0,0,0,0
2025_02_CAR_ARI,2,ARI,CAR,H,4,5.0,1.25,0,0,0,0,0
2025_02_CAR_ARI,2,CAR,ARI,A,7,5.0,0.7142857142857143,0,0,0,0,0
2025_02_CHI_DET,2,CHI,DET,A,6,40.0,6.666666666666667,1,1,1,1,1
2025_02_CHI_DET,2,DET,CHI,H,7,26.0,3.7142857142857144,1,1,0,0,0
2025_02_CLE_BAL,2,BAL,CLE,H,6,-2.0,-0.3333333333333333,0,0,0,0,0
2025_02_CLE_BAL,2,CLE,BAL,A,2,2.0,1.0,0,0,0,0,0
2025_02_DEN_IND,2,DEN,IND,A,5,35.0,7.0,1,1,1,1,0
2025_02_DEN_IND,2,IND,DEN,H,8,23.0,2.875,1,0,0,0,0
2025_02_JAX_CIN,2,CIN,JAX,H,3,13.0,4.333333333333333,0,0,0,0,0
2025_02_JAX_CIN,2,JAX,CIN,A,5,21.0,4.2,1,0,0,0,0
2025_02_LAC_LV,2,LAC,LV,A,5,29.0,5.8,1,1,0,0,0
2025_02_LAC_LV,2,LV,LAC,H,5,18.0,3.6,0,0,0,0,0
2025_02_LA_TEN,2,LA,TEN,A,7,62.0,8.857142857142858,1,1,1,1,1
2025_02_LA_TEN,2,TEN,LA,H,5,12.0,2.4,0,0,0,0,0
2025_02_NE_MIA,2,MIA,NE,H,2,5.0,2.5,0,0,0,0,0
2025_02_NE_MIA,2,NE,MIA,A,12,57.0,4.75,1,1,1,1,1
2025_02_NYG_DAL,2,DAL,NYG,H,2,5.0,2.5,0,0,0,0,0
2025_02_NYG_DAL,2,NYG,DAL,A,7,22.0,3.142857142857143,1,0,0,0,0
2025_02_PHI_KC,2,KC,PHI,H,7,36.0,5.142857142857143,1,1,1,1,0
2025_02_PHI_KC,2,PHI,KC,A,7,32.0,4.571428571428571,1,1,1,0,0
2025_02_SEA_PIT,2,PIT,SEA,H,8,29.0,3.625,1,1,0,0,0
2025_02_SEA_PIT,2,SEA,PIT,A,6,14.0,2.3333333333333335,0,0,0,0,0
2025_02_SF_NO,2,NO,SF,H,5,30.0,6.0,1,1,1,0,0
2025_02_SF_NO,2,SF,NO,A,10,51.0,5.1,1,1,1,1,1
2025_02_TB_HOU,2,HOU,TB,H,5,13.0,2.6,0,0,0,0,0
2025_02_TB_HOU,2,TB,HOU,A,5,27.0,5.4,1,1,0,0,0
2025_02_WAS_GB,2,GB,WAS,H,7,33.0,4.714285714285714,1,1,1,0,0
2025_02_WAS_GB,2,WAS,GB,A,2,3.0,1.5,0,0,0,0,0
2025_03_ARI_SF,3,ARI,SF,A,9,28.0,3.111111111111111,1,1,0,0,0
2025_03_ARI_SF,3,SF,ARI,H,2,1.0,0.5,0,0,0,0,0
2025_03_ATL_CAR,3,ATL,CAR,A,6,20.0,3.3333333333333335,1,0,0,0,0
2025_03_ATL_CAR,3,CAR,ATL,H,5,28.0,5.6,1,1,0,0,0
2025_03_CIN_MIN,3,CIN,MIN,A,8,24.0,3.0,1,0,0,0,0
2025_03_CIN_MIN,3,MIN,CIN,H,5,22.0,4.4,1,0,0,0,0
2025_03_DAL_CHI,3,CHI,DAL,H,2,-1.0,-0.5,0,0,0,0,0
2025_03_DAL_CHI,3,DAL,CHI,A,9,66.0,7.333333333333333,1,1,1,1,1
2025_03_DEN_LAC,3,DEN,LAC,A,3,2.0,0.6666666666666666,0,0,0,0,0
2025_03_DEN_LAC,3,LAC,DEN,H,7,27.0,3.857142857142857,1,1,0,0,0
2025_03_DET_BAL,3,BAL,DET,H,5,48.0,9.6,1,1,1,1,1
2025_03_DET_BAL,3,DET,BAL,A,10,15.0,1.5,0,0,0,0,0
2025_03_GB_CLE,3,CLE,GB,H,5,17.0,3.4,0,0,0,0,0
2025_03_GB_CLE,3,GB,CLE,A,7,23.0,3.2857142857142856,1,0,0,0,0
2025_03_HOU_JAX,3,HOU,JAX,A,5,29.0,5.8,1,1,0,0,0
2025_03_HOU_JAX,3,JAX,HOU,H,4,4.0,1.0,0,0,0,0,0
2025_03_IND_TEN,3,IND,TEN,A,7,31.0,4.428571428571429,1,1,1,0,0
2025_03_IND_TEN,3,TEN,IND,H,3,1.0,0.3333333333333333,0,0,0,0,0
2025_03_KC_NYG,3,KC,NYG,A,4,13.0,3.25,0,0,0,0,0
2025_03_KC_NYG,3,NYG,KC,H,9,39.0,4.333333333333333,1,1,1,1,0
2025_03_LA_PHI,3,LA,PHI,A,6,37.0,6.166666666666667,1,1,1,1,0
2025_03_LA_PHI,3,PHI,LA,H,8,26.0,3.25,1,1,0,0,0
2025_03_LV_WAS,3,LV,WAS,A,4,2.0,0.5,0,0,0,0,0
2025_03_LV_WAS,3,WAS,LV,H,10,80.0,8.0,1,1,1,1,1
2025_03_MIA_BUF,3,BUF,MIA,H,7,56.0,8.0,1,1,1,1,1
2025_03_MIA_BUF,3,MIA,BUF,A,8,30.0,3.75,1,1,1,0,0
2025_03_NO_SEA,3,NO,SEA,A,9,23.0,2.5555555555555554,1,0,0,0,0
2025_03_NO_SEA,3,SEA,NO,H,4,5.0,1.25,0,0,0,0,0
2025_03_NYJ_TB,3,NYJ,TB,A,7,31.0,4.428571428571429,1,1,1,0,0
2025_03_NYJ_TB,3,TB,NYJ,H,6,20.0,3.3333333333333335,1,0,0,0,0
2025_03_PIT_NE,3,NE,PIT,H,4,13.0,3.25,0,0,0,0,0
2025_03_PIT_NE,3,PIT,NE,A,10,48.0,4.8,1,1,1,1,1
2025_04_BAL_KC,4,BAL,KC,A,6,36.0,6.0,1,1,1,1,0
2025_04_BAL_KC,4,KC,BAL,H,3,7.0,2.3333333333333335,0,0,0,0,0
2025_04_CAR_NE,4,CAR,NE,A,8,39.0,4.875,1,1,1,1,0
2025_04_CAR_NE,4,NE,CAR,H,5,52.0,10.4,1,1,1,1,1
2025_04_CHI_LV,4,CHI,LV,A,5,-1.0,-0.2,0,0,0,0,0
2025_04_CHI_LV,4,LV,CHI,H,10,58.0,5.8,1,1,1,1,1
2025_04_CIN_DEN,4,CIN,DEN,A,7,23.0,3.2857142857142856,1,0,0,0,0
2025_04_CIN_DEN,4,DEN,CIN,H,7,29.0,4.142857142857143,1,1,0,0,0
2025_04_CLE_DET,4,CLE,DET,A,9,18.0,2.0,0,0,0,0,0
2025_04_CLE_DET,4,DET,CLE,H,5,20.0,4.0,1,0,0,0,0
2025_04_GB_DAL,4,DAL,GB,H,4,11.0,2.75,0,0,0,0,0
2025_04_GB_DAL,4,GB,DAL,A,7,18.0,2.5714285714285716,0,0,0,0,0
2025_04_IND_LA,4,IND,LA,A,2,6.0,3.0,0,0,0,0,0
2025_04_IND_LA,4,LA,IND,H,8,42.0,5.25,1,1,1,1,1
2025_04_JAX_SF,4,JAX,SF,A,8,28.0,3.5,1,1,0,0,0
2025_04_JAX_SF,4,SF,JAX,H,8,29.0,3.625,1,1,0,0,0
2025_04_LAC_NYG,4,LAC,NYG,A,3,27.0,9.0,1,1,0,0,0
2025_04_LAC_NYG,4,NYG,LAC,H,10,60.0,6.0,1,1,1,1,1
2025_04_MIN_PIT,4,MIN,PIT,A,5,21.0,4.2,1,0,0,0,0
2025_04_MIN_PIT,4,PIT,MIN,H,3,12.0,4.0,0,0,0,0,0
2025_04_NO_BUF,4,BUF,NO,H,9,42.0,4.666666666666667,1,1,1,1,1
2025_04_NO_BUF,4,NO,BUF,A,9,71.0,7.888888888888889,1,1,1,1,1
2025_04_NYJ_MIA,4,MIA,NYJ,H,7,27.0,3.857142857142857,1,1,0,0,0
2025_04_NYJ_MIA,4,NYJ,MIA,A,11,76.0,6.909090909090909,1,1,1,1,1
2025_04_PHI_TB,4,PHI,TB,A,2,40.0,20.0,1,1,1,1,1
2025_04_PHI_TB,4,TB,PHI,H,8,34.0,4.25,1,1,1,0,0
2025_04_SEA_ARI,4,ARI,SEA,H,5,22.0,4.4,1,0,0,0,0
2025_04_SEA_ARI,4,SEA,ARI,A,7,37.0,5.285714285714286,1,1,1,1,0
2025_04_TEN_HOU,4,HOU,TEN,H,10,44.0,4.4,1,1,1,1,1
2025_04_TEN_HOU,4,TEN,HOU,A,3,12.0,4.0,0,0,0,0,0
2025_04_WAS_ATL,4,ATL,WAS,H,13,50.0,3.8461538461538463,1,1,1,1,1
2025_04_WAS_ATL,4,WAS,ATL,A,3,48.0,16.0,1,1,1,1,1
2025_05_DAL_NYJ,5,DAL,NYJ,A,5,20.0,4.0,1,0,0,0,0
2025_05_DAL_NYJ,5,NYJ,DAL,H,9,53.0,5.888888888888889,1,1,1,1,1
2025_05_DEN_PHI,5,DEN,PHI,A,7,18.0,2.5714285714285716,0,0,0,0,0
2025_05_DEN_PHI,5,PHI,DEN,H,4,32.0,8.0,1,1,1,0,0
2025_05_DET_CIN,5,CIN,DET,H,2,8.0,4.0,0,0,0,0,0
2025_05_DET_CIN,5,DET,CIN,A,9,28.0,3.111111111111111,1,1,0,0,0
2025_05_HOU_BAL,5,BAL,HOU,H,6,12.0,2.0,0,0,0,0,0
2025_05_HOU_BAL,5,HOU,BAL,A,7,29.0,4.142857142857143,1,1,0,0,0
2025_05_KC_JAX,5,JAX,KC,H,7,18.0,2.5714285714285716,0,0,0,0,0
2025_05_KC_JAX,5,KC,JAX,A,4,30.0,7.5,1,1,1,0,0
2025_05_LV_IND,5,IND,LV,H,3,4.0,1.3333333333333333,0,0,0,0,0
2025_05_LV_IND,5,LV,IND,A,7,34.0,4.857142857142857,1,1,1,0,0
2025_05_MIA_CAR,5,CAR,MIA,H,2,5.0,2.5,0,0,0,0,0
2025_05_MIA_CAR,5,MIA,CAR,A,7,15.0,2.142857142857143,0,0,0,0,0
2025_05_MIN_CLE,5,CLE,MIN,H,8,51.0,6.375,1,1,1,1,1
2025_05_MIN_CLE,5,MIN,CLE,A,5,24.0,4.8,1,0,0,0,0
2025_05_NE_BUF,5,BUF,NE,H,5,15.0,3.0,0,0,0,0,0
2025_05_NE_BUF,5,NE,BUF,A,7,19.0,2.7142857142857144,0,0,0,0,0
2025_05_NYG_NO,5,NO,NYG,H,8,17.0,2.125,0,0,0,0,0
2025_05_NYG_NO,5,NYG,NO,A,5,41.0,8.2,1,1,1,1,1
2025_05_SF_LA,5,LA,SF,H,3,13.0,4.333333333333333,0,0,0,0,0
2025_05_SF_LA,5,SF,LA,A,11,27.0,2.4545454545454546,1,1,0,0,0
2025_05_TB_SEA,5,SEA,TB,H,3,18.0,6.0,0,0,0,0,0
2025_05_TB_SEA,5,TB,SEA,A,9,31.0,3.4444444444444446,1,1,1,0,0
2025_05_TEN_ARI,5,ARI,TEN,H,8,35.0,4.375,1,1,1,1,0
2025_05_TEN_ARI,5,TEN,ARI,A,8,38.0,4.75,1,1,1,1,0
2025_05_WAS_LAC,5,LAC,WAS,H,8,69.0,8.625,1,1,1,1,1
2025_05_WAS_LAC,5,WAS,LAC,A,5,23.0,4.6,1,0,0,0,0
2025_06_ARI_IND,6,ARI,IND,A,7,19.0,2.7142857142857144,0,0,0,0,0
2025_06_ARI_IND,6,IND,ARI,H,3,9.0,3.0,0,0,0,0,0
2025_06_BUF_ATL,6,ATL,BUF,H,8,60.0,7.5,1,1,1,1,1
2025_06_BUF_ATL,6,BUF,ATL,A,6,19.0,3.1666666666666665,0,0,0,0,0
2025_06_CHI_WAS,6,CHI,WAS,A,7,36.0,5.142857142857143,1,1,1,1,0
2025_06_CHI_WAS,6,WAS,CHI,H,5,13.0,2.6,0,0,0,0,0
2025_06_CIN_GB,6,CIN,GB,A,2,-3.0,-1.5,0,0,0,0,0
2025_06_CIN_GB,6,GB,CIN,H,13,53.0,4.076923076923077,1,1,1,1,1
2025_06_CLE_PIT,6,CLE,PIT,A,5,8.0,1.6,0,0,0,0,0
2025_06_CLE_PIT,6,PIT,CLE,H,6,14.0,2.3333333333333335,0,0,0,0,0
2025_06_DAL_CAR,6,CAR,DAL,H,7,42.0,6.0,1,1,1,1,1
2025_06_DAL_CAR,6,DAL,CAR,A,6,22.0,3.6666666666666665,1,0,0,0,0
2025_06_DEN_NYJ,6,DEN,NYJ,A,5,16.0,3.2,0,0,0,0,0
2025_06_DEN_NYJ,6,NYJ,DEN,H,4,10.0,2.5,0,0,0,0,0
2025_06_DET_KC,6,DET,KC,A,11,37.0,3.3636363636363638,1,1,1,1,0
2025_06_DET_KC,6,KC,DET,H,4,19.0,4.75,0,0,0,0,0
2025_06_LAC_MIA,6,LAC,MIA,A,10,57.0,5.7,1,1,1,1,1
2025_06_LAC_MIA,6,MIA,LAC,H,3,67.0,22.333333333333332,1,1,1,1,1
2025_06_LA_BAL,6,BAL,LA,H,12,72.0,6.0,1,1,1,1,1
2025_06_LA_BAL,6,LA,BAL,A,4,15.0,3.75,0,0,0,0,0
2025_06_NE_NO,6,NE,NO,A,5,15.0,3.0,0,0,0,0,0
2025_06_NE_NO,6,NO,NE,H,6,32.0,5.333333333333333,1,1,1,0,0
2025_06_PHI_NYG,6,NYG,PHI,H,5,30.0,6.0,1,1,1,0,0
2025_06_PHI_NYG,6,PHI,NYG,A,7,35.0,5.0,1,1,1,1,0
2025_06_SEA_JAX,6,JAX,SEA,H,6,7.0,1.1666666666666667,0,0,0,0,0
2025_06_SEA_JAX,6,SEA,JAX,A,3,12.0,4.0,0,0,0,0,0
2025_06_SF_TB,6,SF,TB,A,4,11.0,2.75,0,0,0,0,0
2025_06_SF_TB,6,TB,SF,H,6,31.0,5.166666666666667,1,1,1,0,0
2025_06_TEN_LV,6,LV,TEN,H,7,28.0,4.0,1,1,0,0,0
2025_06_TEN_LV,6,TEN,LV,A,4,8.0,2.0,0,0,0,0,0
2025_07_ATL_SF,7,ATL,SF,A,6,22.0,3.6666666666666665,1,0,0,0,0
2025_07_ATL_SF,7,SF,ATL,H,4,27.0,6.75,1,1,0,0,0
2025_07_CAR_NYJ,7,CAR,NYJ,A,10,40.0,4.0,1,1,1,1,1
2025_07_CAR_NYJ,7,NYJ,CAR,H,4,26.0,6.5,1,1,0,0,0
2025_07_GB_ARI,7,ARI,GB,H,8,46.0,5.75,1,1,1,1,1
2025_07_GB_ARI,7,GB,ARI,A,4,7.0,1.75,0,0,0,0,0
2025_07_HOU_SEA,7,HOU,SEA,A,4,3.0,0.75,0,0,0,0,0
2025_07_HOU_SEA,7,SEA,HOU,H,10,32.0,3.2,1,1,1,0,0
2025_07_IND_LAC,7,IND,LAC,A,11,76.0,6.909090909090909,1,1,1,1,1
2025_07_IND_LAC,7,LAC,IND,H,3,4.0,1.3333333333333333,0,0,0,0,0
2025_07_LA_JAX,7,JAX,LA,H,2,6.0,3.0,0,0,0,0,0
2025_07_LA_JAX,7,LA,JAX,A,5,16.0,3.2,0,0,0,0,0
2025_07_LV_KC,7,KC,LV,H,5,11.0,2.2,0,0,0,0,0
2025_07_LV_KC,7,LV,KC,A,2,3.0,1.5,0,0,0,0,0
2025_07_MIA_CLE,7,CLE,MIA,H,10,32.0,3.2,1,1,1,0,0
2025_07_MIA_CLE,7,MIA,CLE,A,5,53.0,10.6,1,1,1,1,1
2025_07_NE_TEN,7,NE,TEN,A,8,67.0,8.375,1,1,1,1,1
2025_07_NE_TEN,7,TEN,NE,H,5,14.0,2.8,0,0,0,0,0
2025_07_NO_CHI,7,CHI,NO,H,9,26.0,2.888888888888889,1,1,0,0,0
2025_07_NO_CHI,7,NO,CHI,A,5,22.0,4.4,1,0,0,0,0
2025_07_NYG_DEN,7,DEN,NYG,H,8,24.0,3.0,1,0,0,0,0
2025_07_NYG_DEN,7,NYG,DEN,A,5,10.0,2.0,0,0,0,0,0
2025_07_PHI_MIN,7,MIN,PHI,H,4,11.0,2.75,0,0,0,0,0
2025_07_PHI_MIN,7,PHI,MIN,A,9,40.0,4.444444444444445,1,1,1,1,1
2025_07_PIT_CIN,7,CIN,PIT,H,4,14.0,3.5,0,0,0,0,0
2025_07_PIT_CIN,7,PIT,CIN,A,6,44.0,7.333333333333333,1,1,1,1,1
2025_07_TB_DET,7,DET,TB,H,9,28.0,3.111111111111111,1,1,0,0,0
2025_07_TB_DET,7,TB,DET,A,2,7.0,3.5,0,0,0,0,0
2025_07_WAS_DAL,7,DAL,WAS,H,7,26.0,3.7142857142857144,1,1,0,0,0
2025_07_WAS_DAL,7,WAS,DAL,A,7,30.0,4.285714285714286,1,1,1,0,0
2025_08_BUF_CAR,8,BUF,CAR,A,10,79.0,7.9,1,1,1,1,1
2025_08_BUF_CAR,8,CAR,BUF,H,7,38.0,5.428571428571429,1,1,1,1,0
2025_08_CHI_BAL,8,BAL,CHI,H,1,4.0,4.0,0,0,0,0,0
2025_08_CHI_BAL,8,CHI,BAL,A,10,41.0,4.1,1,1,1,1,1
2025_08_CLE_NE,8,CLE,NE,A,4,39.0,9.75,1,1,1,1,0
2025_08_CLE_NE,8,NE,CLE,H,10,57.0,5.7,1,1,1,1,1
2025_08_DAL_DEN,8,DAL,DEN,A,6,25.0,4.166666666666667,1,1,0,0,0
2025_08_DAL_DEN,8,DEN,DAL,H,5,71.0,14.2,1,1,1,1,1
2025_08_GB_PIT,8,GB,PIT,A,5,15.0,3.0,0,0,0,0,0
2025_08_GB_PIT,8,PIT,GB,H,3,10.0,3.3333333333333335,0,0,0,0,0
2025_08_MIA_ATL,8,ATL,MIA,H,3,1.0,0.3333333333333333,0,0,0,0,0
2025_08_MIA_ATL,8,MIA,ATL,A,11,44.0,4.0,1,1,1,1,1
2025_08_MIN_LAC,8,LAC,MIN,H,10,24.0,2.4,1,0,0,0,0
2025_08_MIN_LAC,8,MIN,LAC,A,3,1.0,0.3333333333333333,0,0,0,0,0
2025_08_NYG_PHI,8,NYG,PHI,A,5,21.0,4.2,1,0,0,0,0
2025_08_NYG_PHI,8,PHI,NYG,H,8,112.0,14.0,1,1,1,1,1
2025_08_NYJ_CIN,8,CIN,NYJ,H,8,43.0,5.375,1,1,1,1,1
2025_08_NYJ_CIN,8,NYJ,CIN,A,7,11.0,1.5714285714285714,0,0,0,0,0
2025_08_SF_HOU,8,HOU,SF,H,10,36.0,3.6,1,1,1,1,0
2025_08_SF_HOU,8,SF,HOU,A,1,13.0,13.0,0,0,0,0,0
2025_08_TB_NO,8,NO,TB,H,6,18.0,3.0,0,0,0,0,0
2025_08_TB_NO,8,TB,NO,A,6,28.0,4.666666666666667,1,1,0,0,0
2025_08_TEN_IND,8,IND,TEN,H,7,65.0,9.285714285714286,1,1,1,1,1
2025_08_TEN_IND,8,TEN,IND,A,5,20.0,4.0,1,0,0,0,0
2025_08_WAS_KC,8,KC,WAS,H,4,18.0,4.5,0,0,0,0,0
2025_08_WAS_KC,8,WAS,KC,A,8,29.0,3.625,1,1,0,0,0
2025_09_ARI_DAL,9,ARI,DAL,A,5,12.0,2.4,0,0,0,0,0
2025_09_ARI_DAL,9,DAL,ARI,H,5,29.0,5.8,1,1,0,0,0
2025_09_ATL_NE,9,ATL,NE,A,3,2.0,0.6666666666666666,0,0,0,0,0
2025_09_ATL_NE,9,NE,ATL,H,7,32.0,4.571428571428571,1,1,1,0,0
2025_09_BAL_MIA,9,BAL,MIA,A,6,12.0,2.0,0,0,0,0,0
2025_09_BAL_MIA,9,MIA,BAL,H,7,32.0,4.571428571428571,1,1,1,0,0
2025_09_CAR_GB,9,CAR,GB,A,9,37.0,4.111111111111111,1,1,1,1,0
2025_09_CAR_GB,9,GB,CAR,H,4,30.0,7.5,1,1,1,0,0
2025_09_CHI_CIN,9,CHI,CIN,A,13,81.0,6.230769230769231,1,1,1,1,1
2025_09_CHI_CIN,9,CIN,CHI,H,4,21.0,5.25,1,0,0,0,0
2025_09_DEN_HOU,9,DEN,HOU,A,5,26.0,5.2,1,1,0,0,0
2025_09_DEN_HOU,9,HOU,DEN,H,9,19.0,2.111111111111111,0,0,0,0,0
2025_09_IND_PIT,9,IND,PIT,A,6,13.0,2.1666666666666665,0,0,0,0,0
2025_09_IND_PIT,9,PIT,IND,H,2,3.0,1.5,0,0,0,0,0
2025_09_JAX_LV,9,JAX,LV,A,10,31.0,3.1,1,1,1,0,0
2025_09_JAX_LV,9,LV,JAX,H,4,35.0,8.75,1,1,1,1,0
2025_09_KC_BUF,9,BUF,KC,H,7,42.0,6.0,1,1,1,1,1
2025_09_KC_BUF,9,KC,BUF,A,6,28.0,4.666666666666667,1,1,0,0,0
2025_09_LAC_TEN,9,LAC,TEN,A,7,14.0,2.0,0,0,0,0,0
2025_09_LAC_TEN,9,TEN,LAC,H,4,29.0,7.25,1,1,0,0,0
2025_09_MIN_DET,9,DET,MIN,H,4,19.0,4.75,0,0,0,0,0
2025_09_MIN_DET,9,MIN,DET,A,6,33.0,5.5,1,1,1,0,0
2025_09_NO_LA,9,LA,NO,H,7,22.0,3.142857142857143,1,0,0,0,0
2025_09_NO_LA,9,NO,LA,A,3,6.0,2.0,0,0,0,0,0
2025_09_SEA_WAS,9,SEA,WAS,A,6,37.0,6.166666666666667,1,1,1,1,0
2025_09_SEA_WAS,9,WAS,SEA,H,8,27.0,3.375,1,1,0,0,0
2025_09_SF_NYG,9,NYG,SF,H,6,31.0,5.166666666666667,1,1,1,0,0
2025_09_SF_NYG,9,SF,NYG,A,9,57.0,6.333333333333333,1,1,1,1,1
2025_10_ARI_SEA,10,ARI,SEA,A,6,14.0,2.3333333333333335,0,0,0,0,0
2025_10_ARI_SEA,10,SEA,ARI,H,8,36.0,4.5,1,1,1,1,0
2025_10_ATL_IND,10,ATL,IND,A,8,51.0,6.375,1,1,1,1,1
2025_10_ATL_IND,10,IND,ATL,H,8,77.0,9.625,1,1,1,1,1
2025_10_BAL_MIN,10,BAL,MIN,A,6,16.0,2.6666666666666665,0,0,0,0,0
2025_10_BAL_MIN,10,MIN,BAL,H,6,18.0,3.0,0,0,0,0,0
2025_10_BUF_MIA,10,BUF,MIA,A,3,11.0,3.6666666666666665,0,0,0,0,0
2025_10_BUF_MIA,10,MIA,BUF,H,11,52.0,4.7272727272727275,1,1,1,1,1
2025_10_CLE_NYJ,10,CLE,NYJ,A,11,34.0,3.090909090909091,1,1,1,0,0
2025_10_CLE_NYJ,10,NYJ,CLE,H,3,12.0,4.0,0,0,0,0,0
2025_10_DET_WAS,10,DET,WAS,A,8,44.0,5.5,1,1,1,1,1
2025_10_DET_WAS,10,WAS,DET,H,5,18.0,3.6,0,0,0,0,0
2025_10_JAX_HOU,10,HOU,JAX,H,4,6.0,1.5,0,0,0,0,0
2025_10_JAX_HOU,10,JAX,HOU,A,8,34.0,4.25,1,1,1,0,0
2025_10_LA_SF,10,LA,SF,A,9,60.0,6.666666666666667,1,1,1,1,1
2025_10_LA_SF,10,SF,LA,H,2,4.0,2.0,0,0,0,0,0
2025_10_LV_DEN,10,DEN,LV,H,3,9.0,3.0,0,0,0,0,0
2025_10_LV_DEN,10,LV,DEN,A,10,43.0,4.3,1,1,1,1,1
2025_10_NE_TB,10,NE,TB,A,8,25.0,3.125,1,1,0,0,0
2025_10_NE_TB,10,TB,NE,H,7,47.0,6.714285714285714,1,1,1,1,1
2025_10_NO_CAR,10,CAR,NO,H,9,40.0,4.444444444444445,1,1,1,1,1
2025_10_NO_CAR,10,NO,CAR,A,5,27.0,5.4,1,1,0,0,0
2025_10_NYG_CHI,10,CHI,NYG,H,8,31.0,3.875,1,1,1,0,0
2025_10_NYG_CHI,10,NYG,CHI,A,4,-3.0,-0.75,0,0,0,0,0
2025_10_PHI_GB,10,GB,PHI,H,8,29.0,3.625,1,1,0,0,0
2025_10_PHI_GB,10,PHI,GB,A,10,50.0,5.0,1,1,1,1,1
2025_10_PIT_LAC,10,LAC,PIT,H,6,11.0,1.8333333333333333,0,0,0,0,0
2025_10_PIT_LAC,10,PIT,LAC,A,7,24.0,3.4285714285714284,1,0,0,0,0
2025_11_BAL_CLE,11,BAL,CLE,A,7,38.0,5.428571428571429,1,1,1,1,0
2025_11_BAL_CLE,11,CLE,BAL,H,7,54.0,7.714285714285714,1,1,1,1,1
2025_11_CAR_ATL,11,ATL,CAR,H,5,32.0,6.4,1,1,1,0,0
2025_11_CAR_ATL,11,CAR,ATL,A,5,13.0,2.6,0,0,0,0,0
2025_11_CHI_MIN,11,CHI,MIN,A,5,14.0,2.8,0,0,0,0,0
2025_11_CHI_MIN,11,MIN,CHI,H,9,41.0,4.555555555555555,1,1,1,1,1
2025_11_CIN_PIT,11,CIN,PIT,A,4,25.0,6.25,1,1,0,0,0
2025_11_CIN_PIT,11,PIT,CIN,H,10,55.0,5.5,1,1,1,1,1
2025_11_DAL_LV,11,DAL,LV,A,8,44.0,5.5,1,1,1,1,1
2025_11_DAL_LV,11,LV,DAL,H,1,-1.0,-1.0,0,0,0,0,0
2025_11_DET_PHI,11,DET,PHI,A,5,18.0,3.6,0,0,0,0,0
2025_11_DET_PHI,11,PHI,DET,H,8,23.0,2.875,1,0,0,0,0
2025_11_GB_NYG,11,GB,NYG,A,10,84.0,8.4,1,1,1,1,1
2025_11_GB_NYG,11,NYG,GB,H,6,25.0,4.166666666666667,1,1,0,0,0
2025_11_HOU_TEN,11,HOU,TEN,A,4,5.0,1.25,0,0,0,0,0
2025_11_HOU_TEN,11,TEN,HOU,H,4,8.0,2.0,0,0,0,0,0
2025_11_KC_DEN,11,DEN,KC,H,6,11.0,1.8333333333333333,0,0,0,0,0
2025_11_KC_DEN,11,KC,DEN,A,3,17.0,5.666666666666667,0,0,0,0,0
2025_11_LAC_JAX,11,JAX,LAC,H,10,48.0,4.8,1,1,1,1,1
2025_11_LAC_JAX,11,LAC,JAX,A,6,22.0,3.6666666666666665,1,0,0,0,0
2025_11_NYJ_NE,11,NE,NYJ,H,6,21.0,3.5,1,0,0,0,0
2025_11_NYJ_NE,11,NYJ,NE,A,11,56.0,5.090909090909091,1,1,1,1,1
2025_11_SEA_LA,11,LA,SEA,H,10,79.0,7.9,1,1,1,1,1
2025_11_SEA_LA,11,SEA,LA,A,4,19.0,4.75,0,0,0,0,0
2025_11_SF_ARI,11,ARI,SF,H,6,27.0,4.5,1,1,0,0,0
2025_11_SF_ARI,11,SF,ARI,A,5,17.0,3.4,0,0,0,0,0
2025_11_TB_BUF,11,BUF,TB,H,5,14.0,2.8,0,0,0,0,0
2025_11_TB_BUF,11,TB,BUF,A,10,47.0,4.7,1,1,1,1,1
2025_11_WAS_MIA,11,MIA,WAS,H,6,54.0,9.0,1,1,1,1,1
2025_11_WAS_MIA,11,WAS,MIA,A,7,20.0,2.857142857142857,1,0,0,0,0
2025_12_ATL_NO,12,ATL,NO,A,5,10.0,2.0,0,0,0,0,0
2025_12_ATL_NO,12,NO,ATL,H,6,13.0,2.1666666666666665,0,0,0,0,0
2025_12_BUF_HOU,12,BUF,HOU,A,8,67.0,8.375,1,1,1,1,1
2025_12_BUF_HOU,12,HOU,BUF,H,7,54.0,7.714285714285714,1,1,1,1,1
2025_12_CAR_SF,12,CAR,SF,A,5,29.0,5.8,1,1,0,0,0
2025_12_CAR_SF,12,SF,CAR,H,9,43.0,4.777777777777778,1,1,1,1,1
2025_12_CLE_LV,12,CLE,LV,A,6,14.0,2.3333333333333335,0,0,0,0,0
2025_12_CLE_LV,12,LV,CLE,H,5,11.0,2.2,0,0,0,0,0
2025_12_IND_KC,12,IND,KC,A,4,8.0,2.0,0,0,0,0,0
2025_12_IND_KC,12,KC,IND,H,8,28.0,3.5,1,1,0,0,0
2025_12_JAX_ARI,12,ARI,JAX,H,4,7.0,1.75,0,0,0,0,0
2025_12_JAX_ARI,12,JAX,ARI,A,6,71.0,11.833333333333334,1,1,1,1,1
2025_12_MIN_GB,12,GB,MIN,H,6,17.0,2.8333333333333335,0,0,0,0,0
2025_12_MIN_GB,12,MIN,GB,A,7,29.0,4.142857142857143,1,1,0,0,0
2025_12_NE_CIN,12,CIN,NE,H,9,47.0,5.222222222222222,1,1,1,1,1
2025_12_NE_CIN,12,NE,CIN,A,4,11.0,2.75,0,0,0,0,0
2025_12_NYG_DET,12,DET,NYG,H,5,19.0,3.8,0,0,0,0,0
2025_12_NYG_DET,12,NYG,DET,A,9,15.0,1.6666666666666667,0,0,0,0,0
2025_12_NYJ_BAL,12,BAL,NYJ,H,7,18.0,2.5714285714285716,0,0,0,0,0
2025_12_NYJ_BAL,12,NYJ,BAL,A,11,33.0,3.0,1,1,1,0,0
2025_12_PHI_DAL,12,DAL,PHI,H,7,32.0,4.571428571428571,1,1,1,0,0
2025_12_PHI_DAL,12,PHI,DAL,A,6,21.0,3.5,1,0,0,0,0
2025_12_PIT_CHI,12,CHI,PIT,H,7,32.0,4.571428571428571,1,1,1,0,0
2025_12_PIT_CHI,12,PIT,CHI,A,8,48.0,6.0,1,1,1,1,1
2025_12_SEA_TEN,12,SEA,TEN,A,3,16.0,5.333333333333333,0,0,0,0,0
2025_12_SEA_TEN,12,TEN,SEA,H,8,35.0,4.375,1,1,1,1,0
2025_12_TB_LA,12,LA,TB,H,3,12.0,4.0,0,0,0,0,0
2025_12_TB_LA,12,TB,LA,A,8,32.0,4.0,1,1,1,0,0
2025_13_ARI_TB,13,ARI,TB,A,4,31.0,7.75,1,1,1,0,0
2025_13_ARI_TB,13,TB,ARI,H,4,13.0,3.25,0,0,0,0,0
2025_13_ATL_NYJ,13,ATL,NYJ,A,7,36.0,5.142857142857143,1,1,1,1,0
2025_13_ATL_NYJ,13,NYJ,ATL,H,6,26.0,4.333333333333333,1,1,0,0,0
2025_13_BUF_PIT,13,BUF,PIT,A,10,67.0,6.7,1,1,1,1,1
2025_13_BUF_PIT,13,PIT,BUF,H,6,20.0,3.3333333333333335,1,0,0,0,0
2025_13_CHI_PHI,13,CHI,PHI,A,13,84.0,6.461538461538462,1,1,1,1,1
2025_13_CHI_PHI,13,PHI,CHI,H,4,22.0,5.5,1,0,0,0,0
2025_13_CIN_BAL,13,BAL,CIN,H,6,44.0,7.333333333333333,1,1,1,1,1
2025_13_CIN_BAL,13,CIN,BAL,A,6,16.0,2.6666666666666665,0,0,0,0,0
2025_13_DEN_WAS,13,DEN,WAS,A,4,17.0,4.25,0,0,0,0,0
2025_13_DEN_WAS,13,WAS,DEN,H,8,35.0,4.375,1,1,1,1,0
2025_13_GB_DET,13,DET,GB,H,4,16.0,4.0,0,0,0,0,0
2025_13_GB_DET,13,GB,DET,A,11,65.0,5.909090909090909,1,1,1,1,1
2025_13_HOU_IND,13,HOU,IND,A,6,5.0,0.8333333333333334,0,0,0,0,0
2025_13_HOU_IND,13,IND,HOU,H,5,24.0,4.8,1,0,0,0,0
2025_13_JAX_TEN,13,JAX,TEN,A,7,29.0,4.142857142857143,1,1,0,0,0
2025_13_JAX_TEN,13,TEN,JAX,H,5,39.0,7.8,1,1,1,1,0
2025_13_KC_DAL,13,DAL,KC,H,5,8.0,1.6,0,0,0,0,0
2025_13_KC_DAL,13,KC,DAL,A,9,66.0,7.333333333333333,1,1,1,1,1
2025_13_LA_CAR,13,CAR,LA,H,7,19.0,2.7142857142857144,0,0,0,0,0
2025_13_LA_CAR,13,LA,CAR,A,6,50.0,8.333333333333334,1,1,1,1,1
2025_13_LV_LAC,13,LAC,LV,H,11,38.0,3.4545454545454546,1,1,1,1,0
2025_13_LV_LAC,13,LV,LAC,A,3,6.0,2.0,0,0,0,0,0
2025_13_MIN_SEA,13,MIN,SEA,A,4,8.0,2.0,0,0,0,0,0
2025_13_MIN_SEA,13,SEA,MIN,H,6,13.0,2.1666666666666665,0,0,0,0,0
2025_13_NO_MIA,13,MIA,NO,H,7,62.0,8.857142857142858,1,1,1,1,1
2025_13_NO_MIA,13,NO,MIA,A,3,-1.0,-0.3333333333333333,0,0,0,0,0
2025_13_NYG_NE,13,NE,NYG,H,6,32.0,5.333333333333333,1,1,1,0,0
2025_13_NYG_NE,13,NYG,NE,A,5,22.0,4.4,1,0,0,0,0
2025_13_SF_CLE,13,CLE,SF,H,10,34.0,3.4,1,1,1,0,0
2025_13_SF_CLE,13,SF,CLE,A,5,5.0,1.0,0,0,0,0,0
2025_14_CHI_GB,14,CHI,GB,A,4,18.0,4.5,0,0,0,0,0
2025_14_CHI_GB,14,GB,CHI,H,9,40.0,4.444444444444445,1,1,1,1,1
2025_14_CIN_BUF,14,BUF,CIN,H,4,26.0,6.5,1,1,0,0,0
2025_14_CIN_BUF,14,CIN,BUF,A,9,19.0,2.111111111111111,0,0,0,0,0
2025_14_DAL_DET,14,DAL,DET,A,6,18.0,3.0,0,0,0,0,0
2025_14_DAL_DET,14,DET,DAL,H,5,27.0,5.4,1,1,0,0,0
2025_14_DEN_LV,14,DEN,LV,A,6,44.0,7.333333333333333,1,1,1,1,1
2025_14_DEN_LV,14,LV,DEN,H,4,17.0,4.25,0,0,0,0,0
2025_14_HOU_KC,14,HOU,KC,A,6,19.0,3.1666666666666665,0,0,0,0,0
2025_14_HOU_KC,14,KC,HOU,H,8,37.0,4.625,1,1,1,1,0
2025_14_IND_JAX,14,IND,JAX,A,8,28.0,3.5,1,1,0,0,0
2025_14_IND_JAX,14,JAX,IND,H,4,7.0,1.75,0,0,0,0,0
2025_14_LA_ARI,14,ARI,LA,H,5,20.0,4.0,1,0,0,0,0
2025_14_LA_ARI,14,LA,ARI,A,9,78.0,8.666666666666666,1,1,1,1,1
2025_14_MIA_NYJ,14,MIA,NYJ,A,9,96.0,10.666666666666666,1,1,1,1,1
2025_14_MIA_NYJ,14,NYJ,MIA,H,4,12.0,3.0,0,0,0,0,0
2025_14_NO_TB,14,NO,TB,A,4,14.0,3.5,0,0,0,0,0
2025_14_NO_TB,14,TB,NO,H,7,11.0,1.5714285714285714,0,0,0,0,0
2025_14_PHI_LAC,14,LAC,PHI,H,4,12.0,3.0,0,0,0,0,0
2025_14_PHI_LAC,14,PHI,LAC,A,8,41.0,5.125,1,1,1,1,1
2025_14_PIT_BAL,14,BAL,PIT,H,11,43.0,3.909090909090909,1,1,1,1,1
2025_14_PIT_BAL,14,PIT,BAL,A,6,16.0,2.6666666666666665,0,0,0,0,0
2025_14_SEA_ATL,14,ATL,SEA,H,7,35.0,5.0,1,1,1,1,0
2025_14_SEA_ATL,14,SEA,ATL,A,6,40.0,6.666666666666667,1,1,1,1,1
2025_14_TEN_CLE,14,CLE,TEN,H,4,-2.0,-0.5,0,0,0,0,0
2025_14_TEN_CLE,14,TEN,CLE,A,10,92.0,9.2,1,1,1,1,1
2025_14_WAS_MIN,14,MIN,WAS,H,7,28.0,4.0,1,1,0,0,0
2025_14_WAS_MIN,14,WAS,MIN,A,6,38.0,6.333333333333333,1,1,1,1,0
2025_15_ARI_HOU,15,ARI,HOU,A,5,21.0,4.2,1,0,0,0,0
2025_15_ARI_HOU,15,HOU,ARI,H,10,19.0,1.9,0,0,0,0,0
2025_15_ATL_TB,15,ATL,TB,A,6,31.0,5.166666666666667,1,1,1,0,0
2025_15_ATL_TB,15,TB,ATL,H,6,40.0,6.666666666666667,1,1,1,1,1
2025_15_BAL_CIN,15,BAL,CIN,A,5,14.0,2.8,0,0,0,0,0
2025_15_BAL_CIN,15,CIN,BAL,H,7,28.0,4.0,1,1,0,0,0
2025_15_BUF_NE,15,BUF,NE,A,3,16.0,5.333333333333333,0,0,0,0,0
2025_15_BUF_NE,15,NE,BUF,H,13,82.0,6.3076923076923075,1,1,1,1,1
2025_15_CAR_NO,15,CAR,NO,A,13,67.0,5.153846153846154,1,1,1,1,1
2025_15_CAR_NO,15,NO,CAR,H,5,10.0,2.0,0,0,0,0,0
2025_15_CLE_CHI,15,CHI,CLE,H,9,40.0,4.444444444444445,1,1,1,1,1
2025_15_CLE_CHI,15,CLE,CHI,A,5,18.0,3.6,0,0,0,0,0
2025_15_DET_LA,15,DET,LA,A,6,23.0,3.8333333333333335,1,0,0,0,0
2025_15_DET_LA,15,LA,DET,H,6,24.0,4.0,1,0,0,0,0
2025_15_GB_DEN,15,DEN,GB,H,6,18.0,3.0,0,0,0,0,0
2025_15_GB_DEN,15,GB,DEN,A,7,16.0,2.2857142857142856,0,0,0,0,0
2025_15_IND_SEA,15,IND,SEA,A,12,42.0,3.5,1,1,1,1,1
2025_15_IND_SEA,15,SEA,IND,H,5,6.0,1.2,0,0,0,0,0
2025_15_LAC_KC,15,KC,LAC,H,8,21.0,2.625,1,0,0,0,0
2025_15_LAC_KC,15,LAC,KC,A,9,33.0,3.6666666666666665,1,1,1,0,0
2025_15_LV_PHI,15,LV,PHI,A,3,14.0,4.666666666666667,0,0,0,0,0
2025_15_LV_PHI,15,PHI,LV,H,10,38.0,3.8,1,1,1,1,0
2025_15_MIA_PIT,15,MIA,PIT,A,3,25.0,8.333333333333334,1,1,0,0,0
2025_15_MIA_PIT,15,PIT,MIA,H,8,17.0,2.125,0,0,0,0,0
2025_15_MIN_DAL,15,DAL,MIN,H,12,40.0,3.3333333333333335,1,1,1,1,1
2025_15_MIN_DAL,15,MIN,DAL,A,4,3.0,0.75,0,0,0,0,0
2025_15_NYJ_JAX,15,JAX,NYJ,H,8,48.0,6.0,1,1,1,1,1
2025_15_NYJ_JAX,15,NYJ,JAX,A,6,17.0,2.8333333333333335,0,0,0,0,0
2025_15_TEN_SF,15,SF,TEN,H,7,27.0,3.857142857142857,1,1,0,0,0
2025_15_TEN_SF,15,TEN,SF,A,7,46.0,6.571428571428571,1,1,1,1,1
2025_15_WAS_NYG,15,NYG,WAS,H,3,13.0,4.333333333333333,0,0,0,0,0
2025_15_WAS_NYG,15,WAS,NYG,A,12,50.0,4.166666666666667,1,1,1,1,1
2025_16_ATL_ARI,16,ARI,ATL,H,7,43.0,6.142857142857143,1,1,1,1,1
2025_16_ATL_ARI,16,ATL,ARI,A,7,32.0,4.571428571428571,1,1,1,0,0
2025_16_BUF_CLE,16,BUF,CLE,A,6,80.0,13.333333333333334,1,1,1,1,1
2025_16_BUF_CLE,16,CLE,BUF,H,5,27.0,5.4,1,1,0,0,0
2025_16_CIN_MIA,16,CIN,MIA,A,5,15.0,3.0,0,0,0,0,0
2025_16_CIN_MIA,16,MIA,CIN,H,6,60.0,10.0,1,1,1,1,1
2025_16_GB_CHI,16,CHI,GB,H,8,46.0,5.75,1,1,1,1,1
2025_16_GB_CHI,16,GB,CHI,A,8,28.0,3.5,1,1,0,0,0
2025_16_JAX_DEN,16,DEN,JAX,H,6,31.0,5.166666666666667,1,1,1,0,0
2025_16_JAX_DEN,16,JAX,DEN,A,5,12.0,2.4,0,0,0,0,0
2025_16_KC_TEN,16,KC,TEN,A,4,14.0,3.5,0,0,0,0,0
2025_16_KC_TEN,16,TEN,KC,H,7,30.0,4.285714285714286,1,1,1,0,0
2025_16_LAC_DAL,16,DAL,LAC,H,10,47.0,4.7,1,1,1,1,1
2025_16_LAC_DAL,16,LAC,DAL,A,2,3.0,1.5,0,0,0,0,0
2025_16_LA_SEA,16,LA,SEA,A,13,40.0,3.076923076923077,1,1,1,1,1
2025_16_LA_SEA,16,SEA,LA,H,3,15.0,5.0,0,0,0,0,0
2025_16_LV_HOU,16,HOU,LV,H,3,5.0,1.6666666666666667,0,0,0,0,0
2025_16_LV_HOU,16,LV,HOU,A,9,28.0,3.111111111111111,1,1,0,0,0
2025_16_MIN_NYG,16,MIN,NYG,A,6,16.0,2.6666666666666665,0,0,0,0,0
2025_16_MIN_NYG,16,NYG,MIN,H,10,51.0,5.1,1,1,1,1,1
2025_16_NE_BAL,16,BAL,NE,H,10,60.0,6.0,1,1,1,1,1
2025_16_NE_BAL,16,NE,BAL,A,7,22.0,3.142857142857143,1,0,0,0,0
2025_16_NYJ_NO,16,NO,NYJ,H,7,23.0,3.2857142857142856,1,0,0,0,0
2025_16_NYJ_NO,16,NYJ,NO,A,5,15.0,3.0,0,0,0,0,0
2025_16_PHI_WAS,16,PHI,WAS,A,4,18.0,4.5,0,0,0,0,0
2025_16_PHI_WAS,16,WAS,PHI,H,8,40.0,5.0,1,1,1,1,1
2025_16_PIT_DET,16,DET,PIT,H,6,13.0,2.1666666666666665,0,0,0,0,0
2025_16_PIT_DET,16,PIT,DET,A,3,14.0,4.666666666666667,0,0,0,0,0
2025_16_SF_IND,16,IND,SF,H,5,19.0,3.8,0,0,0,0,0
2025_16_SF_IND,16,SF,IND,A,6,27.0,4.5,1,1,0,0,0
2025_16_TB_CAR,16,CAR,TB,H,6,53.0,8.833333333333334,1,1,1,1,1
2025_16_TB_CAR,16,TB,CAR,A,7,32.0,4.571428571428571,1,1,1,0,0
2025_17_ARI_CIN,17,ARI,CIN,A,2,6.0,3.0,0,0,0,0,0
2025_17_ARI_CIN,17,CIN,ARI,H,10,33.0,3.3,1,1,1,0,0
2025_17_BAL_GB,17,BAL,GB,A,15,93.0,6.2,1,1,1,1,1
2025_17_BAL_GB,17,GB,BAL,H,0,0.0,0.0,0,0,0,0,0
2025_17_CHI_SF,17,CHI,SF,A,3,14.0,4.666666666666667,0,0,0,0,0
2025_17_CHI_SF,17,SF,CHI,H,12,94.0,7.833333333333333,1,1,1,1,1
2025_17_DAL_WAS,17,DAL,WAS,A,13,78.0,6.0,1,1,1,1,1
2025_17_DAL_WAS,17,WAS,DAL,H,3,5.0,1.6666666666666667,0,0,0,0,0
2025_17_DEN_KC,17,DEN,KC,A,7,15.0,2.142857142857143,0,0,0,0,0
2025_17_DEN_KC,17,KC,DEN,H,7,24.0,3.4285714285714284,1,0,0,0,0
2025_17_DET_MIN,17,DET,MIN,A,5,15.0,3.0,0,0,0,0,0
2025_17_DET_MIN,17,MIN,DET,H,10,46.0,4.6,1,1,1,1,1
2025_17_HOU_LAC,17,HOU,LAC,A,6,20.0,3.3333333333333335,1,0,0,0,0
2025_17_HOU_LAC,17,LAC,HOU,H,7,17.0,2.4285714285714284,0,0,0,0,0
2025_17_JAX_IND,17,IND,JAX,H,7,35.0,5.0,1,1,1,1,0
2025_17_JAX_IND,17,JAX,IND,A,2,4.0,2.0,0,0,0,0,0
2025_17_LA_ATL,17,ATL,LA,H,8,26.0,3.25,1,1,0,0,0
2025_17_LA_ATL,17,LA,ATL,A,5,13.0,2.6,0,0,0,0,0
2025_17_NE_NYJ,17,NE,NYJ,A,12,64.0,5.333333333333333,1,1,1,1,1
2025_17_NE_NYJ,17,NYJ,NE,H,3,7.0,2.3333333333333335,0,0,0,0,0
2025_17_NO_TEN,17,NO,TEN,A,4,4.0,1.0,0,0,0,0,0
2025_17_NO_TEN,17,TEN,NO,H,9,30.0,3.3333333333333335,1,1,1,0,0
2025_17_NYG_LV,17,LV,NYG,H,4,9.0,2.25,0,0,0,0,0
2025_17_NYG_LV,17,NYG,LV,A,6,48.0,8.0,1,1,1,1,1
2025_17_PHI_BUF,17,BUF,PHI,H,5,23.0,4.6,1,0,0,0,0
2025_17_PHI_BUF,17,PHI,BUF,A,6,21.0,3.5,1,0,0,0,0
2025_17_PIT_CLE,17,CLE,PIT,H,7,26.0,3.7142857142857144,1,1,0,0,0
2025_17_PIT_CLE,17,PIT,CLE,A,6,43.0,7.166666666666667,1,1,1,1,1
2025_17_SEA_CAR,17,CAR,SEA,H,5,16.0,3.2,0,0,0,0,0
2025_17_SEA_CAR,17,SEA,CAR,A,8,62.0,7.75,1,1,1,1,1
2025_17_TB_MIA,17,MIA,TB,H,1,7.0,7.0,0,0,0,0,0
2025_17_TB_MIA,17,TB,MIA,A,7,21.0,3.0,1,0,0,0,0
2025_18_ARI_LA,18,ARI,LA,A,4,16.0,4.0,0,0,0,0,0
2025_18_ARI_LA,18,LA,ARI,H,5,27.0,5.4,1,1,0,0,0
2025_18_BAL_PIT,18,BAL,PIT,A,13,87.0,6.6923076923076925,1,1,1,1,1
2025_18_BAL_PIT,18,PIT,BAL,H,3,3.0,1.0,0,0,0,0,0
2025_18_CAR_TB,18,CAR,TB,A,3,0.0,0.0,0,0,0,0,0
2025_18_CAR_TB,18,TB,CAR,H,11,51.0,4.636363636363637,1,1,1,1,1
2025_18_CLE_CIN,18,CIN,CLE,H,11,63.0,5.7272727272727275,1,1,1,1,1
2025_18_CLE_CIN,18,CLE,CIN,A,3,7.0,2.3333333333333335,0,0,0,0,0
2025_18_DAL_NYG,18,DAL,NYG,A,9,69.0,7.666666666666667,1,1,1,1,1
2025_18_DAL_NYG,18,NYG,DAL,H,6,19.0,3.1666666666666665,0,0,0,0,0
2025_18_DET_CHI,18,CHI,DET,H,6,22.0,3.6666666666666665,1,0,0,0,0
2025_18_DET_CHI,18,DET,CHI,A,5,21.0,4.2,1,0,0,0,0
2025_18_GB_MIN,18,GB,MIN,A,5,11.0,2.2,0,0,0,0,0
2025_18_GB_MIN,18,MIN,GB,H,10,38.0,3.8,1,1,1,1,0
2025_18_IND_HOU,18,HOU,IND,H,5,10.0,2.0,0,0,0,0,0
2025_18_IND_HOU,18,IND,HOU,A,5,13.0,2.6,0,0,0,0,0
2025_18_KC_LV,18,KC,LV,A,9,43.0,4.777777777777778,1,1,1,1,1
2025_18_KC_LV,18,LV,KC,H,5,23.0,4.6,1,0,0,0,0
2025_18_LAC_DEN,18,DEN,LAC,H,13,75.0,5.769230769230769,1,1,1,1,1
2025_18_LAC_DEN,18,LAC,DEN,A,5,26.0,5.2,1,1,0,0,0
2025_18_MIA_NE,18,MIA,NE,A,7,21.0,3.0,1,0,0,0,0
2025_18_MIA_NE,18,NE,MIA,H,10,108.0,10.8,1,1,1,1,1
2025_18_NO_ATL,18,ATL,NO,H,7,15.0,2.142857142857143,0,0,0,0,0
2025_18_NO_ATL,18,NO,ATL,A,3,1.0,0.3333333333333333,0,0,0,0,0
2025_18_NYJ_BUF,18,BUF,NYJ,H,12,66.0,5.5,1,1,1,1,1
2025_18_NYJ_BUF,18,NYJ,BUF,A,4,9.0,2.25,0,0,0,0,0
2025_18_SEA_SF,18,SEA,SF,A,12,88.0,7.333333333333333,1,1,1,1,1
2025_18_SEA_SF,18,SF,SEA,H,2,4.0,2.0,0,0,0,0,0
2025_18_TEN_JAX,18,JAX,TEN,H,3,8.0,2.6666666666666665,0,0,0,0,0
2025_18_TEN_JAX,18,TEN,JAX,A,6,23.0,3.8333333333333335,1,0,0,0,0
2025_18_WAS_PHI,18,PHI,WAS,H,4,25.0,6.25,1,1,0,0,0
2025_18_WAS_PHI,18,WAS,PHI,A,9,30.0,3.3333333333333335,1,1,1,0,0
