defense,window,rush_yds_allowed_games,rush_yds_allowed_mean,rush_yds_allowed_median,rush_yds_allowed_std,rush_yds_allowed_min,rush_yds_allowed_p25,rush_yds_allowed_p75,rush_yds_allowed_max,rush_att_mean,rush_att_median
ARI,1H,3,36.333333333333336,43.0,9.428090415820632,23.0,33.0,43.0,43.0,11.333333333333334,12.0
ARI,Full Game,3,127.66666666666667,140.0,34.198765409814946,81.0,110.5,151.0,162.0,28.0,23.0
ARI,Q1,3,12.0,17.0,7.0710678118654755,2.0,9.5,17.0,17.0,4.333333333333333,5.0
ATL,1H,3,18.666666666666668,21.0,4.784233364802441,12.0,16.5,22.0,23.0,7.333333333333333,7.0
ATL,Full Game,3,47.666666666666664,58.0,22.065558884580486,17.0,37.5,63.0,68.0,17.333333333333332,21.0
ATL,Q1,3,12.666666666666666,13.0,5.312459150169743,6.0,9.5,16.0,19.0,4.333333333333333,4.0
BAL,1H,3,50.666666666666664,42.0,19.754043186705406,32.0,37.0,60.0,78.0,12.666666666666666,12.0
BAL,Full Game,3,105.0,102.0,33.95094500402996,65.0,83.5,125.0,148.0,25.666666666666668,27.0
BAL,Q1,3,25.666666666666668,17.0,16.67999467092907,11.0,14.0,33.0,49.0,5.666666666666667,5.0
BUF,1H,3,75.0,74.0,15.121728296285006,57.0,65.5,84.0,94.0,15.0,16.0
BUF,Full Game,3,107.0,124.0,29.13188402192118,66.0,95.0,127.5,131.0,26.666666666666668,28.0
BUF,Q1,3,29.666666666666668,29.0,4.109609335312651,25.0,27.0,32.0,35.0,7.666666666666667,9.0
CAR,1H,3,98.66666666666667,86.0,18.624953392931992,85.0,85.5,105.5,125.0,19.0,19.0
CAR,Full Game,3,193.33333333333334,157.0,69.81085557100383,132.0,144.5,224.0,291.0,33.666666666666664,32.0
CAR,Q1,3,55.666666666666664,47.0,18.208667044996886,39.0,43.0,64.0,81.0,10.333333333333334,10.0
CHI,1H,3,55.0,58.0,17.682382946499793,32.0,45.0,66.5,75.0,12.0,13.0
CHI,Full Game,3,117.0,119.0,7.483314773547883,107.0,113.0,122.0,125.0,23.0,22.0
CHI,Q1,3,19.333333333333332,16.0,5.436502143433363,15.0,15.5,21.5,27.0,4.333333333333333,4.0
CIN,1H,3,46.666666666666664,46.0,17.15290710702481,26.0,36.0,57.0,68.0,10.333333333333334,11.0
CIN,Full Game,3,95.66666666666667,89.0,32.19040574802098,60.0,74.5,113.5,138.0,20.333333333333332,20.0
CIN,Q1,3,20.0,18.0,4.320493798938574,16.0,17.0,22.0,26.0,5.333333333333333,5.0
CLE,1H,3,61.333333333333336,79.0,30.81485933045218,18.0,48.5,83.0,87.0,13.0,12.0
CLE,Full Game,3,120.33333333333333,126.0,16.418147141366333,98.0,112.0,131.5,137.0,26.666666666666668,25.0
CLE,Q1,3,33.0,25.0,25.93581821856921,6.0,15.5,46.5,68.0,6.0,6.0
DAL,1H,3,100.0,91.0,20.992061991778385,80.0,85.5,110.0,129.0,18.0,19.0
DAL,Full Game,3,179.66666666666666,182.0,11.145502331533658,165.0,173.5,187.0,192.0,35.666666666666664,37.0
DAL,Q1,3,44.333333333333336,49.0,8.806563209081938,32.0,40.5,50.5,52.0,8.0,9.0
DEN,1H,3,79.33333333333333,87.0,36.73629752105614,31.0,59.0,103.5,120.0,14.0,13.0
DEN,Full Game,3,143.66666666666666,116.0,54.65243717245269,95.0,105.5,168.0,220.0,28.333333333333332,24.0
DEN,Q1,3,46.666666666666664,50.0,13.274871834493252,29.0,39.5,55.5,61.0,8.333333333333334,8.0
DET,1H,3,65.0,34.0,53.29790489941107,21.0,27.5,87.0,140.0,12.0,11.0
DET,Full Game,3,117.33333333333333,91.0,62.055530687352025,58.0,74.5,147.0,203.0,26.666666666666668,25.0
DET,Q1,3,32.333333333333336,12.0,31.626290048347787,8.0,10.0,44.5,77.0,6.666666666666667,4.0
GB,1H,3,69.33333333333333,52.0,51.29219130519663,17.0,34.5,95.5,139.0,17.333333333333332,19.0
GB,Full Game,3,138.66666666666666,107.0,74.87025815072067,67.0,87.0,174.5,242.0,34.0,34.0
GB,Q1,3,42.666666666666664,32.0,33.51948023993743,8.0,20.0,60.0,88.0,9.0,9.0
HOU,1H,3,45.0,44.0,17.568911937472585,24.0,34.0,55.5,67.0,11.0,12.0
HOU,Full Game,3,86.66666666666667,86.0,1.699673171197595,85.0,85.5,87.5,89.0,25.0,23.0
HOU,Q1,3,20.333333333333332,21.0,8.993825042154695,9.0,15.0,26.0,31.0,6.333333333333333,7.0
IND,1H,3,64.0,41.0,33.95094500402996,39.0,40.0,76.5,112.0,11.666666666666666,12.0
IND,Full Game,3,141.33333333333334,152.0,54.4140504730983,70.0,111.0,177.0,202.0,29.0,29.0
IND,Q1,3,22.666666666666668,23.0,13.474255287605157,6.0,14.5,31.0,39.0,4.666666666666667,4.0
JAX,1H,3,37.0,32.0,9.273618495495704,29.0,30.5,41.0,50.0,11.0,11.0
JAX,Full Game,3,91.33333333333333,87.0,9.104333522498443,83.0,85.0,95.5,104.0,25.333333333333332,26.0
JAX,Q1,3,21.666666666666668,25.0,6.182412330330469,13.0,19.0,26.0,27.0,5.0,4.0
KC,1H,3,60.666666666666664,69.0,27.980151695244416,23.0,46.0,79.5,90.0,13.666666666666666,16.0
KC,Full Game,3,99.66666666666667,119.0,27.34146220587984,61.0,90.0,119.0,119.0,26.0,31.0
KC,Q1,3,39.333333333333336,46.0,16.99673171197595,16.0,31.0,51.0,56.0,8.666666666666666,9.0
LA,1H,3,40.666666666666664,34.0,19.362047641943473,21.0,27.5,50.5,67.0,12.0,12.0
LA,Full Game,3,101.33333333333333,78.0,52.46797965320267,52.0,65.0,126.0,174.0,25.333333333333332,25.0
LA,Q1,3,13.333333333333334,10.0,6.182412330330469,8.0,9.0,16.0,22.0,4.666666666666667,4.0
LAC,1H,3,51.333333333333336,62.0,19.48218559493661,24.0,43.0,65.0,68.0,13.333333333333334,14.0
LAC,Full Game,3,116.33333333333333,116.0,48.58211833815218,57.0,86.5,146.0,176.0,32.0,33.0
LAC,Q1,3,22.0,25.0,7.2571803523590805,12.0,18.5,27.0,29.0,7.0,6.0
LV,1H,3,67.66666666666667,69.0,22.88133640230735,39.0,54.0,82.0,95.0,14.666666666666666,13.0
LV,Full Game,3,116.33333333333333,127.0,31.13768706175132,74.0,100.5,137.5,148.0,26.0,28.0
LV,Q1,3,31.333333333333332,22.0,16.858891488535722,17.0,19.5,38.5,55.0,7.333333333333333,8.0
MIA,1H,3,62.666666666666664,62.0,8.993825042154693,52.0,57.0,68.0,74.0,12.666666666666666,12.0
MIA,Full Game,3,104.33333333333333,95.0,18.372685039360892,88.0,91.5,112.5,130.0,29.666666666666668,27.0
MIA,Q1,3,23.0,29.0,8.48528137423857,11.0,20.0,29.0,29.0,6.0,6.0
MIN,1H,3,39.333333333333336,38.0,8.219218670625303,30.0,34.0,44.0,50.0,10.666666666666666,10.0
MIN,Full Game,3,85.66666666666667,66.0,34.373762603991366,57.0,61.5,100.0,134.0,24.333333333333332,21.0
MIN,Q1,3,26.333333333333332,21.0,8.259674462242577,20.0,20.5,29.5,38.0,6.0,5.0
NE,1H,3,62.333333333333336,68.0,8.73053390247253,50.0,59.0,68.5,69.0,13.333333333333334,13.0
NE,Full Game,3,108.33333333333333,97.0,20.417857108151406,91.0,94.0,117.0,137.0,25.0,23.0
NE,Q1,3,35.333333333333336,38.0,14.007934259633796,17.0,27.5,44.5,51.0,7.0,6.0
NO,1H,3,60.0,68.0,12.754084313139327,42.0,55.0,69.0,70.0,14.333333333333334,14.0
NO,Full Game,3,128.66666666666666,113.0,25.77250904010361,108.0,110.5,139.0,165.0,27.333333333333332,27.0
NO,Q1,3,32.0,29.0,17.682382946499793,12.0,20.5,42.0,55.0,7.666666666666667,7.0
NYG,1H,3,37.333333333333336,49.0,17.21110752456745,13.0,31.0,49.5,50.0,9.333333333333334,8.0
NYG,Full Game,3,104.33333333333333,81.0,41.77186719418811,69.0,75.0,122.0,163.0,22.333333333333332,21.0
NYG,Q1,3,14.0,10.0,5.656854249492381,10.0,10.0,16.0,22.0,4.333333333333333,4.0
NYJ,1H,3,35.666666666666664,35.0,9.809292646374775,24.0,29.5,41.5,48.0,8.666666666666666,8.0
NYJ,Full Game,3,87.33333333333333,68.0,30.944394574067136,63.0,65.5,99.5,131.0,20.666666666666668,18.0
NYJ,Q1,3,15.333333333333334,16.0,5.734883511361751,8.0,12.0,19.0,22.0,3.6666666666666665,3.0
PHI,1H,3,49.333333333333336,38.0,24.225789747475496,27.0,32.5,60.5,83.0,13.666666666666666,13.0
PHI,Full Game,3,127.33333333333333,128.0,4.109609335312651,122.0,125.0,130.0,132.0,32.0,32.0
PHI,Q1,3,20.333333333333332,18.0,11.14550233153366,8.0,13.0,26.5,35.0,6.666666666666667,7.0
PIT,1H,3,45.666666666666664,34.0,23.921166824012207,24.0,29.0,56.5,79.0,10.0,11.0
PIT,Full Game,3,113.0,120.0,22.19609575278199,83.0,101.5,128.0,136.0,25.666666666666668,28.0
PIT,Q1,3,32.666666666666664,18.0,21.452790546272116,17.0,17.5,40.5,63.0,6.0,6.0
SEA,1H,3,48.333333333333336,42.0,11.14550233153366,39.0,40.5,53.0,64.0,15.333333333333334,14.0
SEA,Full Game,3,87.0,82.0,16.30950643030009,70.0,76.0,95.5,109.0,26.666666666666668,31.0
SEA,Q1,3,27.0,26.0,7.788880963698615,18.0,22.0,31.5,37.0,9.0,10.0
SF,1H,3,67.66666666666667,72.0,15.412837362262522,47.0,59.5,78.0,84.0,15.333333333333334,14.0
SF,Full Game,3,105.66666666666667,102.0,12.119772641798562,93.0,97.5,112.0,122.0,28.333333333333332,29.0
SF,Q1,3,38.333333333333336,41.0,8.379870059984356,27.0,34.0,44.0,47.0,7.666666666666667,8.0
TB,1H,3,40.333333333333336,50.0,15.107025591499548,19.0,34.5,51.0,52.0,12.666666666666666,13.0
TB,Full Game,3,76.0,78.0,25.350871122442058,44.0,61.0,92.0,106.0,24.333333333333332,23.0
TB,Q1,3,24.0,22.0,10.708252269472673,12.0,17.0,30.0,38.0,7.333333333333333,8.0
TEN,1H,3,72.66666666666667,70.0,6.79869268479038,66.0,68.0,76.0,82.0,21.333333333333332,22.0
TEN,Full Game,3,126.33333333333333,138.0,27.010286106510527,89.0,113.5,145.0,152.0,34.666666666666664,33.0
TEN,Q1,3,23.0,25.0,6.683312551921141,14.0,19.5,27.5,30.0,9.0,9.0
WAS,1H,3,42.666666666666664,25.0,24.98443960192468,25.0,25.0,51.5,78.0,10.333333333333334,12.0
WAS,Full Game,3,82.0,66.0,39.22584182228174,44.0,55.0,101.0,136.0,21.333333333333332,21.0
WAS,Q1,3,16.333333333333332,16.0,1.247219128924647,15.0,15.5,17.0,18.0,6.0,6.0
