game_id,week,team,window,opponent,site,rush_att,rush_yds,ypc
2025_01_ARI_NO,1,NO,Q1,ARI,H,6,32.0,5.333333333333333
2025_01_BAL_BUF,1,BUF,Q1,BAL,H,6,30.0,5.0
2025_01_CAR_JAX,1,JAX,Q1,CAR,H,4,18.0,4.5
2025_01_CIN_CLE,1,CLE,Q1,CIN,H,6,14.0,2.3333333333333335
2025_01_DAL_PHI,1,PHI,Q1,DAL,H,8,56.0,7.0
2025_01_DET_GB,1,GB,Q1,DET,H,6,11.0,1.8333333333333333
2025_01_HOU_LA,1,LA,Q1,HOU,H,4,8.0,2.0
2025_01_KC_LAC,1,LAC,Q1,KC,H,5,28.0,5.6
2025_01_LV_NE,1,NE,Q1,LV,H,6,17.0,2.8333333333333335
2025_01_MIA_IND,1,IND,Q1,MIA,H,11,44.0,4.0
2025_01_MIN_CHI,1,CHI,Q1,MIN,H,6,27.0,4.5
2025_01_NYG_WAS,1,WAS,Q1,NYG,H,7,39.0,5.571428571428571
2025_01_PIT_NYJ,1,NYJ,Q1,PIT,H,11,49.0,4.454545454545454
2025_01_SF_SEA,1,SEA,Q1,SF,H,8,31.0,3.875
2025_01_TB_ATL,1,ATL,Q1,TB,H,6,13.0,2.1666666666666665
2025_01_TEN_DEN,1,DEN,Q1,TEN,H,3,13.0,4.333333333333333
2025_02_ATL_MIN,2,MIN,Q1,ATL,H,7,17.0,2.4285714285714284
2025_02_BUF_NYJ,2,NYJ,Q1,BUF,H,5,2.0,0.4
2025_02_CAR_ARI,2,ARI,Q1,CAR,H,4,5.0,1.25
2025_02_CHI_DET,2,DET,Q1,CHI,H,7,26.0,3.7142857142857144
2025_02_CLE_BAL,2,BAL,Q1,CLE,H,6,-2.0,-0.3333333333333333
2025_02_DEN_IND,2,IND,Q1,DEN,H,8,23.0,2.875
2025_02_JAX_CIN,2,CIN,Q1,JAX,H,3,13.0,4.333333333333333
2025_02_LAC_LV,2,LV,Q1,LAC,H,5,18.0,3.6
2025_02_LA_TEN,2,TEN,Q1,LA,H,5,12.0,2.4
2025_02_NE_MIA,2,MIA,Q1,NE,H,2,5.0,2.5
2025_02_NYG_DAL,2,DAL,Q1,NYG,H,2,5.0,2.5
2025_02_PHI_KC,2,KC,Q1,PHI,H,7,36.0,5.142857142857143
2025_02_SEA_PIT,2,PIT,Q1,SEA,H,8,29.0,3.625
2025_02_SF_NO,2,NO,Q1,SF,H,5,30.0,6.0
2025_02_TB_HOU,2,HOU,Q1,TB,H,5,13.0,2.6
2025_02_WAS_GB,2,GB,Q1,WAS,H,7,33.0,4.714285714285714
2025_03_ARI_SF,3,SF,Q1,ARI,H,2,1.0,0.5
2025_03_ATL_CAR,3,CAR,Q1,ATL,H,5,28.0,5.6
2025_03_CIN_MIN,3,MIN,Q1,CIN,H,5,22.0,4.4
2025_03_DAL_CHI,3,CHI,Q1,DAL,H,2,-1.0,-0.5
2025_03_DEN_LAC,3,LAC,Q1,DEN,H,7,27.0,3.857142857142857
2025_03_DET_BAL,3,BAL,Q1,DET,H,5,48.0,9.6
2025_03_GB_CLE,3,CLE,Q1,GB,H,5,17.0,3.4
2025_03_HOU_JAX,3,JAX,Q1,HOU,H,4,4.0,1.0
2025_03_IND_TEN,3,TEN,Q1,IND,H,3,1.0,0.3333333333333333
2025_03_KC_NYG,3,NYG,Q1,KC,H,9,39.0,4.333333333333333
2025_03_LA_PHI,3,PHI,Q1,LA,H,8,26.0,3.25
2025_03_LV_WAS,3,WAS,Q1,LV,H,10,80.0,8.0
2025_03_MIA_BUF,3,BUF,Q1,MIA,H,7,56.0,8.0
2025_03_NO_SEA,3,SEA,Q1,NO,H,4,5.0,1.25
2025_03_NYJ_TB,3,TB,Q1,NYJ,H,6,20.0,3.3333333333333335
2025_03_PIT_NE,3,NE,Q1,PIT,H,4,13.0,3.25
2025_04_BAL_KC,4,KC,Q1,BAL,H,3,7.0,2.3333333333333335
2025_04_CAR_NE,4,NE,Q1,CAR,H,5,52.0,10.4
2025_04_CHI_LV,4,LV,Q1,CHI,H,10,58.0,5.8
2025_04_CIN_DEN,4,DEN,Q1,CIN,H,7,29.0,4.142857142857143
2025_04_CLE_DET,4,DET,Q1,CLE,H,5,20.0,4.0
2025_04_GB_DAL,4,DAL,Q1,GB,H,4,11.0,2.75
2025_04_IND_LA,4,LA,Q1,IND,H,8,42.0,5.25
2025_04_JAX_SF,4,SF,Q1,JAX,H,8,29.0,3.625
2025_04_LAC_NYG,4,NYG,Q1,LAC,H,10,60.0,6.0
2025_04_MIN_PIT,4,PIT,Q1,MIN,H,3,12.0,4.0
2025_04_NO_BUF,4,BUF,Q1,NO,H,9,42.0,4.666666666666667
2025_04_NYJ_MIA,4,MIA,Q1,NYJ,H,7,27.0,3.857142857142857
2025_04_PHI_TB,4,TB,Q1,PHI,H,8,34.0,4.25
2025_04_SEA_ARI,4,ARI,Q1,SEA,H,5,22.0,4.4
2025_04_TEN_HOU,4,HOU,Q1,TEN,H,10,44.0,4.4
2025_04_WAS_ATL,4,ATL,Q1,WAS,H,13,50.0,3.8461538461538463
2025_05_DAL_NYJ,5,NYJ,Q1,DAL,H,9,53.0,5.888888888888889
2025_05_DEN_PHI,5,PHI,Q1,DEN,H,4,32.0,8.0
2025_05_DET_CIN,5,CIN,Q1,DET,H,2,8.0,4.0
2025_05_HOU_BAL,5,BAL,Q1,HOU,H,6,12.0,2.0
2025_05_KC_JAX,5,JAX,Q1,KC,H,7,18.0,2.5714285714285716
2025_05_LV_IND,5,IND,Q1,LV,H,3,4.0,1.3333333333333333
2025_05_MIA_CAR,5,CAR,Q1,MIA,H,2,5.0,2.5
2025_05_MIN_CLE,5,CLE,Q1,MIN,H,8,51.0,6.375
2025_05_NE_BUF,5,BUF,Q1,NE,H,5,15.0,3.0
2025_05_NYG_NO,5,NO,Q1,NYG,H,8,17.0,2.125
2025_05_SF_LA,5,LA,Q1,SF,H,3,13.0,4.333333333333333
2025_05_TB_SEA,5,SEA,Q1,TB,H,3,18.0,6.0
2025_05_TEN_ARI,5,ARI,Q1,TEN,H,8,35.0,4.375
2025_05_WAS_LAC,5,LAC,Q1,WAS,H,8,69.0,8.625
2025_06_ARI_IND,6,IND,Q1,ARI,H,3,9.0,3.0
2025_06_BUF_ATL,6,ATL,Q1,BUF,H,8,60.0,7.5
2025_06_CHI_WAS,6,WAS,Q1,CHI,H,5,13.0,2.6
2025_06_CIN_GB,6,GB,Q1,CIN,H,13,53.0,4.076923076923077
2025_06_CLE_PIT,6,PIT,Q1,CLE,H,6,14.0,2.3333333333333335
2025_06_DAL_CAR,6,CAR,Q1,DAL,H,7,42.0,6.0
2025_06_DEN_NYJ,6,NYJ,Q1,DEN,H,4,10.0,2.5
2025_06_DET_KC,6,KC,Q1,DET,H,4,19.0,4.75
2025_06_LAC_MIA,6,MIA,Q1,LAC,H,3,67.0,22.333333333333332
2025_06_LA_BAL,6,BAL,Q1,LA,H,12,72.0,6.0
2025_06_NE_NO,6,NO,Q1,NE,H,6,32.0,5.333333333333333
2025_06_PHI_NYG,6,NYG,Q1,PHI,H,5,30.0,6.0
2025_06_SEA_JAX,6,JAX,Q1,SEA,H,6,7.0,1.1666666666666667
2025_06_SF_TB,6,TB,Q1,SF,H,6,31.0,5.166666666666667
2025_06_TEN_LV,6,LV,Q1,TEN,H,7,28.0,4.0
2025_07_ATL_SF,7,SF,Q1,ATL,H,4,27.0,6.75
2025_07_CAR_NYJ,7,NYJ,Q1,CAR,H,4,26.0,6.5
2025_07_GB_ARI,7,ARI,Q1,GB,H,8,46.0,5.75
2025_07_HOU_SEA,7,SEA,Q1,HOU,H,10,32.0,3.2
2025_07_IND_LAC,7,LAC,Q1,IND,H,3,4.0,1.3333333333333333
2025_07_LA_JAX,7,JAX,Q1,LA,H,2,6.0,3.0
2025_07_LV_KC,7,KC,Q1,LV,H,5,11.0,2.2
2025_07_MIA_CLE,7,CLE,Q1,MIA,H,10,32.0,3.2
2025_07_NE_TEN,7,TEN,Q1,NE,H,5,14.0,2.8
2025_07_NO_CHI,7,CHI,Q1,NO,H,9,26.0,2.888888888888889
2025_07_NYG_DEN,7,DEN,Q1,NYG,H,8,24.0,3.0
2025_07_PHI_MIN,7,MIN,Q1,PHI,H,4,11.0,2.75
2025_07_PIT_CIN,7,CIN,Q1,PIT,H,4,14.0,3.5
2025_07_TB_DET,7,DET,Q1,TB,H,9,28.0,3.111111111111111
2025_07_WAS_DAL,7,DAL,Q1,WAS,H,7,26.0,3.7142857142857144
2025_08_BUF_CAR,8,CAR,Q1,BUF,H,7,38.0,5.428571428571429
2025_08_CHI_BAL,8,BAL,Q1,CHI,H,1,4.0,4.0
2025_08_CLE_NE,8,NE,Q1,CLE,H,10,57.0,5.7
2025_08_DAL_DEN,8,DEN,Q1,DAL,H,5,71.0,14.2
2025_08_GB_PIT,8,PIT,Q1,GB,H,3,10.0,3.3333333333333335
2025_08_MIA_ATL,8,ATL,Q1,MIA,H,3,1.0,0.3333333333333333
2025_08_MIN_LAC,8,LAC,Q1,MIN,H,10,24.0,2.4
2025_08_NYG_PHI,8,PHI,Q1,NYG,H,8,112.0,14.0
2025_08_NYJ_CIN,8,CIN,Q1,NYJ,H,8,43.0,5.375
2025_08_SF_HOU,8,HOU,Q1,SF,H,10,36.0,3.6
2025_08_TB_NO,8,NO,Q1,TB,H,6,18.0,3.0
2025_08_TEN_IND,8,IND,Q1,TEN,H,7,65.0,9.285714285714286
2025_08_WAS_KC,8,KC,Q1,WAS,H,4,18.0,4.5
2025_09_ARI_DAL,9,DAL,Q1,ARI,H,5,29.0,5.8
2025_09_ATL_NE,9,NE,Q1,ATL,H,7,32.0,4.571428571428571
2025_09_BAL_MIA,9,MIA,Q1,BAL,H,7,32.0,4.571428571428571
2025_09_CAR_GB,9,GB,Q1,CAR,H,4,30.0,7.5
2025_09_CHI_CIN,9,CIN,Q1,CHI,H,4,21.0,5.25
2025_09_DEN_HOU,9,HOU,Q1,DEN,H,9,19.0,2.111111111111111
2025_09_IND_PIT,9,PIT,Q1,IND,H,2,3.0,1.5
2025_09_JAX_LV,9,LV,Q1,JAX,H,4,35.0,8.75
2025_09_KC_BUF,9,BUF,Q1,KC,H,7,42.0,6.0
2025_09_LAC_TEN,9,TEN,Q1,LAC,H,4,29.0,7.25
2025_09_MIN_DET,9,DET,Q1,MIN,H,4,19.0,4.75
2025_09_NO_LA,9,LA,Q1,NO,H,7,22.0,3.142857142857143
2025_09_SEA_WAS,9,WAS,Q1,SEA,H,8,27.0,3.375
2025_09_SF_NYG,9,NYG,Q1,SF,H,6,31.0,5.166666666666667
2025_10_ARI_SEA,10,SEA,Q1,ARI,H,8,36.0,4.5
2025_10_ATL_IND,10,IND,Q1,ATL,H,8,77.0,9.625
2025_10_BAL_MIN,10,MIN,Q1,BAL,H,6,18.0,3.0
2025_10_BUF_MIA,10,MIA,Q1,BUF,H,11,52.0,4.7272727272727275
2025_10_CLE_NYJ,10,NYJ,Q1,CLE,H,3,12.0,4.0
2025_10_DET_WAS,10,WAS,Q1,DET,H,5,18.0,3.6
2025_10_JAX_HOU,10,HOU,Q1,JAX,H,4,6.0,1.5
2025_10_LA_SF,10,SF,Q1,LA,H,2,4.0,2.0
2025_10_LV_DEN,10,DEN,Q1,LV,H,3,9.0,3.0
2025_10_NE_TB,10,TB,Q1,NE,H,7,47.0,6.714285714285714
2025_10_NO_CAR,10,CAR,Q1,NO,H,9,40.0,4.444444444444445
2025_10_NYG_CHI,10,CHI,Q1,NYG,H,8,31.0,3.875
2025_10_PHI_GB,10,GB,Q1,PHI,H,8,29.0,3.625
2025_10_PIT_LAC,10,LAC,Q1,PIT,H,6,11.0,1.8333333333333333
2025_11_BAL_CLE,11,CLE,Q1,BAL,H,7,54.0,7.714285714285714
2025_11_CAR_ATL,11,ATL,Q1,CAR,H,5,32.0,6.4
2025_11_CHI_MIN,11,MIN,Q1,CHI,H,9,41.0,4.555555555555555
2025_11_CIN_PIT,11,PIT,Q1,CIN,H,10,55.0,5.5
2025_11_DAL_LV,11,LV,Q1,DAL,H,1,-1.0,-1.0
2025_11_DET_PHI,11,PHI,Q1,DET,H,8,23.0,2.875
2025_11_GB_NYG,11,NYG,Q1,GB,H,6,25.0,4.166666666666667
2025_11_HOU_TEN,11,TEN,Q1,HOU,H,4,8.0,2.0
2025_11_KC_DEN,11,DEN,Q1,KC,H,6,11.0,1.8333333333333333
2025_11_LAC_JAX,11,JAX,Q1,LAC,H,10,48.0,4.8
2025_11_NYJ_NE,11,NE,Q1,NYJ,H,6,21.0,3.5
2025_11_SEA_LA,11,LA,Q1,SEA,H,10,79.0,7.9
2025_11_SF_ARI,11,ARI,Q1,SF,H,6,27.0,4.5
2025_11_TB_BUF,11,BUF,Q1,TB,H,5,14.0,2.8
2025_11_WAS_MIA,11,MIA,Q1,WAS,H,6,54.0,9.0
2025_12_ATL_NO,12,NO,Q1,ATL,H,6,13.0,2.1666666666666665
2025_12_BUF_HOU,12,HOU,Q1,BUF,H,7,54.0,7.714285714285714
2025_12_CAR_SF,12,SF,Q1,CAR,H,9,43.0,4.777777777777778
2025_12_CLE_LV,12,LV,Q1,CLE,H,5,11.0,2.2
2025_12_IND_KC,12,KC,Q1,IND,H,8,28.0,3.5
2025_12_JAX_ARI,12,ARI,Q1,JAX,H,4,7.0,1.75
2025_12_MIN_GB,12,GB,Q1,MIN,H,6,17.0,2.8333333333333335
2025_12_NE_CIN,12,CIN,Q1,NE,H,9,47.0,5.222222222222222
2025_12_NYG_DET,12,DET,Q1,NYG,H,5,19.0,3.8
2025_12_NYJ_BAL,12,BAL,Q1,NYJ,H,7,18.0,2.5714285714285716
2025_12_PHI_DAL,12,DAL,Q1,PHI,H,7,32.0,4.571428571428571
2025_12_PIT_CHI,12,CHI,Q1,PIT,H,7,32.0,4.571428571428571
2025_12_SEA_TEN,12,TEN,Q1,SEA,H,8,35.0,4.375
2025_12_TB_LA,12,LA,Q1,TB,H,3,12.0,4.0
2025_13_ARI_TB,13,TB,Q1,ARI,H,4,13.0,3.25
2025_13_ATL_NYJ,13,NYJ,Q1,ATL,H,6,26.0,4.333333333333333
2025_13_BUF_PIT,13,PIT,Q1,BUF,H,6,20.0,3.3333333333333335
2025_13_CHI_PHI,13,PHI,Q1,CHI,H,4,22.0,5.5
2025_13_CIN_BAL,13,BAL,Q1,CIN,H,6,44.0,7.333333333333333
2025_13_DEN_WAS,13,WAS,Q1,DEN,H,8,35.0,4.375
2025_13_GB_DET,13,DET,Q1,GB,H,4,16.0,4.0
2025_13_HOU_IND,13,IND,Q1,HOU,H,5,24.0,4.8
2025_13_JAX_TEN,13,TEN,Q1,JAX,H,5,39.0,7.8
2025_13_KC_DAL,13,DAL,Q1,KC,H,5,8.0,1.6
2025_13_LA_CAR,13,CAR,Q1,LA,H,7,19.0,2.7142857142857144
2025_13_LV_LAC,13,LAC,Q1,LV,H,11,38.0,3.4545454545454546
2025_13_MIN_SEA,13,SEA,Q1,MIN,H,6,13.0,2.1666666666666665
2025_13_NO_MIA,13,MIA,Q1,NO,H,7,62.0,8.857142857142858
2025_13_NYG_NE,13,NE,Q1,NYG,H,6,32.0,5.333333333333333
2025_13_SF_CLE,13,CLE,Q1,SF,H,10,34.0,3.4
2025_14_CHI_GB,14,GB,Q1,CHI,H,9,40.0,4.444444444444445
2025_14_CIN_BUF,14,BUF,Q1,CIN,H,4,26.0,6.5
2025_14_DAL_DET,14,DET,Q1,DAL,H,5,27.0,5.4
2025_14_DEN_LV,14,LV,Q1,DEN,H,4,17.0,4.25
2025_14_HOU_KC,14,KC,Q1,HOU,H,8,37.0,4.625
2025_14_IND_JAX,14,JAX,Q1,IND,H,4,7.0,1.75
2025_14_LA_ARI,14,ARI,Q1,LA,H,5,20.0,4.0
2025_14_MIA_NYJ,14,NYJ,Q1,MIA,H,4,12.0,3.0
2025_14_NO_TB,14,TB,Q1,NO,H,7,11.0,1.5714285714285714
2025_14_PHI_LAC,14,LAC,Q1,PHI,H,4,12.0,3.0
2025_14_PIT_BAL,14,BAL,Q1,PIT,H,11,43.0,3.909090909090909
2025_14_SEA_ATL,14,ATL,Q1,SEA,H,7,35.0,5.0
2025_14_TEN_CLE,14,CLE,Q1,TEN,H,4,-2.0,-0.5
2025_14_WAS_MIN,14,MIN,Q1,WAS,H,7,28.0,4.0
2025_15_ARI_HOU,15,HOU,Q1,ARI,H,10,19.0,1.9
2025_15_ATL_TB,15,TB,Q1,ATL,H,6,40.0,6.666666666666667
2025_15_BAL_CIN,15,CIN,Q1,BAL,H,7,28.0,4.0
2025_15_BUF_NE,15,NE,Q1,BUF,H,13,82.0,6.3076923076923075
2025_15_CAR_NO,15,NO,Q1,CAR,H,5,10.0,2.0
2025_15_CLE_CHI,15,CHI,Q1,CLE,H,9,40.0,4.444444444444445
2025_15_DET_LA,15,LA,Q1,DET,H,6,24.0,4.0
2025_15_GB_DEN,15,DEN,Q1,GB,H,6,18.0,3.0
2025_15_IND_SEA,15,SEA,Q1,IND,H,5,6.0,1.2
2025_15_LAC_KC,15,KC,Q1,LAC,H,8,21.0,2.625
2025_15_LV_PHI,15,PHI,Q1,LV,H,10,38.0,3.8
2025_15_MIA_PIT,15,PIT,Q1,MIA,H,8,17.0,2.125
2025_15_MIN_DAL,15,DAL,Q1,MIN,H,12,40.0,3.3333333333333335
2025_15_NYJ_JAX,15,JAX,Q1,NYJ,H,8,48.0,6.0
2025_15_TEN_SF,15,SF,Q1,TEN,H,7,27.0,3.857142857142857
2025_15_WAS_NYG,15,NYG,Q1,WAS,H,3,13.0,4.333333333333333
2025_16_ATL_ARI,16,ARI,Q1,ATL,H,7,43.0,6.142857142857143
2025_16_BUF_CLE,16,CLE,Q1,BUF,H,5,27.0,5.4
2025_16_CIN_MIA,16,MIA,Q1,CIN,H,6,60.0,10.0
2025_16_GB_CHI,16,CHI,Q1,GB,H,8,46.0,5.75
2025_16_JAX_DEN,16,DEN,Q1,JAX,H,6,31.0,5.166666666666667
2025_16_KC_TEN,16,TEN,Q1,KC,H,7,30.0,4.285714285714286
2025_16_LAC_DAL,16,DAL,Q1,LAC,H,10,47.0,4.7
2025_16_LA_SEA,16,SEA,Q1,LA,H,3,15.0,5.0
2025_16_LV_HOU,16,HOU,Q1,LV,H,3,5.0,1.6666666666666667
2025_16_MIN_NYG,16,NYG,Q1,MIN,H,10,51.0,5.1
2025_16_NE_BAL,16,BAL,Q1,NE,H,10,60.0,6.0
2025_16_NYJ_NO,16,NO,Q1,NYJ,H,7,23.0,3.2857142857142856
2025_16_PHI_WAS,16,WAS,Q1,PHI,H,8,40.0,5.0
2025_16_PIT_DET,16,DET,Q1,PIT,H,6,13.0,2.1666666666666665
2025_16_SF_IND,16,IND,Q1,SF,H,5,19.0,3.8
2025_16_TB_CAR,16,CAR,Q1,TB,H,6,53.0,8.833333333333334
2025_17_ARI_CIN,17,CIN,Q1,ARI,H,10,33.0,3.3
2025_17_BAL_GB,17,GB,Q1,BAL,H,0,0.0,0.0
2025_17_CHI_SF,17,SF,Q1,CHI,H,12,94.0,7.833333333333333
2025_17_DAL_WAS,17,WAS,Q1,DAL,H,3,5.0,1.6666666666666667
2025_17_DEN_KC,17,KC,Q1,DEN,H,7,24.0,3.4285714285714284
2025_17_DET_MIN,17,MIN,Q1,DET,H,10,46.0,4.6
2025_17_HOU_LAC,17,LAC,Q1,HOU,H,7,17.0,2.4285714285714284
2025_17_JAX_IND,17,IND,Q1,JAX,H,7,35.0,5.0
2025_17_LA_ATL,17,ATL,Q1,LA,H,8,26.0,3.25
2025_17_NE_NYJ,17,NYJ,Q1,NE,H,3,7.0,2.3333333333333335
2025_17_NO_TEN,17,TEN,Q1,NO,H,9,30.0,3.3333333333333335
2025_17_NYG_LV,17,LV,Q1,NYG,H,4,9.0,2.25
2025_17_PHI_BUF,17,BUF,Q1,PHI,H,5,23.0,4.6
2025_17_PIT_CLE,17,CLE,Q1,PIT,H,7,26.0,3.7142857142857144
2025_17_SEA_CAR,17,CAR,Q1,SEA,H,5,16.0,3.2
2025_17_TB_MIA,17,MIA,Q1,TB,H,1,7.0,7.0
2025_18_ARI_LA,18,LA,Q1,ARI,H,5,27.0,5.4
2025_18_BAL_PIT,18,PIT,Q1,BAL,H,3,3.0,1.0
2025_18_CAR_TB,18,TB,Q1,CAR,H,11,51.0,4.636363636363637
2025_18_CLE_CIN,18,CIN,Q1,CLE,H,11,63.0,5.7272727272727275
2025_18_DAL_NYG,18,NYG,Q1,DAL,H,6,19.0,3.1666666666666665
2025_18_DET_CHI,18,CHI,Q1,DET,H,6,22.0,3.6666666666666665
2025_18_GB_MIN,18,MIN,Q1,GB,H,10,38.0,3.8
2025_18_IND_HOU,18,HOU,Q1,IND,H,5,10.0,2.0
2025_18_KC_LV,18,LV,Q1,KC,H,5,23.0,4.6
2025_18_LAC_DEN,18,DEN,Q1,LAC,H,13,75.0,5.769230769230769
2025_18_MIA_NE,18,NE,Q1,MIA,H,10,108.0,10.8
2025_18_NO_ATL,18,ATL,Q1,NO,H,7,15.0,2.142857142857143
2025_18_NYJ_BUF,18,BUF,Q1,NYJ,H,12,66.0,5.5
2025_18_SEA_SF,18,SF,Q1,SEA,H,2,4.0,2.0
2025_18_TEN_JAX,18,JAX,Q1,TEN,H,3,8.0,2.6666666666666665
2025_18_WAS_PHI,18,PHI,Q1,WAS,H,4,25.0,6.25
2025_01_ARI_NO,1,ARI,Q1,NO,A,7,31.0,4.428571428571429
2025_01_BAL_BUF,1,BAL,Q1,BUF,A,8,42.0,5.25
2025_01_CAR_JAX,1,CAR,Q1,JAX,A,7,25.0,3.5714285714285716
2025_01_CIN_CLE,1,CIN,Q1,CLE,A,7,29.0,4.142857142857143
2025_01_DAL_PHI,1,DAL,Q1,PHI,A,8,37.0,4.625
2025_01_DET_GB,1,DET,Q1,GB,A,5,29.0,5.8
2025_01_HOU_LA,1,HOU,Q1,LA,A,7,23.0,3.2857142857142856
2025_01_KC_LAC,1,KC,Q1,LAC,A,5,17.0,3.4
2025_01_LV_NE,1,LV,Q1,NE,A,6,24.0,4.0
2025_01_MIA_IND,1,MIA,Q1,IND,A,2,7.0,3.5
2025_01_MIN_CHI,1,MIN,Q1,CHI,A,5,21.0,4.2
2025_01_NYG_WAS,1,NYG,Q1,WAS,A,5,17.0,3.4
2025_01_PIT_NYJ,1,PIT,Q1,NYJ,A,4,13.0,3.25
2025_01_SF_SEA,1,SF,Q1,SEA,A,7,19.0,2.7142857142857144
2025_01_TB_ATL,1,TB,Q1,ATL,A,6,24.0,4.0
2025_01_TEN_DEN,1,TEN,Q1,DEN,A,5,10.0,2.0
2025_02_ATL_MIN,2,ATL,Q1,MIN,A,7,65.0,9.285714285714286
2025_02_BUF_NYJ,2,BUF,Q1,NYJ,A,13,79.0,6.076923076923077
2025_02_CAR_ARI,2,CAR,Q1,ARI,A,7,5.0,0.7142857142857143
2025_02_CHI_DET,2,CHI,Q1,DET,A,6,40.0,6.666666666666667
2025_02_CLE_BAL,2,CLE,Q1,BAL,A,2,2.0,1.0
2025_02_DEN_IND,2,DEN,Q1,IND,A,5,35.0,7.0
2025_02_JAX_CIN,2,JAX,Q1,CIN,A,5,21.0,4.2
2025_02_LAC_LV,2,LAC,Q1,LV,A,5,29.0,5.8
2025_02_LA_TEN,2,LA,Q1,TEN,A,7,62.0,8.857142857142858
2025_02_NE_MIA,2,NE,Q1,MIA,A,12,57.0,4.75
2025_02_NYG_DAL,2,NYG,Q1,DAL,A,7,22.0,3.142857142857143
2025_02_PHI_KC,2,PHI,Q1,KC,A,7,32.0,4.571428571428571
2025_02_SEA_PIT,2,SEA,Q1,PIT,A,6,14.0,2.3333333333333335
2025_02_SF_NO,2,SF,Q1,NO,A,10,51.0,5.1
2025_02_TB_HOU,2,TB,Q1,HOU,A,5,27.0,5.4
2025_02_WAS_GB,2,WAS,Q1,GB,A,2,3.0,1.5
2025_03_ARI_SF,3,ARI,Q1,SF,A,9,28.0,3.111111111111111
2025_03_ATL_CAR,3,ATL,Q1,CAR,A,6,20.0,3.3333333333333335
2025_03_CIN_MIN,3,CIN,Q1,MIN,A,8,24.0,3.0
2025_03_DAL_CHI,3,DAL,Q1,CHI,A,9,66.0,7.333333333333333
2025_03_DEN_LAC,3,DEN,Q1,LAC,A,3,2.0,0.6666666666666666
2025_03_DET_BAL,3,DET,Q1,BAL,A,10,15.0,1.5
2025_03_GB_CLE,3,GB,Q1,CLE,A,7,23.0,3.2857142857142856
2025_03_HOU_JAX,3,HOU,Q1,JAX,A,5,29.0,5.8
2025_03_IND_TEN,3,IND,Q1,TEN,A,7,31.0,4.428571428571429
2025_03_KC_NYG,3,KC,Q1,NYG,A,4,13.0,3.25
2025_03_LA_PHI,3,LA,Q1,PHI,A,6,37.0,6.166666666666667
2025_03_LV_WAS,3,LV,Q1,WAS,A,4,2.0,0.5
2025_03_MIA_BUF,3,MIA,Q1,BUF,A,8,30.0,3.75
2025_03_NO_SEA,3,NO,Q1,SEA,A,9,23.0,2.5555555555555554
2025_03_NYJ_TB,3,NYJ,Q1,TB,A,7,31.0,4.428571428571429
2025_03_PIT_NE,3,PIT,Q1,NE,A,10,48.0,4.8
2025_04_BAL_KC,4,BAL,Q1,KC,A,6,36.0,6.0
2025_04_CAR_NE,4,CAR,Q1,NE,A,8,39.0,4.875
2025_04_CHI_LV,4,CHI,Q1,LV,A,5,-1.0,-0.2
2025_04_CIN_DEN,4,CIN,Q1,DEN,A,7,23.0,3.2857142857142856
2025_04_CLE_DET,4,CLE,Q1,DET,A,9,18.0,2.0
2025_04_GB_DAL,4,GB,Q1,DAL,A,7,18.0,2.5714285714285716
2025_04_IND_LA,4,IND,Q1,LA,A,2,6.0,3.0
2025_04_JAX_SF,4,JAX,Q1,SF,A,8,28.0,3.5
2025_04_LAC_NYG,4,LAC,Q1,NYG,A,3,27.0,9.0
2025_04_MIN_PIT,4,MIN,Q1,PIT,A,5,21.0,4.2
2025_04_NO_BUF,4,NO,Q1,BUF,A,9,71.0,7.888888888888889
2025_04_NYJ_MIA,4,NYJ,Q1,MIA,A,11,76.0,6.909090909090909
2025_04_PHI_TB,4,PHI,Q1,TB,A,2,40.0,20.0
2025_04_SEA_ARI,4,SEA,Q1,ARI,A,7,37.0,5.285714285714286
2025_04_TEN_HOU,4,TEN,Q1,HOU,A,3,12.0,4.0
2025_04_WAS_ATL,4,WAS,Q1,ATL,A,3,48.0,16.0
2025_05_DAL_NYJ,5,DAL,Q1,NYJ,A,5,20.0,4.0
2025_05_DEN_PHI,5,DEN,Q1,PHI,A,7,18.0,2.5714285714285716
2025_05_DET_CIN,5,DET,Q1,CIN,A,9,28.0,3.111111111111111
2025_05_HOU_BAL,5,HOU,Q1,BAL,A,7,29.0,4.142857142857143
2025_05_KC_JAX,5,KC,Q1,JAX,A,4,30.0,7.5
2025_05_LV_IND,5,LV,Q1,IND,A,7,34.0,4.857142857142857
2025_05_MIA_CAR,5,MIA,Q1,CAR,A,7,15.0,2.142857142857143
2025_05_MIN_CLE,5,MIN,Q1,CLE,A,5,24.0,4.8
2025_05_NE_BUF,5,NE,Q1,BUF,A,7,19.0,2.7142857142857144
2025_05_NYG_NO,5,NYG,Q1,NO,A,5,41.0,8.2
2025_05_SF_LA,5,SF,Q1,LA,A,11,27.0,2.4545454545454546
2025_05_TB_SEA,5,TB,Q1,SEA,A,9,31.0,3.4444444444444446
2025_05_TEN_ARI,5,TEN,Q1,ARI,A,8,38.0,4.75
2025_05_WAS_LAC,5,WAS,Q1,LAC,A,5,23.0,4.6
2025_06_ARI_IND,6,ARI,Q1,IND,A,7,19.0,2.7142857142857144
2025_06_BUF_ATL,6,BUF,Q1,ATL,A,6,19.0,3.1666666666666665
2025_06_CHI_WAS,6,CHI,Q1,WAS,A,7,36.0,5.142857142857143
2025_06_CIN_GB,6,CIN,Q1,GB,A,2,-3.0,-1.5
2025_06_CLE_PIT,6,CLE,Q1,PIT,A,5,8.0,1.6
2025_06_DAL_CAR,6,DAL,Q1,CAR,A,6,22.0,3.6666666666666665
2025_06_DEN_NYJ,6,DEN,Q1,NYJ,A,5,16.0,3.2
2025_06_DET_KC,6,DET,Q1,KC,A,11,37.0,3.3636363636363638
2025_06_LAC_MIA,6,LAC,Q1,MIA,A,10,57.0,5.7
2025_06_LA_BAL,6,LA,Q1,BAL,A,4,15.0,3.75
2025_06_NE_NO,6,NE,Q1,NO,A,5,15.0,3.0
2025_06_PHI_NYG,6,PHI,Q1,NYG,A,7,35.0,5.0
2025_06_SEA_JAX,6,SEA,Q1,JAX,A,3,12.0,4.0
2025_06_SF_TB,6,SF,Q1,TB,A,4,11.0,2.75
2025_06_TEN_LV,6,TEN,Q1,LV,A,4,8.0,2.0
2025_07_ATL_SF,7,ATL,Q1,SF,A,6,22.0,3.6666666666666665
2025_07_CAR_NYJ,7,CAR,Q1,NYJ,A,10,40.0,4.0
2025_07_GB_ARI,7,GB,Q1,ARI,A,4,7.0,1.75
2025_07_HOU_SEA,7,HOU,Q1,SEA,A,4,3.0,0.75
2025_07_IND_LAC,7,IND,Q1,LAC,A,11,76.0,6.909090909090909
2025_07_LA_JAX,7,LA,Q1,JAX,A,5,16.0,3.2
2025_07_LV_KC,7,LV,Q1,KC,A,2,3.0,1.5
2025_07_MIA_CLE,7,MIA,Q1,CLE,A,5,53.0,10.6
2025_07_NE_TEN,7,NE,Q1,TEN,A,8,67.0,8.375
2025_07_NO_CHI,7,NO,Q1,CHI,A,5,22.0,4.4
2025_07_NYG_DEN,7,NYG,Q1,DEN,A,5,10.0,2.0
2025_07_PHI_MIN,7,PHI,Q1,MIN,A,9,40.0,4.444444444444445
2025_07_PIT_CIN,7,PIT,Q1,CIN,A,6,44.0,7.333333333333333
2025_07_TB_DET,7,TB,Q1,DET,A,2,7.0,3.5
2025_07_WAS_DAL,7,WAS,Q1,DAL,A,7,30.0,4.285714285714286
2025_08_BUF_CAR,8,BUF,Q1,CAR,A,10,79.0,7.9
2025_08_CHI_BAL,8,CHI,Q1,BAL,A,10,41.0,4.1
2025_08_CLE_NE,8,CLE,Q1,NE,A,4,39.0,9.75
2025_08_DAL_DEN,8,DAL,Q1,DEN,A,6,25.0,4.166666666666667
2025_08_GB_PIT,8,GB,Q1,PIT,A,5,15.0,3.0
2025_08_MIA_ATL,8,MIA,Q1,ATL,A,11,44.0,4.0
2025_08_MIN_LAC,8,MIN,Q1,LAC,A,3,1.0,0.3333333333333333
2025_08_NYG_PHI,8,NYG,Q1,PHI,A,5,21.0,4.2
2025_08_NYJ_CIN,8,NYJ,Q1,CIN,A,7,11.0,1.5714285714285714
2025_08_SF_HOU,8,SF,Q1,HOU,A,1,13.0,13.0
2025_08_TB_NO,8,TB,Q1,NO,A,6,28.0,4.666666666666667
2025_08_TEN_IND,8,TEN,Q1,IND,A,5,20.0,4.0
2025_08_WAS_KC,8,WAS,Q1,KC,A,8,29.0,3.625
2025_09_ARI_DAL,9,ARI,Q1,DAL,A,5,12.0,2.4
2025_09_ATL_NE,9,ATL,Q1,NE,A,3,2.0,0.6666666666666666
2025_09_BAL_MIA,9,BAL,Q1,MIA,A,6,12.0,2.0
2025_09_CAR_GB,9,CAR,Q1,GB,A,9,37.0,4.111111111111111
2025_09_CHI_CIN,9,CHI,Q1,CIN,A,13,81.0,6.230769230769231
2025_09_DEN_HOU,9,DEN,Q1,HOU,A,5,26.0,5.2
2025_09_IND_PIT,9,IND,Q1,PIT,A,6,13.0,2.1666666666666665
2025_09_JAX_LV,9,JAX,Q1,LV,A,10,31.0,3.1
2025_09_KC_BUF,9,KC,Q1,BUF,A,6,28.0,4.666666666666667
2025_09_LAC_TEN,9,LAC,Q1,TEN,A,7,14.0,2.0
2025_09_MIN_DET,9,MIN,Q1,DET,A,6,33.0,5.5
2025_09_NO_LA,9,NO,Q1,LA,A,3,6.0,2.0
2025_09_SEA_WAS,9,SEA,Q1,WAS,A,6,37.0,6.166666666666667
2025_09_SF_NYG,9,SF,Q1,NYG,A,9,57.0,6.333333333333333
2025_10_ARI_SEA,10,ARI,Q1,SEA,A,6,14.0,2.3333333333333335
2025_10_ATL_IND,10,ATL,Q1,IND,A,8,51.0,6.375
2025_10_BAL_MIN,10,BAL,Q1,MIN,A,6,16.0,2.6666666666666665
2025_10_BUF_MIA,10,BUF,Q1,MIA,A,3,11.0,3.6666666666666665
2025_10_CLE_NYJ,10,CLE,Q1,NYJ,A,11,34.0,3.090909090909091
2025_10_DET_WAS,10,DET,Q1,WAS,A,8,44.0,5.5
2025_10_JAX_HOU,10,JAX,Q1,HOU,A,8,34.0,4.25
2025_10_LA_SF,10,LA,Q1,SF,A,9,60.0,6.666666666666667
2025_10_LV_DEN,10,LV,Q1,DEN,A,10,43.0,4.3
2025_10_NE_TB,10,NE,Q1,TB,A,8,25.0,3.125
2025_10_NO_CAR,10,NO,Q1,CAR,A,5,27.0,5.4
2025_10_NYG_CHI,10,NYG,Q1,CHI,A,4,-3.0,-0.75
2025_10_PHI_GB,10,PHI,Q1,GB,A,10,50.0,5.0
2025_10_PIT_LAC,10,PIT,Q1,LAC,A,7,24.0,3.4285714285714284
2025_11_BAL_CLE,11,BAL,Q1,CLE,A,7,38.0,5.428571428571429
2025_11_CAR_ATL,11,CAR,Q1,ATL,A,5,13.0,2.6
2025_11_CHI_MIN,11,CHI,Q1,MIN,A,5,14.0,2.8
2025_11_CIN_PIT,11,CIN,Q1,PIT,A,4,25.0,6.25
2025_11_DAL_LV,11,DAL,Q1,LV,A,8,44.0,5.5
2025_11_DET_PHI,11,DET,Q1,PHI,A,5,18.0,3.6
2025_11_GB_NYG,11,GB,Q1,NYG,A,10,84.0,8.4
2025_11_HOU_TEN,11,HOU,Q1,TEN,A,4,5.0,1.25
2025_11_KC_DEN,11,KC,Q1,DEN,A,3,17.0,5.666666666666667
2025_11_LAC_JAX,11,LAC,Q1,JAX,A,6,22.0,3.6666666666666665
2025_11_NYJ_NE,11,NYJ,Q1,NE,A,11,56.0,5.090909090909091
2025_11_SEA_LA,11,SEA,Q1,LA,A,4,19.0,4.75
2025_11_SF_ARI,11,SF,Q1,ARI,A,5,17.0,3.4
2025_11_TB_BUF,11,TB,Q1,BUF,A,10,47.0,4.7
2025_11_WAS_MIA,11,WAS,Q1,MIA,A,7,20.0,2.857142857142857
2025_12_ATL_NO,12,ATL,Q1,NO,A,5,10.0,2.0
2025_12_BUF_HOU,12,BUF,Q1,HOU,A,8,67.0,8.375
2025_12_CAR_SF,12,CAR,Q1,SF,A,5,29.0,5.8
2025_12_CLE_LV,12,CLE,Q1,LV,A,6,14.0,2.3333333333333335
2025_12_IND_KC,12,IND,Q1,KC,A,4,8.0,2.0
2025_12_JAX_ARI,12,JAX,Q1,ARI,A,6,71.0,11.833333333333334
2025_12_MIN_GB,12,MIN,Q1,GB,A,7,29.0,4.142857142857143
2025_12_NE_CIN,12,NE,Q1,CIN,A,4,11.0,2.75
2025_12_NYG_DET,12,NYG,Q1,DET,A,9,15.0,1.6666666666666667
2025_12_NYJ_BAL,12,NYJ,Q1,BAL,A,11,33.0,3.0
2025_12_PHI_DAL,12,PHI,Q1,DAL,A,6,21.0,3.5
2025_12_PIT_CHI,12,PIT,Q1,CHI,A,8,48.0,6.0
2025_12_SEA_TEN,12,SEA,Q1,TEN,A,3,16.0,5.333333333333333
2025_12_TB_LA,12,TB,Q1,LA,A,8,32.0,4.0
2025_13_ARI_TB,13,ARI,Q1,TB,A,4,31.0,7.75
2025_13_ATL_NYJ,13,ATL,Q1,NYJ,A,7,36.0,5.142857142857143
2025_13_BUF_PIT,13,BUF,Q1,PIT,A,10,67.0,6.7
2025_13_CHI_PHI,13,CHI,Q1,PHI,A,13,84.0,6.461538461538462
2025_13_CIN_BAL,13,CIN,Q1,BAL,A,6,16.0,2.6666666666666665
2025_13_DEN_WAS,13,DEN,Q1,WAS,A,4,17.0,4.25
2025_13_GB_DET,13,GB,Q1,DET,A,11,65.0,5.909090909090909
2025_13_HOU_IND,13,HOU,Q1,IND,A,6,5.0,0.8333333333333334
2025_13_JAX_TEN,13,JAX,Q1,TEN,A,7,29.0,4.142857142857143
2025_13_KC_DAL,13,KC,Q1,DAL,A,9,66.0,7.333333333333333
2025_13_LA_CAR,13,LA,Q1,CAR,A,6,50.0,8.333333333333334
2025_13_LV_LAC,13,LV,Q1,LAC,A,3,6.0,2.0
2025_13_MIN_SEA,13,MIN,Q1,SEA,A,4,8.0,2.0
2025_13_NO_MIA,13,NO,Q1,MIA,A,3,-1.0,-0.3333333333333333
2025_13_NYG_NE,13,NYG,Q1,NE,A,5,22.0,4.4
2025_13_SF_CLE,13,SF,Q1,CLE,A,5,5.0,1.0
2025_14_CHI_GB,14,CHI,Q1,GB,A,4,18.0,4.5
2025_14_CIN_BUF,14,CIN,Q1,BUF,A,9,19.0,2.111111111111111
2025_14_DAL_DET,14,DAL,Q1,DET,A,6,18.0,3.0
2025_14_DEN_LV,14,DEN,Q1,LV,A,6,44.0,7.333333333333333
2025_14_HOU_KC,14,HOU,Q1,KC,A,6,19.0,3.1666666666666665
2025_14_IND_JAX,14,IND,Q1,JAX,A,8,28.0,3.5
2025_14_LA_ARI,14,LA,Q1,ARI,A,9,78.0,8.666666666666666
2025_14_MIA_NYJ,14,MIA,Q1,NYJ,A,9,96.0,10.666666666666666
2025_14_NO_TB,14,NO,Q1,TB,A,4,14.0,3.5
2025_14_PHI_LAC,14,PHI,Q1,LAC,A,8,41.0,5.125
2025_14_PIT_BAL,14,PIT,Q1,BAL,A,6,16.0,2.6666666666666665
2025_14_SEA_ATL,14,SEA,Q1,ATL,A,6,40.0,6.666666666666667
2025_14_TEN_CLE,14,TEN,Q1,CLE,A,10,92.0,9.2
2025_14_WAS_MIN,14,WAS,Q1,MIN,A,6,38.0,6.333333333333333
2025_15_ARI_HOU,15,ARI,Q1,HOU,A,5,21.0,4.2
2025_15_ATL_TB,15,ATL,Q1,TB,A,6,31.0,5.166666666666667
2025_15_BAL_CIN,15,BAL,Q1,CIN,A,5,14.0,2.8
2025_15_BUF_NE,15,BUF,Q1,NE,A,3,16.0,5.333333333333333
2025_15_CAR_NO,15,CAR,Q1,NO,A,13,67.0,5.153846153846154
2025_15_CLE_CHI,15,CLE,Q1,CHI,A,5,18.0,3.6
2025_15_DET_LA,15,DET,Q1,LA,A,6,23.0,3.8333333333333335
2025_15_GB_DEN,15,GB,Q1,DEN,A,7,16.0,2.2857142857142856
2025_15_IND_SEA,15,IND,Q1,SEA,A,12,42.0,3.5
2025_15_LAC_KC,15,LAC,Q1,KC,A,9,33.0,3.6666666666666665
2025_15_LV_PHI,15,LV,Q1,PHI,A,3,14.0,4.666666666666667
2025_15_MIA_PIT,15,MIA,Q1,PIT,A,3,25.0,8.333333333333334
2025_15_MIN_DAL,15,MIN,Q1,DAL,A,4,3.0,0.75
2025_15_NYJ_JAX,15,NYJ,Q1,JAX,A,6,17.0,2.8333333333333335
2025_15_TEN_SF,15,TEN,Q1,SF,A,7,46.0,6.571428571428571
2025_15_WAS_NYG,15,WAS,Q1,NYG,A,12,50.0,4.166666666666667
2025_16_ATL_ARI,16,ATL,Q1,ARI,A,7,32.0,4.571428571428571
2025_16_BUF_CLE,16,BUF,Q1,CLE,A,6,80.0,13.333333333333334
2025_16_CIN_MIA,16,CIN,Q1,MIA,A,5,15.0,3.0
2025_16_GB_CHI,16,GB,Q1,CHI,A,8,28.0,3.5
2025_16_JAX_DEN,16,JAX,Q1,DEN,A,5,12.0,2.4
2025_16_KC_TEN,16,KC,Q1,TEN,A,4,14.0,3.5
2025_16_LAC_DAL,16,LAC,Q1,DAL,A,2,3.0,1.5
2025_16_LA_SEA,16,LA,Q1,SEA,A,13,40.0,3.076923076923077
2025_16_LV_HOU,16,LV,Q1,HOU,A,9,28.0,3.111111111111111
2025_16_MIN_NYG,16,MIN,Q1,NYG,A,6,16.0,2.6666666666666665
2025_16_NE_BAL,16,NE,Q1,BAL,A,7,22.0,3.142857142857143
2025_16_NYJ_NO,16,NYJ,Q1,NO,A,5,15.0,3.0
2025_16_PHI_WAS,16,PHI,Q1,WAS,A,4,18.0,4.5
2025_16_PIT_DET,16,PIT,Q1,DET,A,3,14.0,4.666666666666667
2025_16_SF_IND,16,SF,Q1,IND,A,6,27.0,4.5
2025_16_TB_CAR,16,TB,Q1,CAR,A,7,32.0,4.571428571428571
2025_17_ARI_CIN,17,ARI,Q1,CIN,A,2,6.0,3.0
2025_17_BAL_GB,17,BAL,Q1,GB,A,15,93.0,6.2
2025_17_CHI_SF,17,CHI,Q1,SF,A,3,14.0,4.666666666666667
2025_17_DAL_WAS,17,DAL,Q1,WAS,A,13,78.0,6.0
2025_17_DEN_KC,17,DEN,Q1,KC,A,7,15.0,2.142857142857143
2025_17_DET_MIN,17,DET,Q1,MIN,A,5,15.0,3.0
2025_17_HOU_LAC,17,HOU,Q1,LAC,A,6,20.0,3.3333333333333335
2025_17_JAX_IND,17,JAX,Q1,IND,A,2,4.0,2.0
2025_17_LA_ATL,17,LA,Q1,ATL,A,5,13.0,2.6
2025_17_NE_NYJ,17,NE,Q1,NYJ,A,12,64.0,5.333333333333333
2025_17_NO_TEN,17,NO,Q1,TEN,A,4,4.0,1.0
2025_17_NYG_LV,17,NYG,Q1,LV,A,6,48.0,8.0
2025_17_PHI_BUF,17,PHI,Q1,BUF,A,6,21.0,3.5
2025_17_PIT_CLE,17,PIT,Q1,CLE,A,6,43.0,7.166666666666667
2025_17_SEA_CAR,17,SEA,Q1,CAR,A,8,62.0,7.75
2025_17_TB_MIA,17,TB,Q1,MIA,A,7,21.0,3.0
2025_18_ARI_LA,18,ARI,Q1,LA,A,4,16.0,4.0
2025_18_BAL_PIT,18,BAL,Q1,PIT,A,13,87.0,6.6923076923076925
2025_18_CAR_TB,18,CAR,Q1,TB,A,3,0.0,0.0
2025_18_CLE_CIN,18,CLE,Q1,CIN,A,3,7.0,2.3333333333333335
2025_18_DAL_NYG,18,DAL,Q1,NYG,A,9,69.0,7.666666666666667
2025_18_DET_CHI,18,DET,Q1,CHI,A,5,21.0,4.2
2025_18_GB_MIN,18,GB,Q1,MIN,A,5,11.0,2.2
2025_18_IND_HOU,18,IND,Q1,HOU,A,5,13.0,2.6
2025_18_KC_LV,18,KC,Q1,LV,A,9,43.0,4.777777777777778
2025_18_LAC_DEN,18,LAC,Q1,DEN,A,5,26.0,5.2
2025_18_MIA_NE,18,MIA,Q1,NE,A,7,21.0,3.0
2025_18_NO_ATL,18,NO,Q1,ATL,A,3,1.0,0.3333333333333333
2025_18_NYJ_BUF,18,NYJ,Q1,BUF,A,4,9.0,2.25
2025_18_SEA_SF,18,SEA,Q1,SF,A,12,88.0,7.333333333333333
2025_18_TEN_JAX,18,TEN,Q1,JAX,A,6,23.0,3.8333333333333335
2025_18_WAS_PHI,18,WAS,Q1,PHI,A,9,30.0,3.3333333333333335
2025_01_ARI_NO,1,NO,1H,ARI,H,12,75.0,6.25
2025_01_BAL_BUF,1,BUF,1H,BAL,H,11,54.0,4.909090909090909
2025_01_CAR_JAX,1,JAX,1H,CAR,H,13,134.0,10.307692307692308
2025_01_CIN_CLE,1,CLE,1H,CIN,H,14,24.0,1.7142857142857142
2025_01_DAL_PHI,1,PHI,1H,DAL,H,19,123.0,6.473684210526316
2025_01_DET_GB,1,GB,1H,DET,H,7,11.0,1.5714285714285714
2025_01_HOU_LA,1,LA,1H,HOU,H,13,37.0,2.8461538461538463
2025_01_KC_LAC,1,LAC,1H,KC,H,10,41.0,4.1
2025_01_LV_NE,1,NE,1H,LV,H,15,50.0,3.3333333333333335
2025_01_MIA_IND,1,IND,1H,MIA,H,20,68.0,3.4
2025_01_MIN_CHI,1,CHI,1H,MIN,H,15,60.0,4.0
2025_01_NYG_WAS,1,WAS,1H,NYG,H,14,87.0,6.214285714285714
2025_01_PIT_NYJ,1,NYJ,1H,PIT,H,21,106.0,5.0476190476190474
2025_01_SF_SEA,1,SEA,1H,SF,H,16,50.0,3.125
2025_01_TB_ATL,1,ATL,1H,TB,H,13,26.0,2.0
2025_01_TEN_DEN,1,DEN,1H,TEN,H,9,25.0,2.7777777777777777
2025_02_ATL_MIN,2,MIN,1H,ATL,H,12,41.0,3.4166666666666665
2025_02_BUF_NYJ,2,NYJ,1H,BUF,H,14,63.0,4.5
2025_02_CAR_ARI,2,ARI,1H,CAR,H,10,36.0,3.6
2025_02_CHI_DET,2,DET,1H,CHI,H,14,83.0,5.928571428571429
2025_02_CLE_BAL,2,BAL,1H,CLE,H,9,14.0,1.5555555555555556
2025_02_DEN_IND,2,IND,1H,DEN,H,16,36.0,2.25
2025_02_JAX_CIN,2,CIN,1H,JAX,H,7,25.0,3.5714285714285716
2025_02_LAC_LV,2,LV,1H,LAC,H,12,50.0,4.166666666666667
2025_02_LA_TEN,2,TEN,1H,LA,H,16,63.0,3.9375
2025_02_NE_MIA,2,MIA,1H,NE,H,7,48.0,6.857142857142857
2025_02_NYG_DAL,2,DAL,1H,NYG,H,6,16.0,2.6666666666666665
2025_02_PHI_KC,2,KC,1H,PHI,H,15,97.0,6.466666666666667
2025_02_SEA_PIT,2,PIT,1H,SEA,H,13,43.0,3.3076923076923075
2025_02_SF_NO,2,NO,1H,SF,H,13,58.0,4.461538461538462
2025_02_TB_HOU,2,HOU,1H,TB,H,9,37.0,4.111111111111111
2025_02_WAS_GB,2,GB,1H,WAS,H,15,70.0,4.666666666666667
2025_03_ARI_SF,3,SF,1H,ARI,H,5,9.0,1.8
2025_03_ATL_CAR,3,CAR,1H,ATL,H,12,52.0,4.333333333333333
2025_03_CIN_MIN,3,MIN,1H,CIN,H,13,58.0,4.461538461538462
2025_03_DAL_CHI,3,CHI,1H,DAL,H,10,36.0,3.6
2025_03_DEN_LAC,3,LAC,1H,DEN,H,18,67.0,3.7222222222222223
2025_03_DET_BAL,3,BAL,1H,DET,H,11,66.0,6.0
2025_03_GB_CLE,3,CLE,1H,GB,H,9,26.0,2.888888888888889
2025_03_HOU_JAX,3,JAX,1H,HOU,H,6,11.0,1.8333333333333333
2025_03_IND_TEN,3,TEN,1H,IND,H,12,42.0,3.5
2025_03_KC_NYG,3,NYG,1H,KC,H,16,75.0,4.6875
2025_03_LA_PHI,3,PHI,1H,LA,H,12,34.0,2.8333333333333335
2025_03_LV_WAS,3,WAS,1H,LV,H,17,174.0,10.235294117647058
2025_03_MIA_BUF,3,BUF,1H,MIA,H,12,90.0,7.5
2025_03_NO_SEA,3,SEA,1H,NO,H,9,8.0,0.8888888888888888
2025_03_NYJ_TB,3,TB,1H,NYJ,H,13,26.0,2.0
2025_03_PIT_NE,3,NE,1H,PIT,H,11,56.0,5.090909090909091
2025_04_BAL_KC,4,KC,1H,BAL,H,12,58.0,4.833333333333333
2025_04_CAR_NE,4,NE,1H,CAR,H,15,71.0,4.733333333333333
2025_04_CHI_LV,4,LV,1H,CHI,H,14,138.0,9.857142857142858
2025_04_CIN_DEN,4,DEN,1H,CIN,H,16,88.0,5.5
2025_04_CLE_DET,4,DET,1H,CLE,H,10,46.0,4.6
2025_04_GB_DAL,4,DAL,1H,GB,H,10,32.0,3.2
2025_04_IND_LA,4,LA,1H,IND,H,14,76.0,5.428571428571429
2025_04_JAX_SF,4,SF,1H,JAX,H,13,51.0,3.923076923076923
2025_04_LAC_NYG,4,NYG,1H,LAC,H,19,95.0,5.0
2025_04_MIN_PIT,4,PIT,1H,MIN,H,9,36.0,4.0
2025_04_NO_BUF,4,BUF,1H,NO,H,15,59.0,3.933333333333333
2025_04_NYJ_MIA,4,MIA,1H,NYJ,H,12,42.0,3.5
2025_04_PHI_TB,4,TB,1H,PHI,H,10,42.0,4.2
2025_04_SEA_ARI,4,ARI,1H,SEA,H,9,39.0,4.333333333333333
2025_04_TEN_HOU,4,HOU,1H,TEN,H,16,54.0,3.375
2025_04_WAS_ATL,4,ATL,1H,WAS,H,18,61.0,3.388888888888889
2025_05_DAL_NYJ,5,NYJ,1H,DAL,H,15,98.0,6.533333333333333
2025_05_DEN_PHI,5,PHI,1H,DEN,H,9,41.0,4.555555555555555
2025_05_DET_CIN,5,CIN,1H,DET,H,7,30.0,4.285714285714286
2025_05_HOU_BAL,5,BAL,1H,HOU,H,8,15.0,1.875
2025_05_KC_JAX,5,JAX,1H,KC,H,16,63.0,3.9375
2025_05_LV_IND,5,IND,1H,LV,H,9,26.0,2.888888888888889
2025_05_MIA_CAR,5,CAR,1H,MIA,H,13,83.0,6.384615384615385
2025_05_MIN_CLE,5,CLE,1H,MIN,H,15,69.0,4.6
2025_05_NE_BUF,5,BUF,1H,NE,H,14,67.0,4.785714285714286
2025_05_NYG_NO,5,NO,1H,NYG,H,16,47.0,2.9375
2025_05_SF_LA,5,LA,1H,SF,H,9,39.0,4.333333333333333
2025_05_TB_SEA,5,SEA,1H,TB,H,7,22.0,3.142857142857143
2025_05_TEN_ARI,5,ARI,1H,TEN,H,14,62.0,4.428571428571429
2025_05_WAS_LAC,5,LAC,1H,WAS,H,17,98.0,5.764705882352941
2025_06_ARI_IND,6,IND,1H,ARI,H,11,73.0,6.636363636363637
2025_06_BUF_ATL,6,ATL,1H,BUF,H,17,168.0,9.882352941176471
2025_06_CHI_WAS,6,WAS,1H,CHI,H,14,46.0,3.2857142857142856
2025_06_CIN_GB,6,GB,1H,CIN,H,21,82.0,3.9047619047619047
2025_06_CLE_PIT,6,PIT,1H,CLE,H,13,46.0,3.5384615384615383
2025_06_DAL_CAR,6,CAR,1H,DAL,H,15,88.0,5.866666666666666
2025_06_DEN_NYJ,6,NYJ,1H,DEN,H,11,30.0,2.727272727272727
2025_06_DET_KC,6,KC,1H,DET,H,11,38.0,3.4545454545454546
2025_06_LAC_MIA,6,MIA,1H,LAC,H,9,88.0,9.777777777777779
2025_06_LA_BAL,6,BAL,1H,LA,H,24,106.0,4.416666666666667
2025_06_NE_NO,6,NO,1H,NE,H,17,60.0,3.5294117647058822
2025_06_PHI_NYG,6,NYG,1H,PHI,H,14,71.0,5.071428571428571
2025_06_SEA_JAX,6,JAX,1H,SEA,H,13,34.0,2.6153846153846154
2025_06_SF_TB,6,TB,1H,SF,H,11,59.0,5.363636363636363
2025_06_TEN_LV,6,LV,1H,TEN,H,14,26.0,1.8571428571428572
2025_07_ATL_SF,7,SF,1H,ATL,H,17,100.0,5.882352941176471
2025_07_CAR_NYJ,7,NYJ,1H,CAR,H,16,72.0,4.5
2025_07_GB_ARI,7,ARI,1H,GB,H,15,57.0,3.8
2025_07_HOU_SEA,7,SEA,1H,HOU,H,15,54.0,3.6
2025_07_IND_LAC,7,LAC,1H,IND,H,6,10.0,1.6666666666666667
2025_07_LA_JAX,7,JAX,1H,LA,H,10,26.0,2.6
2025_07_LV_KC,7,KC,1H,LV,H,17,73.0,4.294117647058823
2025_07_MIA_CLE,7,CLE,1H,MIA,H,23,92.0,4.0
2025_07_NE_TEN,7,TEN,1H,NE,H,10,30.0,3.0
2025_07_NO_CHI,7,CHI,1H,NO,H,20,94.0,4.7
2025_07_NYG_DEN,7,DEN,1H,NYG,H,13,34.0,2.6153846153846154
2025_07_PHI_MIN,7,MIN,1H,PHI,H,10,15.0,1.5
2025_07_PIT_CIN,7,CIN,1H,PIT,H,9,97.0,10.777777777777779
2025_07_TB_DET,7,DET,1H,TB,H,17,118.0,6.9411764705882355
2025_07_WAS_DAL,7,DAL,1H,WAS,H,13,70.0,5.384615384615385
2025_08_BUF_CAR,8,CAR,1H,BUF,H,17,79.0,4.647058823529412
2025_08_CHI_BAL,8,BAL,1H,CHI,H,12,44.0,3.6666666666666665
2025_08_CLE_NE,8,NE,1H,CLE,H,15,71.0,4.733333333333333
2025_08_DAL_DEN,8,DEN,1H,DAL,H,12,95.0,7.916666666666667
2025_08_GB_PIT,8,PIT,1H,GB,H,15,81.0,5.4
2025_08_MIA_ATL,8,ATL,1H,MIA,H,9,10.0,1.1111111111111112
2025_08_MIN_LAC,8,LAC,1H,MIN,H,18,82.0,4.555555555555555
2025_08_NYG_PHI,8,PHI,1H,NYG,H,16,147.0,9.1875
2025_08_NYJ_CIN,8,CIN,1H,NYJ,H,11,64.0,5.818181818181818
2025_08_SF_HOU,8,HOU,1H,SF,H,17,64.0,3.764705882352941
2025_08_TB_NO,8,NO,1H,TB,H,7,21.0,3.0
2025_08_TEN_IND,8,IND,1H,TEN,H,9,75.0,8.333333333333334
2025_08_WAS_KC,8,KC,1H,WAS,H,13,70.0,5.384615384615385
2025_09_ARI_DAL,9,DAL,1H,ARI,H,11,54.0,4.909090909090909
2025_09_ATL_NE,9,NE,1H,ATL,H,18,71.0,3.9444444444444446
2025_09_BAL_MIA,9,MIA,1H,BAL,H,16,83.0,5.1875
2025_09_CAR_GB,9,GB,1H,CAR,H,9,56.0,6.222222222222222
2025_09_CHI_CIN,9,CIN,1H,CHI,H,7,27.0,3.857142857142857
2025_09_DEN_HOU,9,HOU,1H,DEN,H,18,43.0,2.388888888888889
2025_09_IND_PIT,9,PIT,1H,IND,H,11,32.0,2.909090909090909
2025_09_JAX_LV,9,LV,1H,JAX,H,8,40.0,5.0
2025_09_KC_BUF,9,BUF,1H,KC,H,15,72.0,4.8
2025_09_LAC_TEN,9,TEN,1H,LAC,H,10,63.0,6.3
2025_09_MIN_DET,9,DET,1H,MIN,H,10,25.0,2.5
2025_09_NO_LA,9,LA,1H,NO,H,16,76.0,4.75
2025_09_SEA_WAS,9,WAS,1H,SEA,H,17,76.0,4.470588235294118
2025_09_SF_NYG,9,NYG,1H,SF,H,11,38.0,3.4545454545454546
2025_10_ARI_SEA,10,SEA,1H,ARI,H,21,77.0,3.6666666666666665
2025_10_ATL_IND,10,IND,1H,ATL,H,14,104.0,7.428571428571429
2025_10_BAL_MIN,10,MIN,1H,BAL,H,9,26.0,2.888888888888889
2025_10_BUF_MIA,10,MIA,1H,BUF,H,20,88.0,4.4
2025_10_CLE_NYJ,10,NYJ,1H,CLE,H,12,67.0,5.583333333333333
2025_10_DET_WAS,10,WAS,1H,DET,H,13,38.0,2.923076923076923
2025_10_JAX_HOU,10,HOU,1H,JAX,H,10,41.0,4.1
2025_10_LA_SF,10,SF,1H,LA,H,10,31.0,3.1
2025_10_LV_DEN,10,DEN,1H,LV,H,6,24.0,4.0
2025_10_NE_TB,10,TB,1H,NE,H,9,48.0,5.333333333333333
2025_10_NO_CAR,10,CAR,1H,NO,H,13,51.0,3.923076923076923
2025_10_NYG_CHI,10,CHI,1H,NYG,H,15,80.0,5.333333333333333
2025_10_PHI_GB,10,GB,1H,PHI,H,15,63.0,4.2
2025_10_PIT_LAC,10,LAC,1H,PIT,H,12,55.0,4.583333333333333
2025_11_BAL_CLE,11,CLE,1H,BAL,H,15,62.0,4.133333333333334
2025_11_CAR_ATL,11,ATL,1H,CAR,H,17,94.0,5.529411764705882
2025_11_CHI_MIN,11,MIN,1H,CHI,H,12,54.0,4.5
2025_11_CIN_PIT,11,PIT,1H,CIN,H,17,83.0,4.882352941176471
2025_11_DAL_LV,11,LV,1H,DAL,H,4,21.0,5.25
2025_11_DET_PHI,11,PHI,1H,DET,H,19,75.0,3.9473684210526314
2025_11_GB_NYG,11,NYG,1H,GB,H,16,52.0,3.25
2025_11_HOU_TEN,11,TEN,1H,HOU,H,8,13.0,1.625
2025_11_KC_DEN,11,DEN,1H,KC,H,8,20.0,2.5
2025_11_LAC_JAX,11,JAX,1H,LAC,H,17,86.0,5.0588235294117645
2025_11_NYJ_NE,11,NE,1H,NYJ,H,16,44.0,2.75
2025_11_SEA_LA,11,LA,1H,SEA,H,11,85.0,7.7272727272727275
2025_11_SF_ARI,11,ARI,1H,SF,H,11,26.0,2.3636363636363638
2025_11_TB_BUF,11,BUF,1H,TB,H,9,33.0,3.6666666666666665
2025_11_WAS_MIA,11,MIA,1H,WAS,H,9,65.0,7.222222222222222
2025_12_ATL_NO,12,NO,1H,ATL,H,8,25.0,3.125
2025_12_BUF_HOU,12,HOU,1H,BUF,H,15,79.0,5.266666666666667
2025_12_CAR_SF,12,SF,1H,CAR,H,16,66.0,4.125
2025_12_CLE_LV,12,LV,1H,CLE,H,13,29.0,2.230769230769231
2025_12_IND_KC,12,KC,1H,IND,H,16,63.0,3.9375
2025_12_JAX_ARI,12,ARI,1H,JAX,H,12,34.0,2.8333333333333335
2025_12_MIN_GB,12,GB,1H,MIN,H,16,56.0,3.5
2025_12_NE_CIN,12,CIN,1H,NE,H,15,86.0,5.733333333333333
2025_12_NYG_DET,12,DET,1H,NYG,H,11,86.0,7.818181818181818
2025_12_NYJ_BAL,12,BAL,1H,NYJ,H,12,23.0,1.9166666666666667
2025_12_PHI_DAL,12,DAL,1H,PHI,H,14,52.0,3.7142857142857144
2025_12_PIT_CHI,12,CHI,1H,PIT,H,15,65.0,4.333333333333333
2025_12_SEA_TEN,12,TEN,1H,SEA,H,13,36.0,2.769230769230769
2025_12_TB_LA,12,LA,1H,TB,H,5,24.0,4.8
2025_13_ARI_TB,13,TB,1H,ARI,H,14,70.0,5.0
2025_13_ATL_NYJ,13,NYJ,1H,ATL,H,12,38.0,3.1666666666666665
2025_13_BUF_PIT,13,PIT,1H,BUF,H,9,33.0,3.6666666666666665
2025_13_CHI_PHI,13,PHI,1H,CHI,H,7,26.0,3.7142857142857144
2025_13_CIN_BAL,13,BAL,1H,CIN,H,9,50.0,5.555555555555555
2025_13_DEN_WAS,13,WAS,1H,DEN,H,17,76.0,4.470588235294118
2025_13_GB_DET,13,DET,1H,GB,H,14,43.0,3.0714285714285716
2025_13_HOU_IND,13,IND,1H,HOU,H,12,41.0,3.4166666666666665
2025_13_JAX_TEN,13,TEN,1H,JAX,H,8,46.0,5.75
2025_13_KC_DAL,13,DAL,1H,KC,H,11,72.0,6.545454545454546
2025_13_LA_CAR,13,CAR,1H,LA,H,16,92.0,5.75
2025_13_LV_LAC,13,LAC,1H,LV,H,21,60.0,2.857142857142857
2025_13_MIN_SEA,13,SEA,1H,MIN,H,14,41.0,2.9285714285714284
2025_13_NO_MIA,13,MIA,1H,NO,H,17,112.0,6.588235294117647
2025_13_NYG_NE,13,NE,1H,NYG,H,11,62.0,5.636363636363637
2025_13_SF_CLE,13,CLE,1H,SF,H,20,94.0,4.7
2025_14_CHI_GB,14,GB,1H,CHI,H,15,58.0,3.8666666666666667
2025_14_CIN_BUF,14,BUF,1H,CIN,H,12,72.0,6.0
2025_14_DAL_DET,14,DET,1H,DAL,H,6,62.0,10.333333333333334
2025_14_DEN_LV,14,LV,1H,DEN,H,7,24.0,3.4285714285714284
2025_14_HOU_KC,14,KC,1H,HOU,H,13,52.0,4.0
2025_14_IND_JAX,14,JAX,1H,IND,H,13,75.0,5.769230769230769
2025_14_LA_ARI,14,ARI,1H,LA,H,8,27.0,3.375
2025_14_MIA_NYJ,14,NYJ,1H,MIA,H,9,29.0,3.2222222222222223
2025_14_NO_TB,14,TB,1H,NO,H,22,64.0,2.909090909090909
2025_14_PHI_LAC,14,LAC,1H,PHI,H,9,46.0,5.111111111111111
2025_14_PIT_BAL,14,BAL,1H,PIT,H,19,73.0,3.8421052631578947
2025_14_SEA_ATL,14,ATL,1H,SEA,H,18,74.0,4.111111111111111
2025_14_TEN_CLE,14,CLE,1H,TEN,H,10,31.0,3.1
2025_14_WAS_MIN,14,MIN,1H,WAS,H,19,79.0,4.157894736842105
2025_15_ARI_HOU,15,HOU,1H,ARI,H,18,53.0,2.9444444444444446
2025_15_ATL_TB,15,TB,1H,ATL,H,11,53.0,4.818181818181818
2025_15_BAL_CIN,15,CIN,1H,BAL,H,14,63.0,4.5
2025_15_BUF_NE,15,NE,1H,BUF,H,22,177.0,8.045454545454545
2025_15_CAR_NO,15,NO,1H,CAR,H,15,45.0,3.0
2025_15_CLE_CHI,15,CHI,1H,CLE,H,18,69.0,3.8333333333333335
2025_15_DET_LA,15,LA,1H,DET,H,10,54.0,5.4
2025_15_GB_DEN,15,DEN,1H,GB,H,13,48.0,3.6923076923076925
2025_15_IND_SEA,15,SEA,1H,IND,H,9,3.0,0.3333333333333333
2025_15_LAC_KC,15,KC,1H,LAC,H,15,36.0,2.4
2025_15_LV_PHI,15,PHI,1H,LV,H,23,75.0,3.260869565217391
2025_15_MIA_PIT,15,PIT,1H,MIA,H,15,27.0,1.8
2025_15_MIN_DAL,15,DAL,1H,MIN,H,17,54.0,3.176470588235294
2025_15_NYJ_JAX,15,JAX,1H,NYJ,H,14,78.0,5.571428571428571
2025_15_TEN_SF,15,SF,1H,TEN,H,16,47.0,2.9375
2025_15_WAS_NYG,15,NYG,1H,WAS,H,12,75.0,6.25
2025_16_ATL_ARI,16,ARI,1H,ATL,H,16,95.0,5.9375
2025_16_BUF_CLE,16,CLE,1H,BUF,H,13,73.0,5.615384615384615
2025_16_CIN_MIA,16,MIA,1H,CIN,H,14,85.0,6.071428571428571
2025_16_GB_CHI,16,CHI,1H,GB,H,11,61.0,5.545454545454546
2025_16_JAX_DEN,16,DEN,1H,JAX,H,11,52.0,4.7272727272727275
2025_16_KC_TEN,16,TEN,1H,KC,H,17,74.0,4.352941176470588
2025_16_LAC_DAL,16,DAL,1H,LAC,H,12,61.0,5.083333333333333
2025_16_LA_SEA,16,SEA,1H,LA,H,12,57.0,4.75
2025_16_LV_HOU,16,HOU,1H,LV,H,10,45.0,4.5
2025_16_MIN_NYG,16,NYG,1H,MIN,H,17,80.0,4.705882352941177
2025_16_NE_BAL,16,BAL,1H,NE,H,17,68.0,4.0
2025_16_NYJ_NO,16,NO,1H,NYJ,H,14,35.0,2.5
2025_16_PHI_WAS,16,WAS,1H,PHI,H,16,52.0,3.25
2025_16_PIT_DET,16,DET,1H,PIT,H,11,18.0,1.6363636363636365
2025_16_SF_IND,16,IND,1H,SF,H,8,27.0,3.375
2025_16_TB_CAR,16,CAR,1H,TB,H,9,55.0,6.111111111111111
2025_17_ARI_CIN,17,CIN,1H,ARI,H,17,74.0,4.352941176470588
2025_17_BAL_GB,17,GB,1H,BAL,H,6,22.0,3.6666666666666665
2025_17_CHI_SF,17,SF,1H,CHI,H,26,173.0,6.653846153846154
2025_17_DAL_WAS,17,WAS,1H,DAL,H,7,38.0,5.428571428571429
2025_17_DEN_KC,17,KC,1H,DEN,H,12,52.0,4.333333333333333
2025_17_DET_MIN,17,MIN,1H,DET,H,11,48.0,4.363636363636363
2025_17_HOU_LAC,17,LAC,1H,HOU,H,12,31.0,2.5833333333333335
2025_17_JAX_IND,17,IND,1H,JAX,H,13,50.0,3.8461538461538463
2025_17_LA_ATL,17,ATL,1H,LA,H,17,143.0,8.411764705882353
2025_17_NE_NYJ,17,NYJ,1H,NE,H,11,50.0,4.545454545454546
2025_17_NO_TEN,17,TEN,1H,NO,H,17,49.0,2.8823529411764706
2025_17_NYG_LV,17,LV,1H,NYG,H,8,6.0,0.75
2025_17_PHI_BUF,17,BUF,1H,PHI,H,12,55.0,4.583333333333333
2025_17_PIT_CLE,17,CLE,1H,PIT,H,12,47.0,3.9166666666666665
2025_17_SEA_CAR,17,CAR,1H,SEA,H,13,49.0,3.769230769230769
2025_17_TB_MIA,17,MIA,1H,TB,H,11,92.0,8.363636363636363
2025_18_ARI_LA,18,LA,1H,ARI,H,15,52.0,3.466666666666667
2025_18_BAL_PIT,18,PIT,1H,BAL,H,8,40.0,5.0
2025_18_CAR_TB,18,TB,1H,CAR,H,24,87.0,3.625
2025_18_CLE_CIN,18,CIN,1H,CLE,H,19,104.0,5.473684210526316
2025_18_DAL_NYG,18,NYG,1H,DAL,H,15,67.0,4.466666666666667
2025_18_DET_CHI,18,CHI,1H,DET,H,9,31.0,3.4444444444444446
2025_18_GB_MIN,18,MIN,1H,GB,H,19,70.0,3.6842105263157894
2025_18_IND_HOU,18,HOU,1H,IND,H,17,56.0,3.2941176470588234
2025_18_KC_LV,18,LV,1H,KC,H,17,75.0,4.411764705882353
2025_18_LAC_DEN,18,DEN,1H,LAC,H,19,85.0,4.473684210526316
2025_18_MIA_NE,18,NE,1H,MIA,H,16,143.0,8.9375
2025_18_NO_ATL,18,ATL,1H,NO,H,12,38.0,3.1666666666666665
2025_18_NYJ_BUF,18,BUF,1H,NYJ,H,17,81.0,4.764705882352941
2025_18_SEA_SF,18,SF,1H,SEA,H,5,23.0,4.6
2025_18_TEN_JAX,18,JAX,1H,TEN,H,6,23.0,3.8333333333333335
2025_18_WAS_PHI,18,PHI,1H,WAS,H,8,33.0,4.125
2025_01_ARI_NO,1,ARI,1H,NO,A,13,51.0,3.923076923076923
2025_01_BAL_BUF,1,BAL,1H,BUF,A,17,160.0,9.411764705882353
2025_01_CAR_JAX,1,CAR,1H,JAX,A,14,74.0,5.285714285714286
2025_01_CIN_CLE,1,CIN,1H,CLE,A,14,46.0,3.2857142857142856
2025_01_DAL_PHI,1,DAL,1H,PHI,A,13,50.0,3.8461538461538463
2025_01_DET_GB,1,DET,1H,GB,A,16,48.0,3.0
2025_01_HOU_LA,1,HOU,1H,LA,A,16,73.0,4.5625
2025_01_KC_LAC,1,KC,1H,LAC,A,9,43.0,4.777777777777778
2025_01_LV_NE,1,LV,1H,NE,A,8,35.0,4.375
2025_01_MIA_IND,1,MIA,1H,IND,A,5,14.0,2.8
2025_01_MIN_CHI,1,MIN,1H,CHI,A,9,35.0,3.888888888888889
2025_01_NYG_WAS,1,NYG,1H,WAS,A,11,30.0,2.727272727272727
2025_01_PIT_NYJ,1,PIT,1H,NYJ,A,10,22.0,2.2
2025_01_SF_SEA,1,SF,1H,SEA,A,17,53.0,3.1176470588235294
2025_01_TB_ATL,1,TB,1H,ATL,A,13,51.0,3.923076923076923
2025_01_TEN_DEN,1,TEN,1H,DEN,A,14,57.0,4.071428571428571
2025_02_ATL_MIN,2,ATL,1H,MIN,A,13,97.0,7.461538461538462
2025_02_BUF_NYJ,2,BUF,1H,NYJ,A,20,146.0,7.3
2025_02_CAR_ARI,2,CAR,1H,ARI,A,11,12.0,1.0909090909090908
2025_02_CHI_DET,2,CHI,1H,DET,A,13,66.0,5.076923076923077
2025_02_CLE_BAL,2,CLE,1H,BAL,A,10,34.0,3.4
2025_02_DEN_IND,2,DEN,1H,IND,A,11,52.0,4.7272727272727275
2025_02_JAX_CIN,2,JAX,1H,CIN,A,12,76.0,6.333333333333333
2025_02_LAC_LV,2,LAC,1H,LV,A,11,54.0,4.909090909090909
2025_02_LA_TEN,2,LA,1H,TEN,A,9,67.0,7.444444444444445
2025_02_NE_MIA,2,NE,1H,MIA,A,20,102.0,5.1
2025_02_NYG_DAL,2,NYG,1H,DAL,A,11,30.0,2.727272727272727
2025_02_PHI_KC,2,PHI,1H,KC,A,10,54.0,5.4
2025_02_SEA_PIT,2,SEA,1H,PIT,A,13,39.0,3.0
2025_02_SF_NO,2,SF,1H,NO,A,13,48.0,3.6923076923076925
2025_02_TB_HOU,2,TB,1H,HOU,A,13,68.0,5.230769230769231
2025_02_WAS_GB,2,WAS,1H,GB,A,9,34.0,3.7777777777777777
2025_03_ARI_SF,3,ARI,1H,SF,A,14,41.0,2.9285714285714284
2025_03_ATL_CAR,3,ATL,1H,CAR,A,11,47.0,4.2727272727272725
2025_03_CIN_MIN,3,CIN,1H,MIN,A,13,36.0,2.769230769230769
2025_03_DAL_CHI,3,DAL,1H,CHI,A,13,85.0,6.538461538461538
2025_03_DEN_LAC,3,DEN,1H,LAC,A,8,11.0,1.375
2025_03_DET_BAL,3,DET,1H,BAL,A,21,57.0,2.7142857142857144
2025_03_GB_CLE,3,GB,1H,CLE,A,12,43.0,3.5833333333333335
2025_03_HOU_JAX,3,HOU,1H,JAX,A,11,50.0,4.545454545454546
2025_03_IND_TEN,3,IND,1H,TEN,A,12,53.0,4.416666666666667
2025_03_KC_NYG,3,KC,1H,NYG,A,10,48.0,4.8
2025_03_LA_PHI,3,LA,1H,PHI,A,20,115.0,5.75
2025_03_LV_WAS,3,LV,1H,WAS,A,14,49.0,3.5
2025_03_MIA_BUF,3,MIA,1H,BUF,A,14,65.0,4.642857142857143
2025_03_NO_SEA,3,NO,1H,SEA,A,17,51.0,3.0
2025_03_NYJ_TB,3,NYJ,1H,TB,A,14,53.0,3.7857142857142856
2025_03_PIT_NE,3,PIT,1H,NE,A,14,52.0,3.7142857142857144
2025_04_BAL_KC,4,BAL,1H,KC,A,10,76.0,7.6
2025_04_CAR_NE,4,CAR,1H,NE,A,15,59.0,3.933333333333333
2025_04_CHI_LV,4,CHI,1H,LV,A,12,2.0,0.16666666666666666
2025_04_CIN_DEN,4,CIN,1H,DEN,A,11,34.0,3.090909090909091
2025_04_CLE_DET,4,CLE,1H,DET,A,14,28.0,2.0
2025_04_GB_DAL,4,GB,1H,DAL,A,14,31.0,2.2142857142857144
2025_04_IND_LA,4,IND,1H,LA,A,9,34.0,3.7777777777777777
2025_04_JAX_SF,4,JAX,1H,SF,A,14,99.0,7.071428571428571
2025_04_LAC_NYG,4,LAC,1H,NYG,A,5,38.0,7.6
2025_04_MIN_PIT,4,MIN,1H,PIT,A,11,28.0,2.5454545454545454
2025_04_NO_BUF,4,NO,1H,BUF,A,21,118.0,5.619047619047619
2025_04_NYJ_MIA,4,NYJ,1H,MIA,A,16,115.0,7.1875
2025_04_PHI_TB,4,PHI,1H,TB,A,12,71.0,5.916666666666667
2025_04_SEA_ARI,4,SEA,1H,ARI,A,18,96.0,5.333333333333333
2025_04_TEN_HOU,4,TEN,1H,HOU,A,9,47.0,5.222222222222222
2025_04_WAS_ATL,4,WAS,1H,ATL,A,8,58.0,7.25
2025_05_DAL_NYJ,5,DAL,1H,NYJ,A,13,128.0,9.846153846153847
2025_05_DEN_PHI,5,DEN,1H,PHI,A,10,36.0,3.6
2025_05_DET_CIN,5,DET,1H,CIN,A,15,40.0,2.6666666666666665
2025_05_HOU_BAL,5,HOU,1H,BAL,A,15,99.0,6.6
2025_05_KC_JAX,5,KC,1H,JAX,A,6,72.0,12.0
2025_05_LV_IND,5,LV,1H,IND,A,10,54.0,5.4
2025_05_MIA_CAR,5,MIA,1H,CAR,A,9,14.0,1.5555555555555556
2025_05_MIN_CLE,5,MIN,1H,CLE,A,14,63.0,4.5
2025_05_NE_BUF,5,NE,1H,BUF,A,13,50.0,3.8461538461538463
2025_05_NYG_NO,5,NYG,1H,NO,A,13,77.0,5.923076923076923
2025_05_SF_LA,5,SF,1H,LA,A,18,54.0,3.0
2025_05_TB_SEA,5,TB,1H,SEA,A,13,35.0,2.6923076923076925
2025_05_TEN_ARI,5,TEN,1H,ARI,A,14,50.0,3.5714285714285716
2025_05_WAS_LAC,5,WAS,1H,LAC,A,10,59.0,5.9
2025_06_ARI_IND,6,ARI,1H,IND,A,14,52.0,3.7142857142857144
2025_06_BUF_ATL,6,BUF,1H,ATL,A,11,48.0,4.363636363636363
2025_06_CHI_WAS,6,CHI,1H,WAS,A,14,85.0,6.071428571428571
2025_06_CIN_GB,6,CIN,1H,GB,A,7,25.0,3.5714285714285716
2025_06_CLE_PIT,6,CLE,1H,PIT,A,9,31.0,3.4444444444444446
2025_06_DAL_CAR,6,DAL,1H,CAR,A,12,23.0,1.9166666666666667
2025_06_DEN_NYJ,6,DEN,1H,NYJ,A,12,50.0,4.166666666666667
2025_06_DET_KC,6,DET,1H,KC,A,19,92.0,4.842105263157895
2025_06_LAC_MIA,6,LAC,1H,MIA,A,13,76.0,5.846153846153846
2025_06_LA_BAL,6,LA,1H,BAL,A,10,31.0,3.1
2025_06_NE_NO,6,NE,1H,NO,A,11,32.0,2.909090909090909
2025_06_PHI_NYG,6,PHI,1H,NYG,A,15,68.0,4.533333333333333
2025_06_SEA_JAX,6,SEA,1H,JAX,A,10,32.0,3.2
2025_06_SF_TB,6,SF,1H,TB,A,12,35.0,2.9166666666666665
2025_06_TEN_LV,6,TEN,1H,LV,A,10,39.0,3.9
2025_07_ATL_SF,7,ATL,1H,SF,A,10,31.0,3.1
2025_07_CAR_NYJ,7,CAR,1H,NYJ,A,15,57.0,3.8
2025_07_GB_ARI,7,GB,1H,ARI,A,8,33.0,4.125
2025_07_HOU_SEA,7,HOU,1H,SEA,A,7,20.0,2.857142857142857
2025_07_IND_LAC,7,IND,1H,LAC,A,14,74.0,5.285714285714286
2025_07_LA_JAX,7,LA,1H,JAX,A,10,39.0,3.9
2025_07_LV_KC,7,LV,1H,KC,A,6,20.0,3.3333333333333335
2025_07_MIA_CLE,7,MIA,1H,CLE,A,11,85.0,7.7272727272727275
2025_07_NE_TEN,7,NE,1H,TEN,A,15,118.0,7.866666666666666
2025_07_NO_CHI,7,NO,1H,CHI,A,9,14.0,1.5555555555555556
2025_07_NYG_DEN,7,NYG,1H,DEN,A,13,37.0,2.8461538461538463
2025_07_PHI_MIN,7,PHI,1H,MIN,A,11,41.0,3.727272727272727
2025_07_PIT_CIN,7,PIT,1H,CIN,A,12,65.0,5.416666666666667
2025_07_TB_DET,7,TB,1H,DET,A,5,18.0,3.6
2025_07_WAS_DAL,7,WAS,1H,DAL,A,17,79.0,4.647058823529412
2025_08_BUF_CAR,8,BUF,1H,CAR,A,15,158.0,10.533333333333333
2025_08_CHI_BAL,8,CHI,1H,BAL,A,12,63.0,5.25
2025_08_CLE_NE,8,CLE,1H,NE,A,9,50.0,5.555555555555555
2025_08_DAL_DEN,8,DAL,1H,DEN,A,16,68.0,4.25
2025_08_GB_PIT,8,GB,1H,PIT,A,7,19.0,2.7142857142857144
2025_08_MIA_ATL,8,MIA,1H,ATL,A,16,66.0,4.125
2025_08_MIN_LAC,8,MIN,1H,LAC,A,5,10.0,2.0
2025_08_NYG_PHI,8,NYG,1H,PHI,A,12,48.0,4.0
2025_08_NYJ_CIN,8,NYJ,1H,CIN,A,18,73.0,4.055555555555555
2025_08_SF_HOU,8,SF,1H,HOU,A,3,21.0,7.0
2025_08_TB_NO,8,TB,1H,NO,A,16,59.0,3.6875
2025_08_TEN_IND,8,TEN,1H,IND,A,11,71.0,6.454545454545454
2025_08_WAS_KC,8,WAS,1H,KC,A,14,42.0,3.0
2025_09_ARI_DAL,9,ARI,1H,DAL,A,14,48.0,3.4285714285714284
2025_09_ATL_NE,9,ATL,1H,NE,A,6,26.0,4.333333333333333
2025_09_BAL_MIA,9,BAL,1H,MIA,A,10,30.0,3.0
2025_09_CAR_GB,9,CAR,1H,GB,A,17,83.0,4.882352941176471
2025_09_CHI_CIN,9,CHI,1H,CIN,A,20,139.0,6.95
2025_09_DEN_HOU,9,DEN,1H,HOU,A,6,29.0,4.833333333333333
2025_09_IND_PIT,9,IND,1H,PIT,A,11,30.0,2.727272727272727
2025_09_JAX_LV,9,JAX,1H,LV,A,13,36.0,2.769230769230769
2025_09_KC_BUF,9,KC,1H,BUF,A,12,56.0,4.666666666666667
2025_09_LAC_TEN,9,LAC,1H,TEN,A,11,53.0,4.818181818181818
2025_09_MIN_DET,9,MIN,1H,DET,A,11,66.0,6.0
2025_09_NO_LA,9,NO,1H,LA,A,9,48.0,5.333333333333333
2025_09_SEA_WAS,9,SEA,1H,WAS,A,11,48.0,4.363636363636363
2025_09_SF_NYG,9,SF,1H,NYG,A,15,61.0,4.066666666666666
2025_10_ARI_SEA,10,ARI,1H,SEA,A,12,37.0,3.0833333333333335
2025_10_ATL_IND,10,ATL,1H,IND,A,13,63.0,4.846153846153846
2025_10_BAL_MIN,10,BAL,1H,MIN,A,15,74.0,4.933333333333334
2025_10_BUF_MIA,10,BUF,1H,MIA,A,8,23.0,2.875
2025_10_CLE_NYJ,10,CLE,1H,NYJ,A,17,56.0,3.2941176470588234
2025_10_DET_WAS,10,DET,1H,WAS,A,17,108.0,6.352941176470588
2025_10_JAX_HOU,10,JAX,1H,HOU,A,13,52.0,4.0
2025_10_LA_SF,10,LA,1H,SF,A,13,63.0,4.846153846153846
2025_10_LV_DEN,10,LV,1H,DEN,A,14,44.0,3.142857142857143
2025_10_NE_TB,10,NE,1H,TB,A,14,34.0,2.4285714285714284
2025_10_NO_CAR,10,NO,1H,CAR,A,14,50.0,3.5714285714285716
2025_10_NYG_CHI,10,NYG,1H,CHI,A,10,23.0,2.3
2025_10_PHI_GB,10,PHI,1H,GB,A,18,77.0,4.277777777777778
2025_10_PIT_LAC,10,PIT,1H,LAC,A,9,31.0,3.4444444444444446
2025_11_BAL_CLE,11,BAL,1H,CLE,A,14,58.0,4.142857142857143
2025_11_CAR_ATL,11,CAR,1H,ATL,A,8,27.0,3.375
2025_11_CHI_MIN,11,CHI,1H,MIN,A,17,56.0,3.2941176470588234
2025_11_CIN_PIT,11,CIN,1H,PIT,A,10,39.0,3.9
2025_11_DAL_LV,11,DAL,1H,LV,A,14,69.0,4.928571428571429
2025_11_DET_PHI,11,DET,1H,PHI,A,12,30.0,2.5
2025_11_GB_NYG,11,GB,1H,NYG,A,16,106.0,6.625
2025_11_HOU_TEN,11,HOU,1H,TEN,A,11,31.0,2.8181818181818183
2025_11_KC_DEN,11,KC,1H,DEN,A,9,42.0,4.666666666666667
2025_11_LAC_JAX,11,LAC,1H,JAX,A,11,37.0,3.3636363636363638
2025_11_NYJ_NE,11,NYJ,1H,NE,A,15,70.0,4.666666666666667
2025_11_SEA_LA,11,SEA,1H,LA,A,18,79.0,4.388888888888889
2025_11_SF_ARI,11,SF,1H,ARI,A,9,44.0,4.888888888888889
2025_11_TB_BUF,11,TB,1H,BUF,A,23,136.0,5.913043478260869
2025_11_WAS_MIA,11,WAS,1H,MIA,A,16,60.0,3.75
2025_12_ATL_NO,12,ATL,1H,NO,A,16,91.0,5.6875
2025_12_BUF_HOU,12,BUF,1H,HOU,A,11,77.0,7.0
2025_12_CAR_SF,12,CAR,1H,SF,A,9,44.0,4.888888888888889
2025_12_CLE_LV,12,CLE,1H,LV,A,10,8.0,0.8
2025_12_IND_KC,12,IND,1H,KC,A,9,25.0,2.7777777777777777
2025_12_JAX_ARI,12,JAX,1H,ARI,A,10,86.0,8.6
2025_12_MIN_GB,12,MIN,1H,GB,A,17,86.0,5.0588235294117645
2025_12_NE_CIN,12,NE,1H,CIN,A,12,44.0,3.6666666666666665
2025_12_NYG_DET,12,NYG,1H,DET,A,16,42.0,2.625
2025_12_NYJ_BAL,12,NYJ,1H,BAL,A,19,55.0,2.8947368421052633
2025_12_PHI_DAL,12,PHI,1H,DAL,A,10,33.0,3.3
2025_12_PIT_CHI,12,PIT,1H,CHI,A,16,125.0,7.8125
2025_12_SEA_TEN,12,SEA,1H,TEN,A,10,45.0,4.5
2025_12_TB_LA,12,TB,1H,LA,A,17,80.0,4.705882352941177
2025_13_ARI_TB,13,ARI,1H,TB,A,7,41.0,5.857142857142857
2025_13_ATL_NYJ,13,ATL,1H,NYJ,A,17,98.0,5.764705882352941
2025_13_BUF_PIT,13,BUF,1H,PIT,A,26,125.0,4.8076923076923075
2025_13_CHI_PHI,13,CHI,1H,PHI,A,22,142.0,6.454545454545454
2025_13_CIN_BAL,13,CIN,1H,BAL,A,12,48.0,4.0
2025_13_DEN_WAS,13,DEN,1H,WAS,A,11,39.0,3.5454545454545454
2025_13_GB_DET,13,GB,1H,DET,A,16,80.0,5.0
2025_13_HOU_IND,13,HOU,1H,IND,A,11,42.0,3.8181818181818183
2025_13_JAX_TEN,13,JAX,1H,TEN,A,11,34.0,3.090909090909091
2025_13_KC_DAL,13,KC,1H,DAL,A,15,90.0,6.0
2025_13_LA_CAR,13,LA,1H,CAR,A,13,79.0,6.076923076923077
2025_13_LV_LAC,13,LV,1H,LAC,A,10,26.0,2.6
2025_13_MIN_SEA,13,MIN,1H,SEA,A,7,10.0,1.4285714285714286
2025_13_NO_MIA,13,NO,1H,MIA,A,13,34.0,2.6153846153846154
2025_13_NYG_NE,13,NYG,1H,NE,A,13,42.0,3.230769230769231
2025_13_SF_CLE,13,SF,1H,CLE,A,10,19.0,1.9
2025_14_CHI_GB,14,CHI,1H,GB,A,13,48.0,3.6923076923076925
2025_14_CIN_BUF,14,CIN,1H,BUF,A,13,39.0,3.0
2025_14_DAL_DET,14,DAL,1H,DET,A,13,39.0,3.0
2025_14_DEN_LV,14,DEN,1H,LV,A,12,62.0,5.166666666666667
2025_14_HOU_KC,14,HOU,1H,KC,A,11,36.0,3.272727272727273
2025_14_IND_JAX,14,IND,1H,JAX,A,19,54.0,2.8421052631578947
2025_14_LA_ARI,14,LA,1H,ARI,A,14,109.0,7.785714285714286
2025_14_MIA_NYJ,14,MIA,1H,NYJ,A,19,153.0,8.052631578947368
2025_14_NO_TB,14,NO,1H,TB,A,8,21.0,2.625
2025_14_PHI_LAC,14,PHI,1H,LAC,A,17,82.0,4.823529411764706
2025_14_PIT_BAL,14,PIT,1H,BAL,A,9,22.0,2.4444444444444446
2025_14_SEA_ATL,14,SEA,1H,ATL,A,9,57.0,6.333333333333333
2025_14_TEN_CLE,14,TEN,1H,CLE,A,17,121.0,7.117647058823529
2025_14_WAS_MIN,14,WAS,1H,MIN,A,8,47.0,5.875
2025_15_ARI_HOU,15,ARI,1H,HOU,A,8,26.0,3.25
2025_15_ATL_TB,15,ATL,1H,TB,A,11,66.0,6.0
2025_15_BAL_CIN,15,BAL,1H,CIN,A,12,68.0,5.666666666666667
2025_15_BUF_NE,15,BUF,1H,NE,A,11,53.0,4.818181818181818
2025_15_CAR_NO,15,CAR,1H,NO,A,16,74.0,4.625
2025_15_CLE_CHI,15,CLE,1H,CHI,A,6,20.0,3.3333333333333335
2025_15_DET_LA,15,DET,1H,LA,A,12,50.0,4.166666666666667
2025_15_GB_DEN,15,GB,1H,DEN,A,10,36.0,3.6
2025_15_IND_SEA,15,IND,1H,SEA,A,19,72.0,3.789473684210526
2025_15_LAC_KC,15,LAC,1H,KC,A,12,33.0,2.75
2025_15_LV_PHI,15,LV,1H,PHI,A,6,22.0,3.6666666666666665
2025_15_MIA_PIT,15,MIA,1H,PIT,A,12,52.0,4.333333333333333
2025_15_MIN_DAL,15,MIN,1H,DAL,A,13,38.0,2.923076923076923
2025_15_NYJ_JAX,15,NYJ,1H,JAX,A,17,52.0,3.0588235294117645
2025_15_TEN_SF,15,TEN,1H,SF,A,12,67.0,5.583333333333333
2025_15_WAS_NYG,15,WAS,1H,NYG,A,21,107.0,5.095238095238095
2025_16_ATL_ARI,16,ATL,1H,ARI,A,13,77.0,5.923076923076923
2025_16_BUF_CLE,16,BUF,1H,CLE,A,16,133.0,8.3125
2025_16_CIN_MIA,16,CIN,1H,MIA,A,10,39.0,3.9
2025_16_GB_CHI,16,GB,1H,CHI,A,23,95.0,4.130434782608695
2025_16_JAX_DEN,16,JAX,1H,DEN,A,11,41.0,3.727272727272727
2025_16_KC_TEN,16,KC,1H,TEN,A,11,39.0,3.5454545454545454
2025_16_LAC_DAL,16,LAC,1H,DAL,A,13,60.0,4.615384615384615
2025_16_LA_SEA,16,LA,1H,SEA,A,24,90.0,3.75
2025_16_LV_HOU,16,LV,1H,HOU,A,17,62.0,3.6470588235294117
2025_16_MIN_NYG,16,MIN,1H,NYG,A,14,48.0,3.4285714285714284
2025_16_NE_BAL,16,NE,1H,BAL,A,11,22.0,2.0
2025_16_NYJ_NO,16,NYJ,1H,NO,A,11,28.0,2.5454545454545454
2025_16_PHI_WAS,16,PHI,1H,WAS,A,13,76.0,5.846153846153846
2025_16_PIT_DET,16,PIT,1H,DET,A,6,32.0,5.333333333333333
2025_16_SF_IND,16,SF,1H,IND,A,15,85.0,5.666666666666667
2025_16_TB_CAR,16,TB,1H,CAR,A,19,86.0,4.526315789473684
2025_17_ARI_CIN,17,ARI,1H,CIN,A,8,18.0,2.25
2025_17_BAL_GB,17,BAL,1H,GB,A,29,175.0,6.0344827586206895
2025_17_CHI_SF,17,CHI,1H,SF,A,7,46.0,6.571428571428571
2025_17_DAL_WAS,17,DAL,1H,WAS,A,24,127.0,5.291666666666667
2025_17_DEN_KC,17,DEN,1H,KC,A,14,65.0,4.642857142857143
2025_17_DET_MIN,17,DET,1H,MIN,A,15,34.0,2.2666666666666666
2025_17_HOU_LAC,17,HOU,1H,LAC,A,16,73.0,4.5625
2025_17_JAX_IND,17,JAX,1H,IND,A,10,52.0,5.2
2025_17_LA_ATL,17,LA,1H,ATL,A,10,26.0,2.6
2025_17_NE_NYJ,17,NE,1H,NYJ,A,23,115.0,5.0
2025_17_NO_TEN,17,NO,1H,TEN,A,10,17.0,1.7
2025_17_NYG_LV,17,NYG,1H,LV,A,14,88.0,6.285714285714286
2025_17_PHI_BUF,17,PHI,1H,BUF,A,16,64.0,4.0
2025_17_PIT_CLE,17,PIT,1H,CLE,A,12,73.0,6.083333333333333
2025_17_SEA_CAR,17,SEA,1H,CAR,A,15,81.0,5.4
2025_17_TB_MIA,17,TB,1H,MIA,A,8,20.0,2.5
2025_18_ARI_LA,18,ARI,1H,LA,A,6,31.0,5.166666666666667
2025_18_BAL_PIT,18,BAL,1H,PIT,A,19,122.0,6.421052631578948
2025_18_CAR_TB,18,CAR,1H,TB,A,7,5.0,0.7142857142857143
2025_18_CLE_CIN,18,CLE,1H,CIN,A,5,14.0,2.8
2025_18_DAL_NYG,18,DAL,1H,NYG,A,17,95.0,5.588235294117647
2025_18_DET_CHI,18,DET,1H,CHI,A,10,37.0,3.7
2025_18_GB_MIN,18,GB,1H,MIN,A,14,15.0,1.0714285714285714
2025_18_IND_HOU,18,IND,1H,HOU,A,11,19.0,1.7272727272727273
2025_18_KC_LV,18,KC,1H,LV,A,13,54.0,4.153846153846154
2025_18_LAC_DEN,18,LAC,1H,DEN,A,9,44.0,4.888888888888889
2025_18_MIA_NE,18,MIA,1H,NE,A,17,61.0,3.588235294117647
2025_18_NO_ATL,18,NO,1H,ATL,A,9,19.0,2.111111111111111
2025_18_NYJ_BUF,18,NYJ,1H,BUF,A,14,46.0,3.2857142857142856
2025_18_SEA_SF,18,SEA,1H,SF,A,19,115.0,6.052631578947368
2025_18_TEN_JAX,18,TEN,1H,JAX,A,10,39.0,3.9
2025_18_WAS_PHI,18,WAS,1H,PHI,A,17,67.0,3.9411764705882355
2025_01_ARI_NO,1,NO,Full Game,ARI,H,22,107.0,4.863636363636363
2025_01_BAL_BUF,1,BUF,Full Game,BAL,H,31,108.0,3.4838709677419355
2025_01_CAR_JAX,1,JAX,Full Game,CAR,H,32,200.0,6.25
2025_01_CIN_CLE,1,CLE,Full Game,CIN,H,24,49.0,2.0416666666666665
2025_01_DAL_PHI,1,PHI,Full Game,DAL,H,38,158.0,4.157894736842105
2025_01_DET_GB,1,GB,Full Game,DET,H,25,78.0,3.12
2025_01_HOU_LA,1,LA,Full Game,HOU,H,25,72.0,2.88
2025_01_KC_LAC,1,LAC,Full Game,KC,H,25,90.0,3.6
2025_01_LV_NE,1,NE,Full Game,LV,H,18,60.0,3.3333333333333335
2025_01_MIA_IND,1,IND,Full Game,MIA,H,40,156.0,3.9
2025_01_MIN_CHI,1,CHI,Full Game,MIN,H,26,119.0,4.576923076923077
2025_01_NYG_WAS,1,WAS,Full Game,NYG,H,32,220.0,6.875
2025_01_PIT_NYJ,1,NYJ,Full Game,PIT,H,39,182.0,4.666666666666667
2025_01_SF_SEA,1,SEA,Full Game,SF,H,26,84.0,3.230769230769231
2025_01_TB_ATL,1,ATL,Full Game,TB,H,28,69.0,2.4642857142857144
2025_01_TEN_DEN,1,DEN,Full Game,TEN,H,30,151.0,5.033333333333333
2025_02_ATL_MIN,2,MIN,Full Game,ATL,H,19,78.0,4.105263157894737
2025_02_BUF_NYJ,2,NYJ,Full Game,BUF,H,21,100.0,4.761904761904762
2025_02_CAR_ARI,2,ARI,Full Game,CAR,H,22,82.0,3.727272727272727
2025_02_CHI_DET,2,DET,Full Game,CHI,H,30,177.0,5.9
2025_02_CLE_BAL,2,BAL,Full Game,CLE,H,21,45.0,2.142857142857143
2025_02_DEN_IND,2,IND,Full Game,DEN,H,32,167.0,5.21875
2025_02_JAX_CIN,2,CIN,Full Game,JAX,H,17,48.0,2.823529411764706
2025_02_LAC_LV,2,LV,Full Game,LAC,H,19,68.0,3.5789473684210527
2025_02_LA_TEN,2,TEN,Full Game,LA,H,26,109.0,4.1923076923076925
2025_02_NE_MIA,2,MIA,Full Game,NE,H,15,61.0,4.066666666666666
2025_02_NYG_DAL,2,DAL,Full Game,NYG,H,28,135.0,4.821428571428571
2025_02_PHI_KC,2,KC,Full Game,PHI,H,26,121.0,4.653846153846154
2025_02_SEA_PIT,2,PIT,Full Game,SEA,H,21,72.0,3.4285714285714284
2025_02_SF_NO,2,NO,Full Game,SF,H,30,121.0,4.033333333333333
2025_02_TB_HOU,2,HOU,Full Game,TB,H,19,84.0,4.421052631578948
2025_02_WAS_GB,2,GB,Full Game,WAS,H,30,135.0,4.5
2025_03_ARI_SF,3,SF,Full Game,ARI,H,20,73.0,3.65
2025_03_ATL_CAR,3,CAR,Full Game,ATL,H,30,110.0,3.6666666666666665
2025_03_CIN_MIN,3,MIN,Full Game,CIN,H,31,169.0,5.451612903225806
2025_03_DAL_CHI,3,CHI,Full Game,DAL,H,29,87.0,3.0
2025_03_DEN_LAC,3,LAC,Full Game,DEN,H,28,106.0,3.7857142857142856
2025_03_DET_BAL,3,BAL,Full Game,DET,H,19,85.0,4.473684210526316
2025_03_GB_CLE,3,CLE,Full Game,GB,H,19,96.0,5.052631578947368
2025_03_HOU_JAX,3,JAX,Full Game,HOU,H,24,86.0,3.5833333333333335
2025_03_IND_TEN,3,TEN,Full Game,IND,H,23,86.0,3.739130434782609
2025_03_KC_NYG,3,NYG,Full Game,KC,H,27,130.0,4.814814814814815
2025_03_LA_PHI,3,PHI,Full Game,LA,H,27,86.0,3.185185185185185
2025_03_LV_WAS,3,WAS,Full Game,LV,H,32,201.0,6.28125
2025_03_MIA_BUF,3,BUF,Full Game,MIA,H,27,157.0,5.814814814814815
2025_03_NO_SEA,3,SEA,Full Game,NO,H,33,87.0,2.6363636363636362
2025_03_NYJ_TB,3,TB,Full Game,NYJ,H,34,122.0,3.588235294117647
2025_03_PIT_NE,3,NE,Full Game,PIT,H,29,119.0,4.103448275862069
2025_04_BAL_KC,4,KC,Full Game,BAL,H,32,118.0,3.6875
2025_04_CAR_NE,4,NE,Full Game,CAR,H,29,104.0,3.586206896551724
2025_04_CHI_LV,4,LV,Full Game,CHI,H,31,240.0,7.741935483870968
2025_04_CIN_DEN,4,DEN,Full Game,CIN,H,38,186.0,4.894736842105263
2025_04_CLE_DET,4,DET,Full Game,CLE,H,29,109.0,3.7586206896551726
2025_04_GB_DAL,4,DAL,Full Game,GB,H,26,117.0,4.5
2025_04_IND_LA,4,LA,Full Game,IND,H,26,102.0,3.923076923076923
2025_04_JAX_SF,4,SF,Full Game,JAX,H,24,83.0,3.4583333333333335
2025_04_LAC_NYG,4,NYG,Full Game,LAC,H,42,161.0,3.8333333333333335
2025_04_MIN_PIT,4,PIT,Full Game,MIN,H,29,131.0,4.517241379310345
2025_04_NO_BUF,4,BUF,Full Game,NO,H,32,165.0,5.15625
2025_04_NYJ_MIA,4,MIA,Full Game,NYJ,H,31,123.0,3.967741935483871
2025_04_PHI_TB,4,TB,Full Game,PHI,H,26,104.0,4.0
2025_04_SEA_ARI,4,ARI,Full Game,SEA,H,17,89.0,5.235294117647059
2025_04_TEN_HOU,4,HOU,Full Game,TEN,H,35,129.0,3.6857142857142855
2025_04_WAS_ATL,4,ATL,Full Game,WAS,H,37,128.0,3.4594594594594597
2025_05_DAL_NYJ,5,NYJ,Full Game,DAL,H,22,144.0,6.545454545454546
2025_05_DEN_PHI,5,PHI,Full Game,DEN,H,11,45.0,4.090909090909091
2025_05_DET_CIN,5,CIN,Full Game,DET,H,16,85.0,5.3125
2025_05_HOU_BAL,5,BAL,Full Game,HOU,H,19,44.0,2.3157894736842106
2025_05_KC_JAX,5,JAX,Full Game,KC,H,26,109.0,4.1923076923076925
2025_05_LV_IND,5,IND,Full Game,LV,H,25,96.0,3.84
2025_05_MIA_CAR,5,CAR,Full Game,MIA,H,32,239.0,7.46875
2025_05_MIN_CLE,5,CLE,Full Game,MIN,H,32,140.0,4.375
2025_05_NE_BUF,5,BUF,Full Game,NE,H,29,118.0,4.068965517241379
2025_05_NYG_NO,5,NO,Full Game,NYG,H,30,88.0,2.933333333333333
2025_05_SF_LA,5,LA,Full Game,SF,H,16,78.0,4.875
2025_05_TB_SEA,5,SEA,Full Game,TB,H,20,122.0,6.1
2025_05_TEN_ARI,5,ARI,Full Game,TEN,H,29,168.0,5.793103448275862
2025_05_WAS_LAC,5,LAC,Full Game,WAS,H,27,155.0,5.7407407407407405
2025_06_ARI_IND,6,IND,Full Game,ARI,H,27,150.0,5.555555555555555
2025_06_BUF_ATL,6,ATL,Full Game,BUF,H,32,210.0,6.5625
2025_06_CHI_WAS,6,WAS,Full Game,CHI,H,31,124.0,4.0
2025_06_CIN_GB,6,GB,Full Game,CIN,H,33,153.0,4.636363636363637
2025_06_CLE_PIT,6,PIT,Full Game,CLE,H,28,100.0,3.5714285714285716
2025_06_DAL_CAR,6,CAR,Full Game,DAL,H,38,216.0,5.684210526315789
2025_06_DEN_NYJ,6,NYJ,Full Game,DEN,H,31,92.0,2.967741935483871
2025_06_DET_KC,6,KC,Full Game,DET,H,29,112.0,3.8620689655172415
2025_06_LAC_MIA,6,MIA,Full Game,LAC,H,21,137.0,6.523809523809524
2025_06_LA_BAL,6,BAL,Full Game,LA,H,37,179.0,4.837837837837838
2025_06_NE_NO,6,NO,Full Game,NE,H,23,73.0,3.1739130434782608
2025_06_PHI_NYG,6,NYG,Full Game,PHI,H,39,172.0,4.410256410256411
2025_06_SEA_JAX,6,JAX,Full Game,SEA,H,19,59.0,3.1052631578947367
2025_06_SF_TB,6,TB,Full Game,SF,H,26,104.0,4.0
2025_06_TEN_LV,6,LV,Full Game,TEN,H,32,68.0,2.125
2025_07_ATL_SF,7,SF,Full Game,ATL,H,39,174.0,4.461538461538462
2025_07_CAR_NYJ,7,NYJ,Full Game,CAR,H,20,81.0,4.05
2025_07_GB_ARI,7,ARI,Full Game,GB,H,28,94.0,3.357142857142857
2025_07_HOU_SEA,7,SEA,Full Game,HOU,H,33,118.0,3.5757575757575757
2025_07_IND_LAC,7,LAC,Full Game,IND,H,16,54.0,3.375
2025_07_LA_JAX,7,JAX,Full Game,LA,H,19,94.0,4.947368421052632
2025_07_LV_KC,7,KC,Full Game,LV,H,41,152.0,3.707317073170732
2025_07_MIA_CLE,7,CLE,Full Game,MIA,H,33,104.0,3.1515151515151514
2025_07_NE_TEN,7,TEN,Full Game,NE,H,12,39.0,3.25
2025_07_NO_CHI,7,CHI,Full Game,NO,H,40,222.0,5.55
2025_07_NYG_DEN,7,DEN,Full Game,NYG,H,24,142.0,5.916666666666667
2025_07_PHI_MIN,7,MIN,Full Game,PHI,H,23,89.0,3.869565217391304
2025_07_PIT_CIN,7,CIN,Full Game,PIT,H,23,142.0,6.173913043478261
2025_07_TB_DET,7,DET,Full Game,TB,H,32,164.0,5.125
2025_07_WAS_DAL,7,DAL,Full Game,WAS,H,31,152.0,4.903225806451613
2025_08_BUF_CAR,8,CAR,Full Game,BUF,H,28,114.0,4.071428571428571
2025_08_CHI_BAL,8,BAL,Full Game,CHI,H,35,177.0,5.057142857142857
2025_08_CLE_NE,8,NE,Full Game,CLE,H,35,177.0,5.057142857142857
2025_08_DAL_DEN,8,DEN,Full Game,DAL,H,28,179.0,6.392857142857143
2025_08_GB_PIT,8,PIT,Full Game,GB,H,18,93.0,5.166666666666667
2025_08_MIA_ATL,8,ATL,Full Game,MIA,H,17,45.0,2.6470588235294117
2025_08_MIN_LAC,8,LAC,Full Game,MIN,H,43,207.0,4.813953488372093
2025_08_NYG_PHI,8,PHI,Full Game,NYG,H,33,276.0,8.363636363636363
2025_08_NYJ_CIN,8,CIN,Full Game,NYJ,H,23,181.0,7.869565217391305
2025_08_SF_HOU,8,HOU,Full Game,SF,H,36,157.0,4.361111111111111
2025_08_TB_NO,8,NO,Full Game,TB,H,15,48.0,3.2
2025_08_TEN_IND,8,IND,Full Game,TEN,H,18,164.0,9.11111111111111
2025_08_WAS_KC,8,KC,Full Game,WAS,H,30,148.0,4.933333333333334
2025_09_ARI_DAL,9,DAL,Full Game,ARI,H,21,123.0,5.857142857142857
2025_09_ATL_NE,9,NE,Full Game,ATL,H,33,110.0,3.3333333333333335
2025_09_BAL_MIA,9,MIA,Full Game,BAL,H,20,87.0,4.35
2025_09_CAR_GB,9,GB,Full Game,CAR,H,25,104.0,4.16
2025_09_CHI_CIN,9,CIN,Full Game,CHI,H,15,46.0,3.066666666666667
2025_09_DEN_HOU,9,HOU,Full Game,DEN,H,28,77.0,2.75
2025_09_IND_PIT,9,PIT,Full Game,IND,H,23,38.0,1.6521739130434783
2025_09_JAX_LV,9,LV,Full Game,JAX,H,19,57.0,3.0
2025_09_KC_BUF,9,BUF,Full Game,KC,H,35,141.0,4.0285714285714285
2025_09_LAC_TEN,9,TEN,Full Game,LAC,H,19,88.0,4.631578947368421
2025_09_MIN_DET,9,DET,Full Game,MIN,H,20,65.0,3.25
2025_09_NO_LA,9,LA,Full Game,NO,H,43,171.0,3.9767441860465116
2025_09_SEA_WAS,9,WAS,Full Game,SEA,H,36,157.0,4.361111111111111
2025_09_SF_NYG,9,NYG,Full Game,SF,H,21,117.0,5.571428571428571
2025_10_ARI_SEA,10,SEA,Full Game,ARI,H,46,198.0,4.304347826086956
2025_10_ATL_IND,10,IND,Full Game,ATL,H,41,323.0,7.878048780487805
2025_10_BAL_MIN,10,MIN,Full Game,BAL,H,18,120.0,6.666666666666667
2025_10_BUF_MIA,10,MIA,Full Game,BUF,H,32,197.0,6.15625
2025_10_CLE_NYJ,10,NYJ,Full Game,CLE,H,33,127.0,3.8484848484848486
2025_10_DET_WAS,10,WAS,Full Game,DET,H,27,93.0,3.4444444444444446
2025_10_JAX_HOU,10,HOU,Full Game,JAX,H,22,130.0,5.909090909090909
2025_10_LA_SF,10,SF,Full Game,LA,H,21,74.0,3.5238095238095237
2025_10_LV_DEN,10,DEN,Full Game,LV,H,27,84.0,3.111111111111111
2025_10_NE_TB,10,TB,Full Game,NE,H,21,113.0,5.380952380952381
2025_10_NO_CAR,10,CAR,Full Game,NO,H,23,73.0,3.1739130434782608
2025_10_NYG_CHI,10,CHI,Full Game,NYG,H,28,171.0,6.107142857142857
2025_10_PHI_GB,10,GB,Full Game,PHI,H,27,104.0,3.8518518518518516
2025_10_PIT_LAC,10,LAC,Full Game,PIT,H,31,115.0,3.7096774193548385
2025_11_BAL_CLE,11,CLE,Full Game,BAL,H,25,106.0,4.24
2025_11_CAR_ATL,11,ATL,Full Game,CAR,H,28,125.0,4.464285714285714
2025_11_CHI_MIN,11,MIN,Full Game,CHI,H,22,115.0,5.2272727272727275
2025_11_CIN_PIT,11,PIT,Full Game,CIN,H,28,111.0,3.9642857142857144
2025_11_DAL_LV,11,LV,Full Game,DAL,H,12,27.0,2.25
2025_11_DET_PHI,11,PHI,Full Game,DET,H,40,148.0,3.7
2025_11_GB_NYG,11,NYG,Full Game,GB,H,38,142.0,3.736842105263158
2025_11_HOU_TEN,11,TEN,Full Game,HOU,H,17,58.0,3.411764705882353
2025_11_KC_DEN,11,DEN,Full Game,KC,H,21,59.0,2.8095238095238093
2025_11_LAC_JAX,11,JAX,Full Game,LAC,H,47,192.0,4.085106382978723
2025_11_NYJ_NE,11,NE,Full Game,NYJ,H,27,65.0,2.4074074074074074
2025_11_SEA_LA,11,LA,Full Game,SEA,H,22,119.0,5.409090909090909
2025_11_SF_ARI,11,ARI,Full Game,SF,H,14,36.0,2.5714285714285716
2025_11_TB_BUF,11,BUF,Full Game,TB,H,23,97.0,4.217391304347826
2025_11_WAS_MIA,11,MIA,Full Game,WAS,H,31,169.0,5.451612903225806
2025_12_ATL_NO,12,NO,Full Game,ATL,H,28,79.0,2.8214285714285716
2025_12_BUF_HOU,12,HOU,Full Game,BUF,H,26,108.0,4.153846153846154
2025_12_CAR_SF,12,SF,Full Game,CAR,H,38,147.0,3.8684210526315788
2025_12_CLE_LV,12,LV,Full Game,CLE,H,21,60.0,2.857142857142857
2025_12_IND_KC,12,KC,Full Game,IND,H,41,148.0,3.6097560975609757
2025_12_JAX_ARI,12,ARI,Full Game,JAX,H,20,55.0,2.75
2025_12_MIN_GB,12,GB,Full Game,MIN,H,42,146.0,3.4761904761904763
2025_12_NE_CIN,12,CIN,Full Game,NE,H,23,120.0,5.217391304347826
2025_12_NYG_DET,12,DET,Full Game,NYG,H,20,237.0,11.85
2025_12_NYJ_BAL,12,BAL,Full Game,NYJ,H,34,98.0,2.8823529411764706
2025_12_PHI_DAL,12,DAL,Full Game,PHI,H,31,125.0,4.032258064516129
2025_12_PIT_CHI,12,CHI,Full Game,PIT,H,25,99.0,3.96
2025_12_SEA_TEN,12,TEN,Full Game,SEA,H,22,64.0,2.909090909090909
2025_12_TB_LA,12,LA,Full Game,TB,H,19,70.0,3.6842105263157894
2025_13_ARI_TB,13,TB,Full Game,ARI,H,27,95.0,3.5185185185185186
2025_13_ATL_NYJ,13,NYJ,Full Game,ATL,H,28,110.0,3.9285714285714284
2025_13_BUF_PIT,13,PIT,Full Game,BUF,H,18,58.0,3.2222222222222223
2025_13_CHI_PHI,13,PHI,Full Game,CHI,H,17,87.0,5.117647058823529
2025_13_CIN_BAL,13,BAL,Full Game,CIN,H,22,123.0,5.590909090909091
2025_13_DEN_WAS,13,WAS,Full Game,DEN,H,33,143.0,4.333333333333333
2025_13_GB_DET,13,DET,Full Game,GB,H,30,119.0,3.966666666666667
2025_13_HOU_IND,13,IND,Full Game,HOU,H,23,86.0,3.739130434782609
2025_13_JAX_TEN,13,TEN,Full Game,JAX,H,14,67.0,4.785714285714286
2025_13_KC_DAL,13,DAL,Full Game,KC,H,26,137.0,5.269230769230769
2025_13_LA_CAR,13,CAR,Full Game,LA,H,40,164.0,4.1
2025_13_LV_LAC,13,LAC,Full Game,LV,H,43,192.0,4.465116279069767
2025_13_MIN_SEA,13,SEA,Full Game,MIN,H,32,125.0,3.90625
2025_13_NO_MIA,13,MIA,Full Game,NO,H,32,164.0,5.125
2025_13_NYG_NE,13,NE,Full Game,NYG,H,29,119.0,4.103448275862069
2025_13_SF_CLE,13,CLE,Full Game,SF,H,31,138.0,4.451612903225806
2025_14_CHI_GB,14,GB,Full Game,CHI,H,26,117.0,4.5
2025_14_CIN_BUF,14,BUF,Full Game,CIN,H,29,183.0,6.310344827586207
2025_14_DAL_DET,14,DET,Full Game,DAL,H,22,109.0,4.954545454545454
2025_14_DEN_LV,14,LV,Full Game,DEN,H,12,40.0,3.3333333333333335
2025_14_HOU_KC,14,KC,Full Game,HOU,H,29,126.0,4.344827586206897
2025_14_IND_JAX,14,JAX,Full Game,IND,H,32,103.0,3.21875
2025_14_LA_ARI,14,ARI,Full Game,LA,H,14,51.0,3.642857142857143
2025_14_MIA_NYJ,14,NYJ,Full Game,MIA,H,17,65.0,3.823529411764706
2025_14_NO_TB,14,TB,Full Game,NO,H,39,179.0,4.589743589743589
2025_14_PHI_LAC,14,LAC,Full Game,PHI,H,38,169.0,4.447368421052632
2025_14_PIT_BAL,14,BAL,Full Game,PIT,H,40,217.0,5.425
2025_14_SEA_ATL,14,ATL,Full Game,SEA,H,31,120.0,3.870967741935484
2025_14_TEN_CLE,14,CLE,Full Game,TEN,H,20,61.0,3.05
2025_14_WAS_MIN,14,MIN,Full Game,WAS,H,34,162.0,4.764705882352941
2025_15_ARI_HOU,15,HOU,Full Game,ARI,H,33,143.0,4.333333333333333
2025_15_ATL_TB,15,TB,Full Game,ATL,H,22,88.0,4.0
2025_15_BAL_CIN,15,CIN,Full Game,BAL,H,29,100.0,3.4482758620689653
2025_15_BUF_NE,15,NE,Full Game,BUF,H,25,246.0,9.84
2025_15_CAR_NO,15,NO,Full Game,CAR,H,25,81.0,3.24
2025_15_CLE_CHI,15,CHI,Full Game,CLE,H,33,142.0,4.303030303030303
2025_15_DET_LA,15,LA,Full Game,DET,H,29,159.0,5.482758620689655
2025_15_GB_DEN,15,DEN,Full Game,GB,H,31,89.0,2.870967741935484
2025_15_IND_SEA,15,SEA,Full Game,IND,H,22,50.0,2.272727272727273
2025_15_LAC_KC,15,KC,Full Game,LAC,H,21,49.0,2.3333333333333335
2025_15_LV_PHI,15,PHI,Full Game,LV,H,47,183.0,3.893617021276596
2025_15_MIA_PIT,15,PIT,Full Game,MIA,H,32,135.0,4.21875
2025_15_MIN_DAL,15,DAL,Full Game,MIN,H,29,138.0,4.758620689655173
2025_15_NYJ_JAX,15,JAX,Full Game,NYJ,H,27,108.0,4.0
2025_15_TEN_SF,15,SF,Full Game,TEN,H,38,138.0,3.6315789473684212
2025_15_WAS_NYG,15,NYG,Full Game,WAS,H,29,146.0,5.0344827586206895
2025_16_ATL_ARI,16,ARI,Full Game,ATL,H,23,132.0,5.739130434782608
2025_16_BUF_CLE,16,CLE,Full Game,BUF,H,31,160.0,5.161290322580645
2025_16_CIN_MIA,16,MIA,Full Game,CIN,H,28,129.0,4.607142857142857
2025_16_GB_CHI,16,CHI,Full Game,GB,H,26,150.0,5.769230769230769
2025_16_JAX_DEN,16,DEN,Full Game,JAX,H,17,101.0,5.9411764705882355
2025_16_KC_TEN,16,TEN,Full Game,KC,H,40,164.0,4.1
2025_16_LAC_DAL,16,DAL,Full Game,LAC,H,23,91.0,3.9565217391304346
2025_16_LA_SEA,16,SEA,Full Game,LA,H,25,171.0,6.84
2025_16_LV_HOU,16,HOU,Full Game,LV,H,26,83.0,3.1923076923076925
2025_16_MIN_NYG,16,NYG,Full Game,MIN,H,30,128.0,4.266666666666667
2025_16_NE_BAL,16,BAL,Full Game,NE,H,33,171.0,5.181818181818182
2025_16_NYJ_NO,16,NO,Full Game,NYJ,H,25,84.0,3.36
2025_16_PHI_WAS,16,WAS,Full Game,PHI,H,26,90.0,3.4615384615384617
2025_16_PIT_DET,16,DET,Full Game,PIT,H,12,15.0,1.25
2025_16_SF_IND,16,IND,Full Game,SF,H,20,58.0,2.9
2025_16_TB_CAR,16,CAR,Full Game,TB,H,20,101.0,5.05
2025_17_ARI_CIN,17,CIN,Full Game,ARI,H,35,120.0,3.4285714285714284
2025_17_BAL_GB,17,GB,Full Game,BAL,H,17,79.0,4.647058823529412
2025_17_CHI_SF,17,SF,Full Game,CHI,H,34,200.0,5.882352941176471
2025_17_DAL_WAS,17,WAS,Full Game,DAL,H,16,138.0,8.625
2025_17_DEN_KC,17,KC,Full Game,DEN,H,19,82.0,4.315789473684211
2025_17_DET_MIN,17,MIN,Full Game,DET,H,28,158.0,5.642857142857143
2025_17_HOU_LAC,17,LAC,Full Game,HOU,H,22,74.0,3.3636363636363638
2025_17_JAX_IND,17,IND,Full Game,JAX,H,22,69.0,3.1363636363636362
2025_17_LA_ATL,17,ATL,Full Game,LA,H,33,219.0,6.636363636363637
2025_17_NE_NYJ,17,NYJ,Full Game,NE,H,28,164.0,5.857142857142857
2025_17_NO_TEN,17,TEN,Full Game,NO,H,28,108.0,3.857142857142857
2025_17_NYG_LV,17,LV,Full Game,NYG,H,20,63.0,3.15
2025_17_PHI_BUF,17,BUF,Full Game,PHI,H,33,120.0,3.6363636363636362
2025_17_PIT_CLE,17,CLE,Full Game,PIT,H,25,78.0,3.12
2025_17_SEA_CAR,17,CAR,Full Game,SEA,H,26,99.0,3.8076923076923075
2025_17_TB_MIA,17,MIA,Full Game,TB,H,30,145.0,4.833333333333333
2025_18_ARI_LA,18,LA,Full Game,ARI,H,31,143.0,4.612903225806452
2025_18_BAL_PIT,18,PIT,Full Game,BAL,H,24,100.0,4.166666666666667
2025_18_CAR_TB,18,TB,Full Game,CAR,H,42,140.0,3.3333333333333335
2025_18_CLE_CIN,18,CIN,Full Game,CLE,H,25,142.0,5.68
2025_18_DAL_NYG,18,NYG,Full Game,DAL,H,32,161.0,5.03125
2025_18_DET_CHI,18,CHI,Full Game,DET,H,18,65.0,3.611111111111111
2025_18_GB_MIN,18,MIN,Full Game,GB,H,31,137.0,4.419354838709677
2025_18_IND_HOU,18,HOU,Full Game,IND,H,32,134.0,4.1875
2025_18_KC_LV,18,LV,Full Game,KC,H,32,118.0,3.6875
2025_18_LAC_DEN,18,DEN,Full Game,LAC,H,31,116.0,3.7419354838709675
2025_18_MIA_NE,18,NE,Full Game,MIA,H,34,243.0,7.147058823529412
2025_18_NO_ATL,18,ATL,Full Game,NO,H,25,49.0,1.96
2025_18_NYJ_BUF,18,BUF,Full Game,NYJ,H,43,211.0,4.906976744186046
2025_18_SEA_SF,18,SF,Full Game,SEA,H,12,53.0,4.416666666666667
2025_18_TEN_JAX,18,JAX,Full Game,TEN,H,24,64.0,2.6666666666666665
2025_18_WAS_PHI,18,PHI,Full Game,WAS,H,19,80.0,4.2105263157894735
2025_01_ARI_NO,1,ARI,Full Game,NO,A,27,146.0,5.407407407407407
2025_01_BAL_BUF,1,BAL,Full Game,BUF,A,29,238.0,8.206896551724139
2025_01_CAR_JAX,1,CAR,Full Game,JAX,A,25,113.0,4.52
2025_01_CIN_CLE,1,CIN,Full Game,CLE,A,23,46.0,2.0
2025_01_DAL_PHI,1,DAL,Full Game,PHI,A,22,119.0,5.409090909090909
2025_01_DET_GB,1,DET,Full Game,GB,A,22,46.0,2.090909090909091
2025_01_HOU_LA,1,HOU,Full Game,LA,A,27,114.0,4.222222222222222
2025_01_KC_LAC,1,KC,Full Game,LAC,A,17,98.0,5.764705882352941
2025_01_LV_NE,1,LV,Full Game,NE,A,24,56.0,2.3333333333333335
2025_01_MIA_IND,1,MIA,Full Game,IND,A,12,78.0,6.5
2025_01_MIN_CHI,1,MIN,Full Game,CHI,A,26,120.0,4.615384615384615
2025_01_NYG_WAS,1,NYG,Full Game,WAS,A,23,74.0,3.217391304347826
2025_01_PIT_NYJ,1,PIT,Full Game,NYJ,A,20,53.0,2.65
2025_01_SF_SEA,1,SF,Full Game,SEA,A,36,119.0,3.3055555555555554
2025_01_TB_ATL,1,TB,Full Game,ATL,A,23,101.0,4.391304347826087
2025_01_TEN_DEN,1,TEN,Full Game,DEN,A,21,71.0,3.380952380952381
2025_02_ATL_MIN,2,ATL,Full Game,MIN,A,39,218.0,5.589743589743589
2025_02_BUF_NYJ,2,BUF,Full Game,NYJ,A,43,224.0,5.209302325581396
2025_02_CAR_ARI,2,CAR,Full Game,ARI,A,19,49.0,2.5789473684210527
2025_02_CHI_DET,2,CHI,Full Game,DET,A,27,134.0,4.962962962962963
2025_02_CLE_BAL,2,CLE,Full Game,BAL,A,22,115.0,5.2272727272727275
2025_02_DEN_IND,2,DEN,Full Game,IND,A,24,118.0,4.916666666666667
2025_02_JAX_CIN,2,JAX,Full Game,CIN,A,27,139.0,5.148148148148148
2025_02_LAC_LV,2,LAC,Full Game,LV,A,26,81.0,3.1153846153846154
2025_02_LA_TEN,2,LA,Full Game,TEN,A,25,149.0,5.96
2025_02_NE_MIA,2,NE,Full Game,MIA,A,29,122.0,4.206896551724138
2025_02_NYG_DAL,2,NYG,Full Game,DAL,A,21,84.0,4.0
2025_02_PHI_KC,2,PHI,Full Game,KC,A,34,122.0,3.588235294117647
2025_02_SEA_PIT,2,SEA,Full Game,PIT,A,29,117.0,4.0344827586206895
2025_02_SF_NO,2,SF,Full Game,NO,A,26,77.0,2.9615384615384617
2025_02_TB_HOU,2,TB,Full Game,HOU,A,30,169.0,5.633333333333334
2025_02_WAS_GB,2,WAS,Full Game,GB,A,19,51.0,2.6842105263157894
2025_03_ARI_SF,3,ARI,Full Game,SF,A,28,106.0,3.7857142857142856
2025_03_ATL_CAR,3,ATL,Full Game,CAR,A,23,131.0,5.695652173913044
2025_03_CIN_MIN,3,CIN,Full Game,MIN,A,21,53.0,2.5238095238095237
2025_03_DAL_CHI,3,DAL,Full Game,CHI,A,20,121.0,6.05
2025_03_DEN_LAC,3,DEN,Full Game,LAC,A,21,118.0,5.619047619047619
2025_03_DET_BAL,3,DET,Full Game,BAL,A,38,224.0,5.894736842105263
2025_03_GB_CLE,3,GB,Full Game,CLE,A,31,81.0,2.6129032258064515
2025_03_HOU_JAX,3,HOU,Full Game,JAX,A,19,87.0,4.578947368421052
2025_03_IND_TEN,3,IND,Full Game,TEN,A,28,137.0,4.892857142857143
2025_03_KC_NYG,3,KC,Full Game,NYG,A,28,105.0,3.75
2025_03_LA_PHI,3,LA,Full Game,PHI,A,31,160.0,5.161290322580645
2025_03_LV_WAS,3,LV,Full Game,WAS,A,28,93.0,3.3214285714285716
2025_03_MIA_BUF,3,MIA,Full Game,BUF,A,25,130.0,5.2
2025_03_NO_SEA,3,NO,Full Game,SEA,A,27,79.0,2.925925925925926
2025_03_NYJ_TB,3,NYJ,Full Game,TB,A,23,99.0,4.304347826086956
2025_03_PIT_NE,3,PIT,Full Game,NE,A,26,64.0,2.4615384615384617
2025_04_BAL_KC,4,BAL,Full Game,KC,A,17,166.0,9.764705882352942
2025_04_CAR_NE,4,CAR,Full Game,NE,A,28,129.0,4.607142857142857
2025_04_CHI_LV,4,CHI,Full Game,LV,A,26,69.0,2.6538461538461537
2025_04_CIN_DEN,4,CIN,Full Game,DEN,A,15,53.0,3.533333333333333
2025_04_CLE_DET,4,CLE,Full Game,DET,A,27,79.0,2.925925925925926
2025_04_GB_DAL,4,GB,Full Game,DAL,A,35,164.0,4.685714285714286
2025_04_IND_LA,4,IND,Full Game,LA,A,21,85.0,4.0476190476190474
2025_04_JAX_SF,4,JAX,Full Game,SF,A,32,151.0,4.71875
2025_04_LAC_NYG,4,LAC,Full Game,NYG,A,13,152.0,11.692307692307692
2025_04_MIN_PIT,4,MIN,Full Game,PIT,A,20,70.0,3.5
2025_04_NO_BUF,4,NO,Full Game,BUF,A,34,189.0,5.5588235294117645
2025_04_NYJ_MIA,4,NYJ,Full Game,MIA,A,28,197.0,7.035714285714286
2025_04_PHI_TB,4,PHI,Full Game,TB,A,32,88.0,2.75
2025_04_SEA_ARI,4,SEA,Full Game,ARI,A,35,155.0,4.428571428571429
2025_04_TEN_HOU,4,TEN,Full Game,HOU,A,18,82.0,4.555555555555555
2025_04_WAS_ATL,4,WAS,Full Game,ATL,A,22,147.0,6.681818181818182
2025_05_DAL_NYJ,5,DAL,Full Game,NYJ,A,29,180.0,6.206896551724138
2025_05_DEN_PHI,5,DEN,Full Game,PHI,A,29,130.0,4.482758620689655
2025_05_DET_CIN,5,DET,Full Game,CIN,A,33,118.0,3.5757575757575757
2025_05_HOU_BAL,5,HOU,Full Game,BAL,A,33,167.0,5.0606060606060606
2025_05_KC_JAX,5,KC,Full Game,JAX,A,22,158.0,7.181818181818182
2025_05_LV_IND,5,LV,Full Game,IND,A,25,106.0,4.24
2025_05_MIA_CAR,5,MIA,Full Game,CAR,A,14,19.0,1.3571428571428572
2025_05_MIN_CLE,5,MIN,Full Game,CLE,A,23,97.0,4.217391304347826
2025_05_NE_BUF,5,NE,Full Game,BUF,A,22,71.0,3.227272727272727
2025_05_NYG_NO,5,NYG,Full Game,NO,A,29,136.0,4.689655172413793
2025_05_SF_LA,5,SF,Full Game,LA,A,33,74.0,2.242424242424242
2025_05_TB_SEA,5,TB,Full Game,SEA,A,24,56.0,2.3333333333333335
2025_05_TEN_ARI,5,TEN,Full Game,ARI,A,24,78.0,3.25
2025_05_WAS_LAC,5,WAS,Full Game,LAC,A,28,163.0,5.821428571428571
2025_06_ARI_IND,6,ARI,Full Game,IND,A,24,88.0,3.6666666666666665
2025_06_BUF_ATL,6,BUF,Full Game,ATL,A,24,134.0,5.583333333333333
2025_06_CHI_WAS,6,CHI,Full Game,WAS,A,27,150.0,5.555555555555555
2025_06_CIN_GB,6,CIN,Full Game,GB,A,16,55.0,3.4375
2025_06_CLE_PIT,6,CLE,Full Game,PIT,A,17,65.0,3.823529411764706
2025_06_DAL_CAR,6,DAL,Full Game,CAR,A,19,31.0,1.631578947368421
2025_06_DEN_NYJ,6,DEN,Full Game,NYJ,A,26,78.0,3.0
2025_06_DET_KC,6,DET,Full Game,KC,A,23,98.0,4.260869565217392
2025_06_LAC_MIA,6,LAC,Full Game,MIA,A,25,140.0,5.6
2025_06_LA_BAL,6,LA,Full Game,BAL,A,23,74.0,3.217391304347826
2025_06_NE_NO,6,NE,Full Game,NO,A,31,73.0,2.3548387096774195
2025_06_PHI_NYG,6,PHI,Full Game,NYG,A,20,73.0,3.65
2025_06_SEA_JAX,6,SEA,Full Game,JAX,A,26,60.0,2.3076923076923075
2025_06_SF_TB,6,SF,Full Game,TB,A,22,67.0,3.0454545454545454
2025_06_TEN_LV,6,TEN,Full Game,LV,A,15,65.0,4.333333333333333
2025_07_ATL_SF,7,ATL,Full Game,SF,A,20,62.0,3.1
2025_07_CAR_NYJ,7,CAR,Full Game,NYJ,A,36,125.0,3.4722222222222223
2025_07_GB_ARI,7,GB,Full Game,ARI,A,23,94.0,4.086956521739131
2025_07_HOU_SEA,7,HOU,Full Game,SEA,A,17,56.0,3.2941176470588234
2025_07_IND_LAC,7,IND,Full Game,LAC,A,23,120.0,5.217391304347826
2025_07_LA_JAX,7,LA,Full Game,JAX,A,29,89.0,3.0689655172413794
2025_07_LV_KC,7,LV,Full Game,KC,A,11,25.0,2.272727272727273
2025_07_MIA_CLE,7,MIA,Full Game,CLE,A,22,99.0,4.5
2025_07_NE_TEN,7,NE,Full Game,TEN,A,36,175.0,4.861111111111111
2025_07_NO_CHI,7,NO,Full Game,CHI,A,17,44.0,2.588235294117647
2025_07_NYG_DEN,7,NYG,Full Game,DEN,A,32,119.0,3.71875
2025_07_PHI_MIN,7,PHI,Full Game,MIN,A,23,45.0,1.9565217391304348
2025_07_PIT_CIN,7,PIT,Full Game,CIN,A,20,147.0,7.35
2025_07_TB_DET,7,TB,Full Game,DET,A,12,41.0,3.4166666666666665
2025_07_WAS_DAL,7,WAS,Full Game,DAL,A,28,136.0,4.857142857142857
2025_08_BUF_CAR,8,BUF,Full Game,CAR,A,35,245.0,7.0
2025_08_CHI_BAL,8,CHI,Full Game,BAL,A,23,96.0,4.173913043478261
2025_08_CLE_NE,8,CLE,Full Game,NE,A,16,68.0,4.25
2025_08_DAL_DEN,8,DAL,Full Game,DEN,A,31,108.0,3.4838709677419355
2025_08_GB_PIT,8,GB,Full Game,PIT,A,26,94.0,3.6153846153846154
2025_08_MIA_ATL,8,MIA,Full Game,ATL,A,37,141.0,3.810810810810811
2025_08_MIN_LAC,8,MIN,Full Game,LAC,A,11,34.0,3.090909090909091
2025_08_NYG_PHI,8,NYG,Full Game,PHI,A,21,68.0,3.238095238095238
2025_08_NYJ_CIN,8,NYJ,Full Game,CIN,A,37,254.0,6.864864864864865
2025_08_SF_HOU,8,SF,Full Game,HOU,A,10,48.0,4.8
2025_08_TB_NO,8,TB,Full Game,NO,A,29,88.0,3.0344827586206895
2025_08_TEN_IND,8,TEN,Full Game,IND,A,25,113.0,4.52
2025_08_WAS_KC,8,WAS,Full Game,KC,A,20,60.0,3.0
2025_09_ARI_DAL,9,ARI,Full Game,DAL,A,29,119.0,4.103448275862069
2025_09_ATL_NE,9,ATL,Full Game,NE,A,16,71.0,4.4375
2025_09_BAL_MIA,9,BAL,Full Game,MIA,A,31,150.0,4.838709677419355
2025_09_CAR_GB,9,CAR,Full Game,GB,A,33,163.0,4.9393939393939394
2025_09_CHI_CIN,9,CHI,Full Game,CIN,A,37,283.0,7.648648648648648
2025_09_DEN_HOU,9,DEN,Full Game,HOU,A,23,100.0,4.3478260869565215
2025_09_IND_PIT,9,IND,Full Game,PIT,A,19,55.0,2.8947368421052633
2025_09_JAX_LV,9,JAX,Full Game,LV,A,42,151.0,3.5952380952380953
2025_09_KC_BUF,9,KC,Full Game,BUF,A,20,79.0,3.95
2025_09_LAC_TEN,9,LAC,Full Game,TEN,A,30,131.0,4.366666666666666
2025_09_MIN_DET,9,MIN,Full Game,DET,A,29,142.0,4.896551724137931
2025_09_NO_LA,9,NO,Full Game,LA,A,14,57.0,4.071428571428571
2025_09_SEA_WAS,9,SEA,Full Game,WAS,A,24,88.0,3.6666666666666665
2025_09_SF_NYG,9,SF,Full Game,NYG,A,39,159.0,4.076923076923077
2025_10_ARI_SEA,10,ARI,Full Game,SEA,A,23,129.0,5.608695652173913
2025_10_ATL_IND,10,ATL,Full Game,IND,A,29,140.0,4.827586206896552
2025_10_BAL_MIN,10,BAL,Full Game,MIN,A,36,152.0,4.222222222222222
2025_10_BUF_MIA,10,BUF,Full Game,MIA,A,22,87.0,3.9545454545454546
2025_10_CLE_NYJ,10,CLE,Full Game,NYJ,A,32,158.0,4.9375
2025_10_DET_WAS,10,DET,Full Game,WAS,A,33,226.0,6.848484848484849
2025_10_JAX_HOU,10,JAX,Full Game,HOU,A,27,94.0,3.4814814814814814
2025_10_LA_SF,10,LA,Full Game,SF,A,30,126.0,4.2
2025_10_LV_DEN,10,LV,Full Game,DEN,A,25,74.0,2.96
2025_10_NE_TB,10,NE,Full Game,TB,A,27,166.0,6.148148148148148
2025_10_NO_CAR,10,NO,Full Game,CAR,A,37,122.0,3.2972972972972974
2025_10_NYG_CHI,10,NYG,Full Game,CHI,A,30,169.0,5.633333333333334
2025_10_PHI_GB,10,PHI,Full Game,GB,A,34,111.0,3.264705882352941
2025_10_PIT_LAC,10,PIT,Full Game,LAC,A,16,73.0,4.5625
2025_11_BAL_CLE,11,BAL,Full Game,CLE,A,30,184.0,6.133333333333334
2025_11_CAR_ATL,11,CAR,Full Game,ATL,A,25,67.0,2.68
2025_11_CHI_MIN,11,CHI,Full Game,MIN,A,39,140.0,3.58974358974359
2025_11_CIN_PIT,11,CIN,Full Game,PIT,A,22,105.0,4.7727272727272725
2025_11_DAL_LV,11,DAL,Full Game,LV,A,31,114.0,3.6774193548387095
2025_11_DET_PHI,11,DET,Full Game,PHI,A,21,74.0,3.5238095238095237
2025_11_GB_NYG,11,GB,Full Game,NYG,A,23,128.0,5.565217391304348
2025_11_HOU_TEN,11,HOU,Full Game,TEN,A,23,75.0,3.260869565217391
2025_11_KC_DEN,11,KC,Full Game,DEN,A,14,62.0,4.428571428571429
2025_11_LAC_JAX,11,LAC,Full Game,JAX,A,16,42.0,2.625
2025_11_NYJ_NE,11,NYJ,Full Game,NE,A,28,140.0,5.0
2025_11_SEA_LA,11,SEA,Full Game,LA,A,35,135.0,3.857142857142857
2025_11_SF_ARI,11,SF,Full Game,ARI,A,25,95.0,3.8
2025_11_TB_BUF,11,TB,Full Game,BUF,A,39,202.0,5.17948717948718
2025_11_WAS_MIA,11,WAS,Full Game,MIA,A,33,172.0,5.212121212121212
2025_12_ATL_NO,12,ATL,Full Game,NO,A,29,121.0,4.172413793103448
2025_12_BUF_HOU,12,BUF,Full Game,HOU,A,24,143.0,5.958333333333333
2025_12_CAR_SF,12,CAR,Full Game,SF,A,13,69.0,5.3076923076923075
2025_12_CLE_LV,12,CLE,Full Game,LV,A,27,64.0,2.3703703703703702
2025_12_IND_KC,12,IND,Full Game,KC,A,19,74.0,3.8947368421052633
2025_12_JAX_ARI,12,JAX,Full Game,ARI,A,28,134.0,4.785714285714286
2025_12_MIN_GB,12,MIN,Full Game,GB,A,20,93.0,4.65
2025_12_NE_CIN,12,NE,Full Game,CIN,A,31,107.0,3.4516129032258065
2025_12_NYG_DET,12,NYG,Full Game,DET,A,39,122.0,3.128205128205128
2025_12_NYJ_BAL,12,NYJ,Full Game,BAL,A,26,78.0,3.0
2025_12_PHI_DAL,12,PHI,Full Game,DAL,A,18,63.0,3.5
2025_12_PIT_CHI,12,PIT,Full Game,CHI,A,36,186.0,5.166666666666667
2025_12_SEA_TEN,12,SEA,Full Game,TEN,A,20,114.0,5.7
2025_12_TB_LA,12,TB,Full Game,LA,A,29,123.0,4.241379310344827
2025_13_ARI_TB,13,ARI,Full Game,TB,A,19,95.0,5.0
2025_13_ATL_NYJ,13,ATL,Full Game,NYJ,A,32,167.0,5.21875
2025_13_BUF_PIT,13,BUF,Full Game,PIT,A,51,249.0,4.882352941176471
2025_13_CHI_PHI,13,CHI,Full Game,PHI,A,47,281.0,5.9787234042553195
2025_13_CIN_BAL,13,CIN,Full Game,BAL,A,33,128.0,3.878787878787879
2025_13_DEN_WAS,13,DEN,Full Game,WAS,A,23,87.0,3.782608695652174
2025_13_GB_DET,13,GB,Full Game,DET,A,30,125.0,4.166666666666667
2025_13_HOU_IND,13,HOU,Full Game,IND,A,34,108.0,3.176470588235294
2025_13_JAX_TEN,13,JAX,Full Game,TEN,A,27,70.0,2.5925925925925926
2025_13_KC_DAL,13,KC,Full Game,DAL,A,23,119.0,5.173913043478261
2025_13_LA_CAR,13,LA,Full Game,CAR,A,21,152.0,7.238095238095238
2025_13_LV_LAC,13,LV,Full Game,LAC,A,18,31.0,1.7222222222222223
2025_13_MIN_SEA,13,MIN,Full Game,SEA,A,16,66.0,4.125
2025_13_NO_MIA,13,NO,Full Game,MIA,A,27,81.0,3.0
2025_13_NYG_NE,13,NYG,Full Game,NE,A,27,111.0,4.111111111111111
2025_13_SF_CLE,13,SF,Full Game,CLE,A,33,91.0,2.757575757575758
2025_14_CHI_GB,14,CHI,Full Game,GB,A,32,138.0,4.3125
2025_14_CIN_BUF,14,CIN,Full Game,BUF,A,19,62.0,3.263157894736842
2025_14_DAL_DET,14,DAL,Full Game,DET,A,24,91.0,3.7916666666666665
2025_14_DEN_LV,14,DEN,Full Game,LV,A,31,152.0,4.903225806451613
2025_14_HOU_KC,14,HOU,Full Game,KC,A,31,82.0,2.6451612903225805
2025_14_IND_JAX,14,IND,Full Game,JAX,A,26,89.0,3.423076923076923
2025_14_LA_ARI,14,LA,Full Game,ARI,A,36,249.0,6.916666666666667
2025_14_MIA_NYJ,14,MIA,Full Game,NYJ,A,41,239.0,5.829268292682927
2025_14_NO_TB,14,NO,Full Game,TB,A,32,139.0,4.34375
2025_14_PHI_LAC,14,PHI,Full Game,LAC,A,25,134.0,5.36
2025_14_PIT_BAL,14,PIT,Full Game,BAL,A,17,34.0,2.0
2025_14_SEA_ATL,14,SEA,Full Game,ATL,A,26,129.0,4.961538461538462
2025_14_TEN_CLE,14,TEN,Full Game,CLE,A,35,184.0,5.257142857142857
2025_14_WAS_MIN,14,WAS,Full Game,MIN,A,23,107.0,4.6521739130434785
2025_15_ARI_HOU,15,ARI,Full Game,HOU,A,21,72.0,3.4285714285714284
2025_15_ATL_TB,15,ATL,Full Game,TB,A,21,111.0,5.285714285714286
2025_15_BAL_CIN,15,BAL,Full Game,CIN,A,24,189.0,7.875
2025_15_BUF_NE,15,BUF,Full Game,NE,A,37,168.0,4.54054054054054
2025_15_CAR_NO,15,CAR,Full Game,NO,A,31,127.0,4.096774193548387
2025_15_CLE_CHI,15,CLE,Full Game,CHI,A,16,50.0,3.125
2025_15_DET_LA,15,DET,Full Game,LA,A,20,70.0,3.5
2025_15_GB_DEN,15,GB,Full Game,DEN,A,20,115.0,5.75
2025_15_IND_SEA,15,IND,Full Game,SEA,A,30,102.0,3.4
2025_15_LAC_KC,15,LAC,Full Game,KC,A,29,94.0,3.2413793103448274
2025_15_LV_PHI,15,LV,Full Game,PHI,A,13,46.0,3.5384615384615383
2025_15_MIA_PIT,15,MIA,Full Game,PIT,A,16,63.0,3.9375
2025_15_MIN_DAL,15,MIN,Full Game,DAL,A,28,77.0,2.75
2025_15_NYJ_JAX,15,NYJ,Full Game,JAX,A,32,130.0,4.0625
2025_15_TEN_SF,15,TEN,Full Game,SF,A,20,136.0,6.8
2025_15_WAS_NYG,15,WAS,Full Game,NYG,A,37,145.0,3.918918918918919
2025_16_ATL_ARI,16,ATL,Full Game,ARI,A,37,152.0,4.108108108108108
2025_16_BUF_CLE,16,BUF,Full Game,CLE,A,29,164.0,5.655172413793103
2025_16_CIN_MIA,16,CIN,Full Game,MIA,A,26,105.0,4.038461538461538
2025_16_GB_CHI,16,GB,Full Game,CHI,A,44,192.0,4.363636363636363
2025_16_JAX_DEN,16,JAX,Full Game,DEN,A,27,81.0,3.0
2025_16_KC_TEN,16,KC,Full Game,TEN,A,15,51.0,3.4
2025_16_LAC_DAL,16,LAC,Full Game,DAL,A,33,152.0,4.606060606060606
2025_16_LA_SEA,16,LA,Full Game,SEA,A,39,124.0,3.1794871794871793
2025_16_LV_HOU,16,LV,Full Game,HOU,A,27,145.0,5.37037037037037
2025_16_MIN_NYG,16,MIN,Full Game,NYG,A,31,114.0,3.6774193548387095
2025_16_NE_BAL,16,NE,Full Game,BAL,A,23,79.0,3.4347826086956523
2025_16_NYJ_NO,16,NYJ,Full Game,NO,A,20,64.0,3.2
2025_16_PHI_WAS,16,PHI,Full Game,WAS,A,34,207.0,6.088235294117647
2025_16_PIT_DET,16,PIT,Full Game,DET,A,27,230.0,8.518518518518519
2025_16_SF_IND,16,SF,Full Game,IND,A,31,145.0,4.67741935483871
2025_16_TB_CAR,16,TB,Full Game,CAR,A,33,169.0,5.121212121212121
2025_17_ARI_CIN,17,ARI,Full Game,CIN,A,13,42.0,3.230769230769231
2025_17_BAL_GB,17,BAL,Full Game,GB,A,53,307.0,5.7924528301886795
2025_17_CHI_SF,17,CHI,Full Game,SF,A,22,110.0,5.0
2025_17_DAL_WAS,17,DAL,Full Game,WAS,A,44,211.0,4.795454545454546
2025_17_DEN_KC,17,DEN,Full Game,KC,A,32,128.0,4.0
2025_17_DET_MIN,17,DET,Full Game,MIN,A,30,68.0,2.2666666666666666
2025_17_HOU_LAC,17,HOU,Full Game,LAC,A,34,118.0,3.4705882352941178
2025_17_JAX_IND,17,JAX,Full Game,IND,A,29,121.0,4.172413793103448
2025_17_LA_ATL,17,LA,Full Game,ATL,A,20,115.0,5.75
2025_17_NE_NYJ,17,NE,Full Game,NYJ,A,36,155.0,4.305555555555555
2025_17_NO_TEN,17,NO,Full Game,TEN,A,23,103.0,4.478260869565218
2025_17_NYG_LV,17,NYG,Full Game,LV,A,31,155.0,5.0
2025_17_PHI_BUF,17,PHI,Full Game,BUF,A,26,82.0,3.1538461538461537
2025_17_PIT_CLE,17,PIT,Full Game,CLE,A,24,131.0,5.458333333333333
2025_17_SEA_CAR,17,SEA,Full Game,CAR,A,36,163.0,4.527777777777778
2025_17_TB_MIA,17,TB,Full Game,MIA,A,16,53.0,3.3125
2025_18_ARI_LA,18,ARI,Full Game,LA,A,15,79.0,5.266666666666667
2025_18_BAL_PIT,18,BAL,Full Game,PIT,A,27,137.0,5.074074074074074
2025_18_CAR_TB,18,CAR,Full Game,TB,A,14,19.0,1.3571428571428572
2025_18_CLE_CIN,18,CLE,Full Game,CIN,A,24,118.0,4.916666666666667
2025_18_DAL_NYG,18,DAL,Full Game,NYG,A,30,143.0,4.766666666666667
2025_18_DET_CHI,18,DET,Full Game,CHI,A,27,122.0,4.518518518518518
2025_18_GB_MIN,18,GB,Full Game,MIN,A,35,128.0,3.657142857142857
2025_18_IND_HOU,18,IND,Full Game,HOU,A,28,76.0,2.7142857142857144
2025_18_KC_LV,18,KC,Full Game,LV,A,23,84.0,3.652173913043478
2025_18_LAC_DEN,18,LAC,Full Game,DEN,A,21,113.0,5.380952380952381
2025_18_MIA_NE,18,MIA,Full Game,NE,A,25,63.0,2.52
2025_18_NO_ATL,18,NO,Full Game,ATL,A,26,108.0,4.153846153846154
2025_18_NYJ_BUF,18,NYJ,Full Game,BUF,A,23,69.0,3.0
2025_18_SEA_SF,18,SEA,Full Game,SF,A,39,180.0,4.615384615384615
2025_18_TEN_JAX,18,TEN,Full Game,JAX,A,19,77.0,4.052631578947368
2025_18_WAS_PHI,18,WAS,Full Game,PHI,A,41,143.0,3.4878048780487805
