team,window,rush_yds_games,rush_yds_mean,rush_yds_median,rush_yds_std,rush_yds_min,rush_yds_p25,rush_yds_p75,rush_yds_max,rush_yds_hit_20,rush_yds_hit_25,rush_yds_hit_30,rush_yds_hit_35,rush_yds_hit_40,rush_att_mean,rush_att_median,ypc_mean,rush_yds_hit_45,rush_yds_hit_55,rush_yds_hit_65,rush_yds_hit_75,rush_yds_hit_50,rush_yds_hit_60,rush_yds_hit_70,rush_yds_hit_80,rush_yds_hit_100,rush_yds_hit_120
ARI,Q1,17,22.529411764705884,21.0,11.852612752711696,5.0,14.0,31.0,46.0,0.5882352941176471,0.4117647058823529,0.29411764705882354,0.17647058823529413,0.11764705882352941,5.647058823529412,5.0,3.9895833333333335,,,,,,,,,,
ATL,Q1,17,29.470588235294116,31.0,18.39155064011996,1.0,15.0,36.0,65.0,0.7058823529411765,0.5882352941176471,0.5294117647058824,0.35294117647058826,0.23529411764705882,6.588235294117647,7.0,4.473214285714286,,,,,,,,,,
BAL,Q1,17,37.470588235294116,38.0,27.4507422958862,-2.0,14.0,48.0,93.0,0.5882352941176471,0.5882352941176471,0.5882352941176471,0.5882352941176471,0.47058823529411764,7.647058823529412,6.0,4.9,,,,,,,,,,
BUF,Q1,17,43.05882352941177,42.0,24.99993079575197,11.0,19.0,67.0,80.0,0.7058823529411765,0.6470588235294118,0.5882352941176471,0.5294117647058824,0.5294117647058824,7.0,6.0,6.151260504201681,,,,,,,,,,
CAR,Q1,17,29.176470588235293,29.0,17.50709198856834,0.0,16.0,40.0,67.0,0.6470588235294118,0.6470588235294118,0.47058823529411764,0.47058823529411764,0.29411764705882354,6.764705882352941,7.0,4.3130434782608695,,,,,,,,,,
CHI,Q1,17,32.35294117647059,31.0,22.632462828919483,-1.0,18.0,40.0,84.0,0.7058823529411765,0.6470588235294118,0.5294117647058824,0.4117647058823529,0.35294117647058826,7.117647058823529,7.0,4.545454545454546,,,,,,,,,,
CIN,Q1,17,24.58823529411765,23.0,15.173734363460827,-3.0,15.0,29.0,63.0,0.5882352941176471,0.4117647058823529,0.23529411764705882,0.17647058823529413,0.17647058823529413,6.235294117647059,7.0,3.943396226415094,,,,,,,,,,
CLE,Q1,17,23.11764705882353,18.0,15.612522699804252,-2.0,14.0,34.0,54.0,0.47058823529411764,0.47058823529411764,0.35294117647058826,0.17647058823529413,0.11764705882352941,6.294117647058823,6.0,3.6728971962616823,,,,,,,,,,
DAL,Q1,17,33.94117647058823,29.0,20.743448542598852,5.0,20.0,44.0,78.0,0.7647058823529411,0.6470588235294118,0.47058823529411764,0.4117647058823529,0.35294117647058826,7.176470588235294,7.0,4.729508196721311,,,,,,,,,,
DEN,Q1,17,26.705882352941178,18.0,19.628205113717332,2.0,15.0,31.0,75.0,0.47058823529411764,0.4117647058823529,0.29411764705882354,0.23529411764705882,0.17647058823529413,5.823529411764706,6.0,4.585858585858586,,,,,,,,,,
DET,Q1,17,23.41176470588235,21.0,8.015124112131513,13.0,18.0,28.0,44.0,0.5882352941176471,0.4117647058823529,0.11764705882352941,0.11764705882352941,0.058823529411764705,6.411764705882353,5.0,3.6513761467889907,,,,,,,,,,
GB,Q1,17,28.235294117647058,23.0,21.23407198699272,0.0,15.0,33.0,84.0,0.5294117647058824,0.47058823529411764,0.35294117647058826,0.23529411764705882,0.23529411764705882,6.882352941176471,7.0,4.102564102564102,,,,,,,,,,
HOU,Q1,17,19.941176470588236,19.0,14.288912148257573,3.0,6.0,29.0,54.0,0.4117647058823529,0.29411764705882354,0.17647058823529413,0.17647058823529413,0.11764705882352941,6.352941176470588,6.0,3.138888888888889,,,,,,,,,,
IND,Q1,17,30.41176470588235,24.0,22.85261942388382,4.0,13.0,42.0,77.0,0.5882352941176471,0.47058823529411764,0.4117647058823529,0.35294117647058826,0.29411764705882354,6.588235294117647,7.0,4.616071428571429,,,,,,,,,,
JAX,Q1,17,23.176470588235293,18.0,18.34709559998577,4.0,7.0,31.0,71.0,0.47058823529411764,0.4117647058823529,0.29411764705882354,0.17647058823529413,0.17647058823529413,5.823529411764706,6.0,3.9797979797979797,,,,,,,,,,
KC,Q1,17,25.235294117647058,21.0,13.989615525830352,7.0,17.0,30.0,66.0,0.5294117647058824,0.4117647058823529,0.29411764705882354,0.23529411764705882,0.11764705882352941,5.764705882352941,5.0,4.377551020408164,,,,,,,,,,
LA,Q1,17,35.1764705882353,27.0,22.72918645607487,8.0,15.0,50.0,79.0,0.6470588235294118,0.5294117647058824,0.47058823529411764,0.47058823529411764,0.4117647058823529,6.470588235294118,6.0,5.4363636363636365,,,,,,,,,,
LAC,Q1,17,25.941176470588236,26.0,16.621993184917578,3.0,14.0,29.0,69.0,0.6470588235294118,0.5294117647058824,0.23529411764705882,0.17647058823529413,0.11764705882352941,6.352941176470588,6.0,4.083333333333333,,,,,,,,,,
LV,Q1,17,20.705882352941178,18.0,15.414907627443952,-1.0,9.0,28.0,58.0,0.47058823529411764,0.35294117647058826,0.23529411764705882,0.17647058823529413,0.11764705882352941,5.235294117647059,5.0,3.955056179775281,,,,,,,,,,
MIA,Q1,17,38.64705882352941,32.0,24.482745848671826,5.0,21.0,54.0,96.0,0.7647058823529411,0.7058823529411765,0.5882352941176471,0.47058823529411764,0.47058823529411764,6.0,7.0,6.4411764705882355,,,,,,,,,,
MIN,Q1,17,22.176470588235293,21.0,12.368057977366046,1.0,16.0,29.0,46.0,0.5882352941176471,0.35294117647058826,0.23529411764705882,0.17647058823529413,0.11764705882352941,6.0588235294117645,6.0,3.6601941747572817,,,,,,,,,,
NE,Q1,17,40.8235294117647,32.0,27.231545924269625,11.0,19.0,57.0,108.0,0.7058823529411765,0.5882352941176471,0.5294117647058824,0.4117647058823529,0.4117647058823529,7.647058823529412,7.0,5.338461538461538,,,,,,,,,,
NO,Q1,17,20.11764705882353,18.0,16.291038146030857,-1.0,10.0,27.0,71.0,0.47058823529411764,0.29411764705882354,0.23529411764705882,0.058823529411764705,0.058823529411764705,5.529411764705882,5.0,3.6382978723404253,,,,,,,,,,
NYG,Q1,17,27.11764705882353,22.0,15.818389718526891,-3.0,17.0,39.0,60.0,0.6470588235294118,0.47058823529411764,0.4117647058823529,0.29411764705882354,0.23529411764705882,6.235294117647059,6.0,4.349056603773585,,,,,,,,,,
NYJ,Q1,17,26.176470588235293,17.0,20.338995562328765,2.0,11.0,33.0,76.0,0.47058823529411764,0.47058823529411764,0.35294117647058826,0.23529411764705882,0.23529411764705882,6.529411764705882,6.0,4.009009009009009,,,,,,,,,,
PHI,Q1,17,37.1764705882353,32.0,21.423558484329533,18.0,23.0,40.0,112.0,0.9411764705882353,0.7058823529411765,0.5882352941176471,0.47058823529411764,0.35294117647058826,6.647058823529412,7.0,5.592920353982301,,,,,,,,,,
PIT,Q1,17,24.294117647058822,17.0,16.394994594414023,3.0,13.0,43.0,55.0,0.47058823529411764,0.35294117647058826,0.29411764705882354,0.29411764705882354,0.29411764705882354,5.823529411764706,6.0,4.171717171717172,,,,,,,,,,
SEA,Q1,17,28.294117647058822,19.0,20.769787746748467,5.0,14.0,37.0,88.0,0.47058823529411764,0.47058823529411764,0.47058823529411764,0.35294117647058826,0.17647058823529413,6.0,6.0,4.715686274509804,,,,,,,,,,
SF,Q1,17,26.823529411764707,27.0,23.083570154390426,1.0,11.0,29.0,94.0,0.5294117647058824,0.5294117647058824,0.23529411764705882,0.23529411764705882,0.23529411764705882,6.117647058823529,6.0,4.384615384615385,,,,,,,,,,
TB,Q1,17,29.176470588235293,31.0,12.22935376156915,7.0,21.0,34.0,51.0,0.8235294117647058,0.6470588235294118,0.5294117647058824,0.23529411764705882,0.23529411764705882,6.764705882352941,7.0,4.3130434782608695,,,,,,,,,,
TEN,Q1,17,26.294117647058822,23.0,20.72158495494451,1.0,12.0,35.0,92.0,0.5882352941176471,0.47058823529411764,0.4117647058823529,0.29411764705882354,0.11764705882352941,5.764705882352941,5.0,4.561224489795919,,,,,,,,,,
WAS,Q1,17,31.058823529411764,30.0,17.857180425071704,3.0,20.0,39.0,80.0,0.7647058823529411,0.6470588235294118,0.5294117647058824,0.4117647058823529,0.23529411764705882,6.647058823529412,7.0,4.672566371681416,,,,,,,,,,
ARI,1H,17,42.411764705882355,39.0,17.519934271732104,18.0,31.0,51.0,95.0,,,,0.6470588235294118,,11.235294117647058,12.0,3.774869109947644,0.35294117647058826,0.17647058823529413,0.058823529411764705,0.058823529411764705,,,,,,
ATL,1H,17,71.17647058823529,66.0,40.72610854175755,10.0,38.0,94.0,168.0,,,,0.7647058823529411,,13.588235294117647,13.0,5.238095238095238,0.7058823529411765,0.6470588235294118,0.5294117647058824,0.4117647058823529,,,,,,
BAL,1H,17,71.88235294117646,68.0,44.94425613100689,14.0,44.0,76.0,175.0,,,,0.7647058823529411,,14.529411764705882,12.0,4.947368421052632,0.7058823529411765,0.6470588235294118,0.5882352941176471,0.29411764705882354,,,,,,
BUF,1H,17,79.17647058823529,72.0,38.057596125312095,23.0,54.0,90.0,158.0,,,,0.8823529411764706,,13.823529411764707,12.0,5.727659574468085,0.8823529411764706,0.7058823529411765,0.5882352941176471,0.4117647058823529,,,,,,
CAR,1H,17,57.88235294117647,57.0,24.873520891150317,5.0,49.0,79.0,92.0,,,,0.8235294117647058,,12.941176470588236,13.0,4.472727272727273,0.7647058823529411,0.5882352941176471,0.4117647058823529,0.29411764705882354,,,,,,
CHI,1H,17,67.23529411764706,63.0,33.90736413466186,2.0,48.0,80.0,142.0,,,,0.8823529411764706,,14.294117647058824,14.0,4.703703703703703,0.8235294117647058,0.7058823529411765,0.47058823529411764,0.29411764705882354,,,,,,
CIN,1H,17,51.529411764705884,39.0,24.657936670176802,25.0,34.0,64.0,104.0,,,,0.7058823529411765,,11.529411764705882,11.0,4.469387755102041,0.47058823529411764,0.35294117647058826,0.23529411764705882,0.17647058823529413,,,,,,
CLE,1H,17,44.64705882352941,34.0,25.397872019407195,8.0,26.0,62.0,94.0,,,,0.47058823529411764,,12.411764705882353,12.0,3.5971563981042656,0.47058823529411764,0.35294117647058826,0.23529411764705882,0.11764705882352941,,,,,,
DAL,1H,17,64.41176470588235,61.0,30.47478962631516,16.0,50.0,72.0,128.0,,,,0.8235294117647058,,13.470588235294118,13.0,4.781659388646288,0.7647058823529411,0.5294117647058824,0.47058823529411764,0.23529411764705882,,,,,,
DEN,1H,17,47.94117647058823,48.0,23.934888609173928,11.0,29.0,62.0,95.0,,,,0.6470588235294118,,11.235294117647058,11.0,4.267015706806283,0.5294117647058824,0.29411764705882354,0.23529411764705882,0.17647058823529413,,,,,,
DET,1H,17,57.470588235294116,48.0,28.722030173736645,18.0,37.0,83.0,118.0,,,,0.7647058823529411,,13.529411764705882,14.0,4.247826086956522,0.5882352941176471,0.4117647058823529,0.29411764705882354,0.29411764705882354,,,,,,
GB,1H,17,51.529411764705884,56.0,27.797836663729626,11.0,31.0,70.0,106.0,,,,0.6470588235294118,,13.176470588235293,14.0,3.9107142857142856,0.5294117647058824,0.5294117647058824,0.29411764705882354,0.23529411764705882,,,,,,
HOU,1H,17,52.705882352941174,50.0,19.216306512599115,20.0,41.0,64.0,99.0,,,,0.8823529411764706,,13.411764705882353,15.0,3.9298245614035086,0.5882352941176471,0.35294117647058826,0.23529411764705882,0.11764705882352941,,,,,,
IND,1H,17,50.64705882352941,50.0,23.131188968883265,19.0,30.0,72.0,104.0,,,,0.6470588235294118,,12.705882352941176,12.0,3.986111111111111,0.5294117647058824,0.35294117647058826,0.35294117647058826,0.11764705882352941,,,,,,
JAX,1H,17,59.1764705882353,52.0,31.14904454037951,11.0,34.0,78.0,134.0,,,,0.7058823529411765,,11.882352941176471,13.0,4.98019801980198,0.5882352941176471,0.47058823529411764,0.4117647058823529,0.4117647058823529,,,,,,
KC,1H,17,57.8235294117647,54.0,17.23960997961192,36.0,43.0,70.0,97.0,,,,1.0,,12.294117647058824,12.0,4.70334928229665,0.7058823529411765,0.47058823529411764,0.29411764705882354,0.11764705882352941,,,,,,
LA,1H,17,62.470588235294116,63.0,27.20535770559309,24.0,39.0,79.0,115.0,,,,0.8235294117647058,,12.705882352941176,13.0,4.916666666666667,0.6470588235294118,0.5294117647058824,0.47058823529411764,0.4117647058823529,,,,,,
LAC,1H,17,52.05882352941177,53.0,20.532529680643474,10.0,38.0,60.0,98.0,,,,0.8235294117647058,,12.235294117647058,12.0,4.2548076923076925,0.5882352941176471,0.4117647058823529,0.23529411764705882,0.17647058823529413,,,,,,
LV,1H,17,42.411764705882355,35.0,29.34793072879728,6.0,24.0,50.0,138.0,,,,0.5294117647058824,,10.705882352941176,10.0,3.9615384615384617,0.35294117647058826,0.17647058823529413,0.11764705882352941,0.11764705882352941,,,,,,
MIA,1H,17,71.3529411764706,66.0,32.884720529307494,14.0,52.0,88.0,153.0,,,,0.8823529411764706,,12.823529411764707,12.0,5.564220183486238,0.8235294117647058,0.7058823529411765,0.6470588235294118,0.47058823529411764,,,,,,
MIN,1H,17,45.588235294117645,48.0,22.56248532286806,10.0,28.0,63.0,86.0,,,,0.7058823529411765,,12.117647058823529,12.0,3.762135922330097,0.5294117647058824,0.35294117647058826,0.23529411764705882,0.11764705882352941,,,,,,
NE,1H,17,74.23529411764706,62.0,41.50482524997716,22.0,44.0,102.0,177.0,,,,0.8235294117647058,,15.176470588235293,15.0,4.891472868217054,0.7058823529411765,0.5882352941176471,0.47058823529411764,0.29411764705882354,,,,,,
NO,1H,17,43.411764705882355,45.0,25.26112759704223,14.0,21.0,51.0,118.0,,,,0.5882352941176471,,12.470588235294118,13.0,3.481132075471698,0.5294117647058824,0.23529411764705882,0.11764705882352941,0.11764705882352941,,,,,,
NYG,1H,17,57.05882352941177,52.0,21.97450551738455,23.0,38.0,75.0,95.0,,,,0.8235294117647058,,13.705882352941176,13.0,4.163090128755365,0.5882352941176471,0.47058823529411764,0.47058823529411764,0.35294117647058826,,,,,,
NYJ,1H,17,61.470588235294116,55.0,25.230974537749578,28.0,46.0,72.0,115.0,,,,0.8235294117647058,,14.411764705882353,14.0,4.26530612244898,0.7647058823529411,0.5294117647058824,0.4117647058823529,0.17647058823529413,,,,,,
PHI,1H,17,65.88235294117646,68.0,31.321637612024084,26.0,41.0,76.0,147.0,,,,0.7647058823529411,,13.823529411764707,13.0,4.76595744680851,0.6470588235294118,0.5882352941176471,0.5294117647058824,0.4117647058823529,,,,,,
PIT,1H,17,49.588235294117645,40.0,26.773689507182038,22.0,32.0,65.0,125.0,,,,0.5882352941176471,,11.647058823529411,12.0,4.257575757575758,0.4117647058823529,0.29411764705882354,0.29411764705882354,0.17647058823529413,,,,,,
SEA,1H,17,53.1764705882353,50.0,28.826530456013746,3.0,39.0,77.0,115.0,,,,0.7647058823529411,,13.294117647058824,13.0,4.0,0.6470588235294118,0.4117647058823529,0.29411764705882354,0.29411764705882354,,,,,,
SF,1H,17,54.11764705882353,48.0,37.42896386009287,9.0,31.0,61.0,173.0,,,,0.7058823529411765,,12.941176470588236,13.0,4.181818181818182,0.5882352941176471,0.29411764705882354,0.23529411764705882,0.17647058823529413,,,,,,
TB,1H,17,58.94117647058823,59.0,28.166460213680704,18.0,42.0,70.0,136.0,,,,0.8235294117647058,,14.176470588235293,13.0,4.157676348547718,0.7058823529411765,0.5294117647058824,0.35294117647058826,0.23529411764705882,,,,,,
TEN,1H,17,53.35294117647059,49.0,22.803356761336147,13.0,39.0,63.0,121.0,,,,0.8823529411764706,,12.235294117647058,12.0,4.360576923076923,0.6470588235294118,0.4117647058823529,0.23529411764705882,0.058823529411764705,,,,,,
WAS,1H,17,67.05882352941177,59.0,32.90891277135098,34.0,46.0,76.0,174.0,,,,0.9411764705882353,,13.823529411764707,14.0,4.851063829787234,0.7647058823529411,0.5882352941176471,0.4117647058823529,0.35294117647058826,,,,,,
ARI,Full Game,17,93.11764705882354,89.0,35.93929907487178,36.0,72.0,119.0,168.0,,,,,,21.529411764705884,22.0,4.325136612021858,,,,,0.8823529411764706,0.7647058823529411,0.7647058823529411,0.6470588235294118,0.35294117647058826,0.23529411764705882
ATL,Full Game,17,125.76470588235294,125.0,54.17675799885441,45.0,71.0,152.0,219.0,,,,,,28.058823529411764,29.0,4.482180293501048,,,,,0.8823529411764706,0.8823529411764706,0.7647058823529411,0.7058823529411765,0.7058823529411765,0.6470588235294118
BAL,Full Game,17,156.58823529411765,166.0,64.70754008571673,44.0,123.0,184.0,307.0,,,,,,29.823529411764707,30.0,5.2504930966469425,,,,,0.8823529411764706,0.8823529411764706,0.8823529411764706,0.8823529411764706,0.7647058823529411,0.7647058823529411
BUF,Full Game,17,159.64705882352942,157.0,48.00482963015356,87.0,120.0,183.0,249.0,,,,,,32.1764705882353,31.0,4.961608775137112,,,,,1.0,1.0,1.0,1.0,0.8823529411764706,0.7647058823529411
CAR,Full Game,17,116.29411764705883,113.0,54.73547586656299,19.0,73.0,129.0,239.0,,,,,,27.11764705882353,28.0,4.288503253796096,,,,,0.8823529411764706,0.8823529411764706,0.7647058823529411,0.7058823529411765,0.6470588235294118,0.4117647058823529
CHI,Full Game,17,144.47058823529412,138.0,62.47457614389922,65.0,99.0,150.0,283.0,,,,,,29.705882352941178,27.0,4.863366336633663,,,,,1.0,1.0,0.8823529411764706,0.8823529411764706,0.7058823529411765,0.5882352941176471
CIN,Full Game,17,93.58823529411765,100.0,40.34565188837055,46.0,53.0,120.0,181.0,,,,,,22.41176470588235,23.0,4.175853018372703,,,,,0.8235294117647058,0.6470588235294118,0.5882352941176471,0.5882352941176471,0.5294117647058824,0.35294117647058826
CLE,Full Game,17,97.0,96.0,35.6155947337019,49.0,65.0,118.0,160.0,,,,,,24.764705882352942,25.0,3.9168646080760094,,,,,0.9411764705882353,0.8823529411764706,0.6470588235294118,0.5294117647058824,0.47058823529411764,0.23529411764705882
DAL,Full Game,17,125.6470588235294,123.0,37.22576776195661,31.0,114.0,138.0,211.0,,,,,,27.352941176470587,28.0,4.593548387096774,,,,,0.9411764705882353,0.9411764705882353,0.9411764705882353,0.9411764705882353,0.8235294117647058,0.5882352941176471
DEN,Full Game,17,118.70588235294117,118.0,34.34901266820164,59.0,89.0,142.0,186.0,,,,,,26.823529411764707,27.0,4.425438596491228,,,,,1.0,0.9411764705882353,0.9411764705882353,0.8823529411764706,0.7058823529411765,0.4117647058823529
DET,Full Game,17,120.05882352941177,109.0,63.48086380322933,15.0,70.0,164.0,237.0,,,,,,26.0,27.0,4.617647058823529,,,,,0.8823529411764706,0.8823529411764706,0.7647058823529411,0.6470588235294118,0.5882352941176471,0.35294117647058826
GB,Full Game,17,119.82352941176471,117.0,30.799609038996213,78.0,94.0,135.0,192.0,,,,,,28.941176470588236,27.0,4.140243902439025,,,,,1.0,1.0,1.0,0.8823529411764706,0.7058823529411765,0.47058823529411764
HOU,Full Game,17,108.94117647058823,108.0,30.58348379385282,56.0,83.0,130.0,167.0,,,,,,27.941176470588236,28.0,3.8989473684210525,,,,,1.0,0.9411764705882353,0.9411764705882353,0.8235294117647058,0.5882352941176471,0.35294117647058826
IND,Full Game,17,118.05882352941177,96.0,62.6563649536434,55.0,76.0,150.0,323.0,,,,,,26.0,25.0,4.540723981900452,,,,,1.0,0.8823529411764706,0.8235294117647058,0.7058823529411765,0.47058823529411764,0.4117647058823529
JAX,Full Game,17,115.05882352941177,108.0,40.28497105290711,59.0,86.0,139.0,200.0,,,,,,28.764705882352942,27.0,4.0,,,,,1.0,0.9411764705882353,0.8823529411764706,0.8235294117647058,0.5882352941176471,0.4117647058823529
KC,Full Game,17,106.58823529411765,112.0,33.76398851461754,49.0,82.0,126.0,158.0,,,,,,25.294117647058822,23.0,4.213953488372093,,,,,0.9411764705882353,0.8823529411764706,0.8235294117647058,0.7647058823529411,0.5882352941176471,0.35294117647058826
LA,Full Game,17,126.58823529411765,124.0,44.76482182871279,70.0,89.0,152.0,249.0,,,,,,27.352941176470587,26.0,4.627956989247312,,,,,1.0,1.0,1.0,0.7647058823529411,0.7058823529411765,0.5294117647058824
LAC,Full Game,17,121.58823529411765,115.0,45.26270874316036,42.0,90.0,152.0,207.0,,,,,,27.41176470588235,27.0,4.435622317596566,,,,,0.9411764705882353,0.8823529411764706,0.8823529411764706,0.8235294117647058,0.6470588235294118,0.47058823529411764
LV,Full Game,17,77.47058823529412,63.0,51.51483812177616,25.0,46.0,93.0,240.0,,,,,,21.705882352941178,21.0,3.569105691056911,,,,,0.7058823529411765,0.5882352941176471,0.35294117647058826,0.29411764705882354,0.23529411764705882,0.11764705882352941
MIA,Full Game,17,120.23529411764706,129.0,53.93081560640742,19.0,78.0,145.0,239.0,,,,,,25.41176470588235,25.0,4.731481481481482,,,,,0.9411764705882353,0.9411764705882353,0.7647058823529411,0.7058823529411765,0.5882352941176471,0.5882352941176471
MIN,Full Game,17,108.29411764705883,114.0,36.58795157824556,34.0,78.0,137.0,169.0,,,,,,24.11764705882353,23.0,4.490243902439024,,,,,0.9411764705882353,0.9411764705882353,0.8823529411764706,0.7058823529411765,0.5294117647058824,0.4117647058823529
NE,Full Game,17,128.88235294117646,119.0,55.69125219398695,60.0,79.0,166.0,246.0,,,,,,29.058823529411764,29.0,4.435222672064778,,,,,1.0,1.0,0.8823529411764706,0.7058823529411765,0.7058823529411765,0.4117647058823529
NO,Full Game,17,94.29411764705883,84.0,34.60493794393809,44.0,79.0,108.0,189.0,,,,,,25.58823529411765,26.0,3.685057471264368,,,,,0.8823529411764706,0.8235294117647058,0.8235294117647058,0.6470588235294118,0.4117647058823529,0.23529411764705882
NYG,Full Game,17,129.11764705882354,130.0,30.745410662676292,68.0,117.0,155.0,172.0,,,,,,30.058823529411764,30.0,4.295499021526418,,,,,1.0,1.0,0.9411764705882353,0.8823529411764706,0.8235294117647058,0.6470588235294118
NYJ,Full Game,17,123.29411764705883,110.0,51.092493642162296,64.0,81.0,144.0,254.0,,,,,,26.823529411764707,28.0,4.5964912280701755,,,,,1.0,1.0,0.8235294117647058,0.7647058823529411,0.5882352941176471,0.47058823529411764
PHI,Full Game,17,116.94117647058823,88.0,60.022025945613635,45.0,80.0,148.0,276.0,,,,,,28.11764705882353,27.0,4.158995815899582,,,,,0.8823529411764706,0.8823529411764706,0.8235294117647058,0.7647058823529411,0.47058823529411764,0.4117647058823529
PIT,Full Game,17,103.29411764705883,100.0,51.23161329386418,34.0,64.0,131.0,230.0,,,,,,23.941176470588236,24.0,4.314496314496314,,,,,0.8823529411764706,0.7647058823529411,0.7058823529411765,0.5882352941176471,0.5294117647058824,0.35294117647058826
SEA,Full Game,17,123.29411764705883,122.0,40.19623146790571,50.0,88.0,155.0,198.0,,,,,,29.823529411764707,29.0,4.134122287968442,,,,,1.0,0.9411764705882353,0.8823529411764706,0.8823529411764706,0.7058823529411765,0.5294117647058824
SF,Full Game,17,106.88235294117646,91.0,44.19060633869278,48.0,74.0,145.0,200.0,,,,,,28.294117647058822,31.0,3.7775467775467777,,,,,0.9411764705882353,0.8823529411764706,0.8235294117647058,0.5882352941176471,0.4117647058823529,0.35294117647058826
TB,Full Game,17,114.52941176470588,104.0,44.28001494109268,41.0,88.0,140.0,202.0,,,,,,27.764705882352942,27.0,4.125,,,,,0.9411764705882353,0.8235294117647058,0.8235294117647058,0.8235294117647058,0.6470588235294118,0.4117647058823529
TEN,Full Game,17,93.47058823529412,82.0,37.29866366800136,39.0,67.0,109.0,184.0,,,,,,22.235294117647058,21.0,4.203703703703703,,,,,0.9411764705882353,0.8823529411764706,0.7058823529411765,0.5294117647058824,0.35294117647058826,0.17647058823529413
WAS,Full Game,17,134.7058823529412,143.0,43.368143236145876,51.0,107.0,157.0,220.0,,,,,,28.470588235294116,28.0,4.731404958677686,,,,,1.0,0.9411764705882353,0.8823529411764706,0.8823529411764706,0.7647058823529411,0.7058823529411765
