defense,window,rush_yds_allowed_games,rush_yds_allowed_mean,rush_yds_allowed_median,rush_yds_allowed_std,rush_yds_allowed_min,rush_yds_allowed_p25,rush_yds_allowed_p75,rush_yds_allowed_max,rush_yds_allowed_hit_20,rush_yds_allowed_hit_25,rush_yds_allowed_hit_30,rush_yds_allowed_hit_35,rush_yds_allowed_hit_40,rush_att_allowed_mean,ypc_allowed,rush_yds_allowed_hit_45,rush_yds_allowed_hit_55,rush_yds_allowed_hit_65,rush_yds_allowed_hit_75,rush_yds_allowed_hit_50,rush_yds_allowed_hit_60,rush_yds_allowed_hit_70,rush_yds_allowed_hit_80,rush_yds_allowed_hit_100,rush_yds_allowed_hit_120
ARI,Q1,17,28.470588235294116,29.0,20.488497912555786,1.0,13.0,36.0,78.0,0.5882352941176471,0.5882352941176471,0.47058823529411764,0.29411764705882354,0.11764705882352941,6.235294117647059,4.566037735849057,,,,,,,,,,
ATL,Q1,17,29.705882352941178,27.0,17.42805279488943,1.0,17.0,40.0,77.0,0.6470588235294118,0.5882352941176471,0.4117647058823529,0.35294117647058826,0.35294117647058826,5.9411764705882355,5.0,,,,,,,,,,
BAL,Q1,17,21.235294117647058,18.0,14.14433751495715,0.0,15.0,30.0,54.0,0.47058823529411764,0.4117647058823529,0.29411764705882354,0.11764705882352941,0.11764705882352941,6.0,3.5392156862745097,,,,,,,,,,
BUF,Q1,17,36.529411764705884,30.0,21.390260694885317,2.0,20.0,52.0,82.0,0.7647058823529411,0.6470588235294118,0.5294117647058824,0.47058823529411764,0.4117647058823529,7.588235294117647,4.813953488372093,,,,,,,,,,
CAR,Q1,17,33.76470588235294,30.0,19.20333736854002,5.0,20.0,50.0,79.0,0.7647058823529411,0.6470588235294118,0.5294117647058824,0.35294117647058826,0.35294117647058826,6.235294117647059,5.415094339622642,,,,,,,,,,
CHI,Q1,17,31.764705882352942,22.0,23.33522813199645,-3.0,21.0,41.0,94.0,0.7647058823529411,0.47058823529411764,0.35294117647058826,0.35294117647058826,0.35294117647058826,6.470588235294118,4.909090909090909,,,,,,,,,,
CIN,Q1,17,30.941176470588236,26.0,21.055865714067853,6.0,14.0,44.0,81.0,0.6470588235294118,0.5294117647058824,0.35294117647058826,0.35294117647058826,0.35294117647058826,6.529411764705882,4.738738738738738,,,,,,,,,,
CLE,Q1,17,35.411764705882355,29.0,25.784306270035454,-2.0,14.0,53.0,92.0,0.7058823529411765,0.5294117647058824,0.47058823529411764,0.47058823529411764,0.4117647058823529,6.647058823529412,5.327433628318584,,,,,,,,,,
DAL,Q1,17,26.235294117647058,21.0,22.79455407551835,-1.0,5.0,42.0,71.0,0.5294117647058824,0.4117647058823529,0.35294117647058826,0.29411764705882354,0.29411764705882354,5.470588235294118,4.795698924731183,,,,,,,,,,
DEN,Q1,17,21.705882352941178,23.0,9.047357143402532,10.0,16.0,26.0,43.0,0.5294117647058824,0.35294117647058826,0.17647058823529413,0.11764705882352941,0.058823529411764705,6.117647058823529,3.548076923076923,,,,,,,,,,
DET,Q1,17,25.235294117647058,19.0,15.501534693528615,7.0,15.0,33.0,65.0,0.47058823529411764,0.29411764705882354,0.29411764705882354,0.23529411764705882,0.23529411764705882,6.117647058823529,4.125,,,,,,,,,,
GB,Q1,17,28.41176470588235,25.0,21.976080107376138,-3.0,16.0,38.0,93.0,0.5294117647058824,0.5294117647058824,0.35294117647058826,0.35294117647058826,0.23529411764705882,6.352941176470588,4.472222222222222,,,,,,,,,,
HOU,Q1,17,22.529411764705884,21.0,14.701411084969815,4.0,12.0,28.0,67.0,0.5294117647058824,0.4117647058823529,0.23529411764705882,0.11764705882352941,0.058823529411764705,5.705882352941177,3.948453608247423,,,,,,,,,,
IND,Q1,17,17.823529411764707,10.0,15.1860434924643,1.0,5.0,28.0,51.0,0.4117647058823529,0.35294117647058826,0.23529411764705882,0.17647058823529413,0.11764705882352941,5.0588235294117645,3.5232558139534884,,,,,,,,,,
JAX,Q1,17,23.352941176470587,25.0,9.72529253436074,6.0,16.0,30.0,39.0,0.6470588235294118,0.5294117647058824,0.29411764705882354,0.17647058823529413,0.0,5.352941176470588,4.362637362637362,,,,,,,,,,
KC,Q1,17,24.176470588235293,28.0,11.753524097891797,3.0,15.0,33.0,42.0,0.5882352941176471,0.5294117647058824,0.4117647058823529,0.23529411764705882,0.058823529411764705,6.529411764705882,3.7027027027027026,,,,,,,,,,
LA,Q1,17,20.705882352941178,19.0,15.203578161976727,4.0,12.0,26.0,72.0,0.47058823529411764,0.29411764705882354,0.11764705882352941,0.058823529411764705,0.058823529411764705,5.705882352941177,3.6288659793814433,,,,,,,,,,
LAC,Q1,17,33.8235294117647,24.0,23.857999753733232,1.0,18.0,48.0,76.0,0.7058823529411765,0.47058823529411764,0.4117647058823529,0.4117647058823529,0.4117647058823529,6.705882352941177,5.043859649122807,,,,,,,,,,
LV,Q1,17,27.176470588235293,29.0,20.796592747279394,-1.0,9.0,43.0,80.0,0.5294117647058824,0.5294117647058824,0.47058823529411764,0.4117647058823529,0.29411764705882354,6.470588235294118,4.2,,,,,,,,,,
MIA,Q1,17,31.941176470588236,20.0,29.185956712161286,-1.0,12.0,56.0,108.0,0.5294117647058824,0.4117647058823529,0.4117647058823529,0.35294117647058826,0.35294117647058826,7.0,4.563025210084033,,,,,,,,,,
MIN,Q1,17,28.058823529411764,24.0,15.957556160512702,11.0,15.0,40.0,65.0,0.5294117647058824,0.4117647058823529,0.35294117647058826,0.35294117647058826,0.29411764705882354,6.823529411764706,4.112068965517241,,,,,,,,,,
NE,Q1,17,29.058823529411764,24.0,17.8637674316257,2.0,15.0,47.0,60.0,0.6470588235294118,0.47058823529411764,0.47058823529411764,0.4117647058823529,0.29411764705882354,6.117647058823529,4.75,,,,,,,,,,
NO,Q1,17,30.058823529411764,28.0,17.73156238176066,5.0,15.0,41.0,67.0,0.6470588235294118,0.5882352941176471,0.47058823529411764,0.35294117647058826,0.35294117647058826,7.294117647058823,4.120967741935484,,,,,,,,,,
NYG,Q1,17,37.588235294117645,31.0,27.97910738081166,5.0,17.0,50.0,112.0,0.6470588235294118,0.5882352941176471,0.5294117647058824,0.4117647058823529,0.29411764705882354,6.823529411764706,5.508620689655173,,,,,,,,,,
NYJ,Q1,17,39.05882352941177,34.0,23.5483747115824,13.0,20.0,48.0,96.0,0.8235294117647058,0.5882352941176471,0.5294117647058824,0.47058823529411764,0.4117647058823529,8.058823529411764,4.846715328467154,,,,,,,,,,
PHI,Q1,17,29.764705882352942,30.0,16.32223100294487,11.0,18.0,36.0,84.0,0.7058823529411765,0.5882352941176471,0.5294117647058824,0.29411764705882354,0.11764705882352941,6.588235294117647,4.517857142857143,,,,,,,,,,
PIT,Q1,17,28.0,21.0,21.254757252962285,8.0,13.0,32.0,87.0,0.5294117647058824,0.47058823529411764,0.29411764705882354,0.23529411764705882,0.23529411764705882,6.647058823529412,4.212389380530974,,,,,,,,,,
SEA,Q1,17,25.529411764705884,23.0,17.938186829019337,3.0,14.0,35.0,79.0,0.5882352941176471,0.47058823529411764,0.35294117647058826,0.29411764705882354,0.17647058823529413,7.235294117647059,3.5284552845528454,,,,,,,,,,
SF,Q1,17,33.35294117647059,30.0,17.374562801001687,13.0,27.0,34.0,88.0,0.8235294117647058,0.7647058823529411,0.5294117647058824,0.23529411764705882,0.17647058823529413,6.9411764705882355,4.805084745762712,,,,,,,,,,
TB,Q1,17,21.11764705882353,18.0,12.860712417103203,0.0,13.0,31.0,53.0,0.4117647058823529,0.4117647058823529,0.29411764705882354,0.11764705882352941,0.11764705882352941,4.823529411764706,4.378048780487805,,,,,,,,,,
TEN,Q1,17,27.058823529411764,27.0,21.02231472181348,-2.0,13.0,35.0,67.0,0.5294117647058824,0.5294117647058824,0.35294117647058826,0.29411764705882354,0.23529411764705882,5.882352941176471,4.6,,,,,,,,,,
WAS,Q1,17,33.23529411764706,28.0,19.788675941096468,2.0,18.0,44.0,78.0,0.6470588235294118,0.6470588235294118,0.47058823529411764,0.4117647058823529,0.29411764705882354,6.470588235294118,5.136363636363637,,,,,,,,,,
ARI,1H,17,61.411764705882355,70.0,26.28589159389145,9.0,50.0,77.0,109.0,,,,0.8235294117647058,,13.0,4.723981900452489,0.7647058823529411,0.5294117647058824,0.5294117647058824,0.35294117647058826,,,,,,
ATL,1H,17,54.76470588235294,52.0,25.203943229686494,19.0,38.0,66.0,104.0,,,,0.7647058823529411,,12.0,4.563725490196078,0.6470588235294118,0.4117647058823529,0.29411764705882354,0.17647058823529413,,,,,,
BAL,1H,17,49.35294117647059,54.0,21.376020585117413,22.0,31.0,62.0,99.0,,,,0.6470588235294118,,12.352941176470589,3.9952380952380953,0.5882352941176471,0.47058823529411764,0.11764705882352941,0.11764705882352941,,,,,,
BUF,1H,17,87.88235294117646,73.0,45.03839192738618,33.0,56.0,118.0,177.0,,,,0.9411764705882353,,15.882352941176471,5.533333333333333,0.8823529411764706,0.7647058823529411,0.5882352941176471,0.47058823529411764,,,,,,
CAR,1H,17,70.52941176470588,71.0,35.504958472367875,14.0,47.0,86.0,158.0,,,,0.8823529411764706,,14.294117647058824,4.934156378600823,0.8235294117647058,0.6470588235294118,0.5882352941176471,0.4117647058823529,,,,,,
CHI,1H,17,63.705882352941174,46.0,44.85239151061461,14.0,27.0,85.0,173.0,,,,0.7058823529411765,,12.764705882352942,4.990783410138249,0.5294117647058824,0.4117647058823529,0.35294117647058826,0.35294117647058826,,,,,,
CIN,1H,17,63.470588235294116,68.0,29.756101988270107,14.0,44.0,82.0,139.0,,,,0.8235294117647058,,13.529411764705882,4.691304347826087,0.7058823529411765,0.6470588235294118,0.5882352941176471,0.35294117647058826,,,,,,
CLE,1H,17,63.94117647058823,63.0,32.00637912195427,14.0,46.0,73.0,133.0,,,,0.8235294117647058,,13.470588235294118,4.746724890829694,0.7647058823529411,0.5882352941176471,0.47058823529411764,0.23529411764705882,,,,,,
DAL,1H,17,61.0,60.0,29.102253803968317,21.0,36.0,88.0,123.0,,,,0.7647058823529411,,12.352941176470589,4.938095238095238,0.5882352941176471,0.5294117647058824,0.4117647058823529,0.35294117647058826,,,,,,
DEN,1H,17,45.411764705882355,42.0,13.771491540089414,24.0,36.0,52.0,76.0,,,,0.8235294117647058,,12.647058823529411,3.5906976744186045,0.29411764705882354,0.23529411764705882,0.17647058823529413,0.058823529411764705,,,,,,
DET,1H,17,44.8235294117647,39.0,19.470143943749143,11.0,31.0,66.0,80.0,,,,0.6470588235294118,,11.294117647058824,3.96875,0.4117647058823529,0.29411764705882354,0.29411764705882354,0.11764705882352941,,,,,,
GB,1H,17,61.529411764705884,52.0,34.17621747400449,25.0,43.0,77.0,175.0,,,,0.7647058823529411,,14.588235294117647,4.217741935483871,0.7058823529411765,0.47058823529411764,0.35294117647058826,0.29411764705882354,,,,,,
HOU,1H,17,38.529411764705884,37.0,19.611274209611356,11.0,21.0,52.0,77.0,,,,0.5294117647058824,,10.470588235294118,3.6797752808988764,0.4117647058823529,0.17647058823529413,0.11764705882352941,0.058823529411764705,,,,,,
IND,1H,17,49.529411764705884,52.0,22.909329327638872,3.0,42.0,63.0,85.0,,,,0.7647058823529411,,11.647058823529411,4.252525252525253,0.6470588235294118,0.4117647058823529,0.23529411764705882,0.17647058823529413,,,,,,
JAX,1H,17,46.35294117647059,46.0,12.536728048937265,25.0,39.0,52.0,74.0,,,,0.8235294117647058,,11.176470588235293,4.147368421052631,0.5294117647058824,0.11764705882352941,0.11764705882352941,0.0,,,,,,
KC,1H,17,55.0,63.0,22.06141161288056,20.0,36.0,74.0,92.0,,,,0.7647058823529411,,12.647058823529411,4.348837209302325,0.5882352941176471,0.5294117647058824,0.47058823529411764,0.23529411764705882,,,,,,
LA,1H,17,60.470588235294116,54.0,31.18468260325482,26.0,34.0,79.0,143.0,,,,0.6470588235294118,,13.529411764705882,4.469565217391304,0.6470588235294118,0.47058823529411764,0.35294117647058826,0.29411764705882354,,,,,,
LAC,1H,17,57.23529411764706,61.0,26.460913264584196,10.0,36.0,82.0,95.0,,,,0.7647058823529411,,12.411764705882353,4.611374407582939,0.6470588235294118,0.5882352941176471,0.4117647058823529,0.29411764705882354,,,,,,
LV,1H,17,55.23529411764706,54.0,37.4221221326837,2.0,36.0,69.0,174.0,,,,0.7647058823529411,,13.352941176470589,4.136563876651983,0.6470588235294118,0.4117647058823529,0.29411764705882354,0.17647058823529413,,,,,,
MIA,1H,17,61.23529411764706,60.0,37.54296270198859,10.0,29.0,90.0,143.0,,,,0.5882352941176471,,13.588235294117647,4.5064935064935066,0.5294117647058824,0.5294117647058824,0.47058823529411764,0.4117647058823529,,,,,,
MIN,1H,17,53.11764705882353,54.0,21.3676015140602,15.0,36.0,69.0,97.0,,,,0.8235294117647058,,13.941176470588236,3.810126582278481,0.5882352941176471,0.47058823529411764,0.29411764705882354,0.17647058823529413,,,,,,
NE,1H,17,53.23529411764706,52.0,14.790813570928592,26.0,48.0,61.0,86.0,,,,0.8823529411764706,,12.235294117647058,4.350961538461538,0.7647058823529411,0.4117647058823529,0.23529411764705882,0.058823529411764705,,,,,,
NO,1H,17,59.470588235294116,59.0,25.43531044239559,8.0,48.0,76.0,112.0,,,,0.8235294117647058,,14.705882352941176,4.044,0.7647058823529411,0.5294117647058824,0.35294117647058826,0.29411764705882354,,,,,,
NYG,1H,17,66.82352941176471,62.0,34.86990155710331,6.0,47.0,87.0,147.0,,,,0.8235294117647058,,13.117647058823529,5.0941704035874436,0.7647058823529411,0.5882352941176471,0.47058823529411764,0.4117647058823529,,,,,,
NYJ,1H,17,71.6470588235294,57.0,41.23953154362591,22.0,42.0,98.0,153.0,,,,0.8235294117647058,,15.0,4.776470588235294,0.6470588235294118,0.5882352941176471,0.4117647058823529,0.4117647058823529,,,,,,
PHI,1H,17,59.0,52.0,31.754573547387952,15.0,42.0,67.0,142.0,,,,0.8235294117647058,,13.352941176470589,4.418502202643172,0.7058823529411765,0.4117647058823529,0.29411764705882354,0.17647058823529413,,,,,,
PIT,1H,17,58.94117647058823,52.0,33.51465103369024,18.0,31.0,73.0,125.0,,,,0.7058823529411765,,13.411764705882353,4.394736842105263,0.5882352941176471,0.47058823529411764,0.35294117647058826,0.23529411764705882,,,,,,
SEA,1H,17,48.64705882352941,43.0,22.73360088055871,10.0,35.0,72.0,90.0,,,,0.7647058823529411,,13.411764705882353,3.6271929824561404,0.47058823529411764,0.29411764705882354,0.29411764705882354,0.17647058823529413,,,,,,
SF,1H,17,56.529411764705884,50.0,24.8527845452774,26.0,39.0,64.0,115.0,,,,0.8235294117647058,,12.588235294117647,4.490654205607477,0.5882352941176471,0.47058823529411764,0.23529411764705882,0.17647058823529413,,,,,,
TB,1H,17,44.35294117647059,35.0,28.01247868250356,5.0,24.0,55.0,118.0,,,,0.5294117647058824,,10.117647058823529,4.383720930232558,0.35294117647058826,0.29411764705882354,0.23529411764705882,0.11764705882352941,,,,,,
TEN,1H,17,47.05882352941177,45.0,23.912759548077098,17.0,31.0,54.0,118.0,,,,0.5882352941176471,,11.411764705882353,4.123711340206185,0.5294117647058824,0.23529411764705882,0.17647058823529413,0.11764705882352941,,,,,,
WAS,1H,17,69.58823529411765,70.0,25.20751247388578,30.0,49.0,79.0,127.0,,,,0.8823529411764706,,14.058823529411764,4.949790794979079,0.8235294117647058,0.7058823529411765,0.6470588235294118,0.4117647058823529,,,,,,
ARI,Full Game,17,126.94117647058823,123.0,46.92104831615024,49.0,95.0,150.0,249.0,,,,,,28.764705882352942,4.413087934560327,,,,,0.9411764705882353,0.9411764705882353,0.9411764705882353,0.8235294117647058,0.6470588235294118,0.5882352941176471
ATL,Full Game,17,126.23529411764706,110.0,55.92171987989335,67.0,101.0,134.0,323.0,,,,,,27.41176470588235,4.605150214592275,,,,,1.0,1.0,0.9411764705882353,0.8235294117647058,0.7647058823529411,0.4117647058823529
BAL,Full Game,17,106.6470588235294,100.0,40.24182953458575,34.0,79.0,118.0,224.0,,,,,,25.529411764705884,4.17741935483871,,,,,0.9411764705882353,0.9411764705882353,0.9411764705882353,0.7058823529411765,0.5882352941176471,0.23529411764705882
BUF,Full Game,17,136.1764705882353,114.0,63.46859834420914,58.0,79.0,197.0,246.0,,,,,,26.470588235294116,5.144444444444445,,,,,1.0,0.9411764705882353,0.8235294117647058,0.7058823529411765,0.6470588235294118,0.47058823529411764
CAR,Full Game,17,123.29411764705883,125.0,55.04732157386722,19.0,82.0,152.0,245.0,,,,,,28.176470588235293,4.375782881002087,,,,,0.8823529411764706,0.8823529411764706,0.8823529411764706,0.8823529411764706,0.7058823529411765,0.5882352941176471
CHI,Full Game,17,134.52941176470588,122.0,55.80756605573965,44.0,115.0,177.0,240.0,,,,,,26.88235294117647,5.00437636761488,,,,,0.8823529411764706,0.8235294117647058,0.8235294117647058,0.8235294117647058,0.7647058823529411,0.6470588235294118
CIN,Full Game,17,147.05882352941177,139.0,60.008303923643666,42.0,118.0,183.0,283.0,,,,,,28.176470588235293,5.219206680584551,,,,,0.8823529411764706,0.8823529411764706,0.8823529411764706,0.8823529411764706,0.8823529411764706,0.6470588235294118
CLE,Full Game,17,116.41176470588235,109.0,43.95861532841651,45.0,91.0,142.0,184.0,,,,,,27.941176470588236,4.166315789473685,,,,,0.8823529411764706,0.8823529411764706,0.8235294117647058,0.8235294117647058,0.5882352941176471,0.47058823529411764
DAL,Full Game,17,125.47058823529412,136.0,45.815637770960485,27.0,87.0,158.0,216.0,,,,,,26.58823529411765,4.719026548672566,,,,,0.9411764705882353,0.9411764705882353,0.8823529411764706,0.8235294117647058,0.7058823529411765,0.5294117647058824
DEN,Full Game,17,91.05882352941177,82.0,33.34925801844207,40.0,71.0,113.0,167.0,,,,,,23.529411764705884,3.87,,,,,0.8823529411764706,0.8235294117647058,0.7647058823529411,0.5882352941176471,0.4117647058823529,0.11764705882352941
DET,Full Game,17,114.52941176470588,112.0,43.95467939628783,41.0,85.0,142.0,230.0,,,,,,26.235294117647058,4.365470852017937,,,,,0.9411764705882353,0.9411764705882353,0.8823529411764706,0.7647058823529411,0.5294117647058824,0.47058823529411764
GB,Full Game,17,117.70588235294117,111.0,57.878945380328936,46.0,93.0,138.0,307.0,,,,,,28.0,4.203781512605042,,,,,0.9411764705882353,0.8235294117647058,0.8235294117647058,0.8235294117647058,0.5294117647058824,0.35294117647058826
HOU,Full Game,17,93.70588235294117,86.0,34.41744548384174,44.0,72.0,118.0,169.0,,,,,,23.529411764705884,3.9825,,,,,0.8823529411764706,0.8235294117647058,0.8235294117647058,0.5882352941176471,0.35294117647058826,0.23529411764705882
IND,Full Game,17,101.88235294117646,106.0,31.95195354966795,38.0,86.0,121.0,148.0,,,,,,26.352941176470587,3.8660714285714284,,,,,0.9411764705882353,0.8235294117647058,0.8235294117647058,0.7647058823529411,0.6470588235294118,0.29411764705882354
JAX,Full Game,17,85.58823529411765,83.0,31.27122116829468,42.0,60.0,101.0,158.0,,,,,,21.705882352941178,3.9430894308943087,,,,,0.8823529411764706,0.7647058823529411,0.5882352941176471,0.5294117647058824,0.29411764705882354,0.17647058823529413
KC,Full Game,17,105.70588235294117,109.0,37.23338904149837,25.0,82.0,130.0,166.0,,,,,,26.352941176470587,4.011160714285714,,,,,0.9411764705882353,0.8823529411764706,0.8235294117647058,0.7647058823529411,0.5294117647058824,0.4117647058823529
LA,Full Game,17,110.82352941176471,94.0,46.63908395593909,51.0,74.0,135.0,219.0,,,,,,25.647058823529413,4.321100917431193,,,,,1.0,0.8823529411764706,0.8823529411764706,0.6470588235294118,0.47058823529411764,0.35294117647058826
LAC,Full Game,17,105.3529411764706,116.0,44.18935349083211,31.0,73.0,134.0,192.0,,,,,,24.470588235294116,4.305288461538462,,,,,0.8235294117647058,0.8235294117647058,0.7647058823529411,0.7058823529411765,0.5294117647058824,0.35294117647058826
LV,Full Game,17,116.82352941176471,96.0,47.423294467291996,60.0,81.0,152.0,201.0,,,,,,30.058823529411764,3.8864970645792565,,,,,1.0,1.0,0.7647058823529411,0.7647058823529411,0.47058823529411764,0.4117647058823529
MIA,Full Game,17,132.41176470588235,135.0,57.25490867579869,45.0,87.0,157.0,243.0,,,,,,27.58823529411765,4.79957356076759,,,,,0.9411764705882353,0.8823529411764706,0.8235294117647058,0.8235294117647058,0.7058823529411765,0.5882352941176471
MIN,Full Game,17,124.11764705882354,128.0,46.01519231596705,45.0,107.0,140.0,218.0,,,,,,31.11764705882353,3.988657844990548,,,,,0.9411764705882353,0.8823529411764706,0.7647058823529411,0.7647058823529411,0.7647058823529411,0.6470588235294118
NE,Full Game,17,101.70588235294117,111.0,41.72989435698325,39.0,64.0,129.0,171.0,,,,,,24.176470588235293,4.206812652068127,,,,,0.9411764705882353,0.8823529411764706,0.6470588235294118,0.5294117647058824,0.5294117647058824,0.35294117647058826
NO,Full Game,17,120.58823529411765,121.0,47.35604666470104,49.0,77.0,164.0,222.0,,,,,,30.41176470588235,3.965183752417795,,,,,0.9411764705882353,0.9411764705882353,0.8823529411764706,0.7058823529411765,0.5882352941176471,0.5294117647058824
NYG,Full Game,17,145.2941176470588,142.0,54.75374250532195,63.0,114.0,159.0,276.0,,,,,,27.352941176470587,5.311827956989247,,,,,1.0,1.0,0.9411764705882353,0.8823529411764706,0.8235294117647058,0.6470588235294118
NYJ,Full Game,17,139.47058823529412,125.0,54.369236161918344,53.0,98.0,180.0,239.0,,,,,,31.705882352941178,4.398886827458256,,,,,1.0,0.9411764705882353,0.8823529411764706,0.8235294117647058,0.7058823529411765,0.6470588235294118
PHI,Full Game,17,124.41176470588235,120.0,51.802860270258535,46.0,90.0,143.0,281.0,,,,,,29.058823529411764,4.281376518218623,,,,,0.9411764705882353,0.9411764705882353,0.8823529411764706,0.8235294117647058,0.7058823529411765,0.5294117647058824
PIT,Full Game,17,113.05882352941177,105.0,57.91115973752666,15.0,70.0,137.0,249.0,,,,,,26.529411764705884,4.261640798226164,,,,,0.9411764705882353,0.8823529411764706,0.7647058823529411,0.6470588235294118,0.5294117647058824,0.29411764705882354
SEA,Full Game,17,91.94117647058823,89.0,30.91633984164607,53.0,64.0,119.0,157.0,,,,,,24.58823529411765,3.7392344497607657,,,,,1.0,0.7647058823529411,0.6470588235294118,0.5294117647058824,0.4117647058823529,0.23529411764705882
SF,Full Game,17,107.82352941176471,110.0,37.97249049775477,36.0,78.0,136.0,180.0,,,,,,24.941176470588236,4.32311320754717,,,,,0.9411764705882353,0.8823529411764706,0.7647058823529411,0.7058823529411765,0.6470588235294118,0.4117647058823529
TB,Full Game,17,99.05882352941177,97.0,38.531073156816134,19.0,70.0,122.0,166.0,,,,,,23.294117647058822,4.252525252525253,,,,,0.8823529411764706,0.8823529411764706,0.7647058823529411,0.7058823529411765,0.4117647058823529,0.29411764705882354
TEN,Full Game,17,114.58823529411765,129.0,40.812424324447505,51.0,70.0,149.0,175.0,,,,,,26.647058823529413,4.300220750551876,,,,,1.0,0.9411764705882353,0.7647058823529411,0.6470588235294118,0.6470588235294118,0.5294117647058824
WAS,Full Game,17,141.8235294117647,148.0,45.12105976816232,74.0,93.0,162.0,226.0,,,,,,29.647058823529413,4.783730158730159,,,,,1.0,1.0,1.0,0.9411764705882353,0.7058823529411765,0.7058823529411765
