week,rank,player,team,opponent,status,sharp_rush_eff_rank,season_carries,season_rush_yds,espn_w4_carries,espn_w4_rush_yds,neutral_q1_yds_baseline,availability,projection_source,refresh_version
4,1,Jahmyr Gibbs,DET,CAR,ACTIVE,4,65,307,20,101,25.25,IN,ESPN Week 4 + user Sharp,v0.6-w4
4,2,Derrick Henry,BAL,TEN,ACTIVE,19,66,301,23,103,25.75,IN,ESPN Week 4 + user Sharp,v0.6-w4
4,3,James Cook III,BUF,NE,ACTIVE,16,58,346,19,93,23.25,IN,ESPN Week 4 + user Sharp,v0.6-w4
4,4,Kenneth Walker III,KC,LV,ACTIVE,23,65,360,19,88,22.00,IN,ESPN Week 4 + user Sharp,v0.6-w4
4,5,Jonathan Taylor,IND,WAS,ACTIVE,29,66,258,20,85,21.25,IN,ESPN Week 4 + user Sharp,v0.6-w4
4,6,Aaron Jones Sr.,MIN,MIA,ACTIVE,14,52,203,21,86,21.50,IN,ESPN Week 4 + user Sharp,v0.6-w4
4,7,Christian McCaffrey,SF,DEN,ACTIVE,7,35,166,15,68,17.00,IN,ESPN Week 4 + user Sharp,v0.6-w4
4,8,Jeremiyah Love,ARI,NYG,ACTIVE,5,41,160,16,72,18.00,IN,ESPN Week 4 + user Sharp,v0.6-w4
4,9,Chuba Hubbard,CAR,DET,ACTIVE,3,41,184,16,71,17.75,IN,ESPN Week 4 + user Sharp,v0.6-w4
4,10,Chase Brown,CIN,JAX,ACTIVE,26,49,197,16,67,16.75,IN,ESPN Week 4 + user Sharp,v0.6-w4
4,11,Ashton Jeanty,LV,KC,ACTIVE,24,63,206,17,66,16.50,IN,ESPN Week 4 + user Sharp,v0.6-w4
4,12,Javonte Williams,DAL,HOU,ACTIVE,28,43,169,17,65,16.25,IN,ESPN Week 4 + user Sharp,v0.6-w4
4,13,Cam Skattebo,NYG,ARI,ACTIVE,18,50,177,17,75,18.75,IN,ESPN Week 4 + user Sharp,v0.6-w4
