key,value
season,2026
current_target_week,4
last_model_refresh,2026-10-03
next_scheduled_refresh,2026-10-07 03:00 CT
timezone,America/Chicago
scoring_version,v0.6 Week 4 external-baseline refresh
source_repo,davidcantugtr/nfl-Rushing-Stats
sheet_mode,GitHub source-of-truth + Google Sheets live display
sharp_status,Week 4 Rush Efficiency DEF verified from user-supplied Sharp screenshot 2026-10-03
public_defense_status,2026 Weeks 1-3 completed
validation_status,Week 4 Sunday schedule verified; ESPN Week 4 workload/availability baseline; stale prior-week lineup replaced
