week,rank,player,team,opponent,sharp_rush_eff_rank,espn_w4_carries,espn_w4_rush_yds,neutral_q1_yds_baseline,status,model_note
4,1,Jahmyr Gibbs,DET,CAR,4,20,101,25.25,ACTIVE,High workload plus favorable Sharp schedule
4,2,Derrick Henry,BAL,TEN,19,23,103,25.75,ACTIVE,Highest projected carries and yards
4,3,James Cook III,BUF,NE,16,19,93,23.25,ACTIVE,Strong current efficiency and workload
4,4,Kenneth Walker III,KC,LV,23,19,88,22.00,ACTIVE,Bellcow workload; harder Sharp side
4,5,Jonathan Taylor,IND,WAS,29,20,85,21.25,ACTIVE,Volume offsets difficult Sharp rush schedule
4,6,Aaron Jones Sr.,MIN,MIA,14,21,86,21.50,ACTIVE,High-volume role
4,7,Jeremiyah Love,ARI,NYG,5,16,72,18.00,ACTIVE,Role ascension plus favorable Sharp schedule
4,8,Christian McCaffrey,SF,DEN,7,15,68,17.00,ACTIVE,Favorable Sharp schedule with managed workload
4,9,Chuba Hubbard,CAR,DET,3,16,71,17.75,ACTIVE,Lead role plus top-three Sharp schedule
4,10,Cam Skattebo,NYG,ARI,18,17,75,18.75,ACTIVE,Current lead role and stable volume
4,11,Chase Brown,CIN,JAX,26,16,67,16.75,ACTIVE,Volume viable but difficult Sharp schedule
4,12,Ashton Jeanty,LV,KC,24,17,66,16.50,ACTIVE,Heavy touch base but efficiency concern
4,13,Javonte Williams,DAL,HOU,28,17,65,16.25,ACTIVE,Volume stable; difficult Sharp rush schedule
