week,team,opponent,site,player,depth_role,backfield_type,window,sharp_rush_def_rank,carry_share,base_team_rush_yds,base_player_carries,base_player_rush_yds,team_spread,game_script,trailing_probability,neutral_probability,leading_probability,trailing_rush_yds,neutral_rush_yds,leading_rush_yds,script_adjusted_rush_yds,floor,ceiling,model_benchmark_yards,model_benchmark_probability,probability_source,sportsbook_market,consensus_line,sportsbook_over_probability,model_over_probability,probability_edge,sportsbook_count,odds_status,opportunity_score,tier,history_games,history_source,availability
4,DET,CAR,,Jahmyr Gibbs,Tracked RB,Current role,1H,4,0.746212,78.500000,9.666667,47.666667,,UNKNOWN,0.300000,0.400000,0.300000,41.946667,47.666667,52.433333,47.380667,35.740220,59.021113,35.000000,0.787476,2026 play-by-play through Week 3,,,,,,0,MODEL ONLY — WINDOW MARKET UNAVAILABLE,94.000000,ELITE,3,Exact 2026 play-by-play before Week 4,IN
4,BAL,TEN,,Derrick Henry,Tracked RB,Current role,1H,19,0.705661,81.500000,11.666667,53.666667,,UNKNOWN,0.300000,0.400000,0.300000,47.226667,53.666667,59.033333,53.344667,40.541947,66.147387,35.000000,0.858735,2026 play-by-play through Week 3,,,,,,0,MODEL ONLY — WINDOW MARKET UNAVAILABLE,92.000000,ELITE,3,Exact 2026 play-by-play before Week 4,IN
4,BUF,NE,,James Cook III,Tracked RB,Current role,1H,16,0.633929,76.000000,9.000000,65.666667,,UNKNOWN,0.300000,0.400000,0.300000,57.786667,65.666667,72.233333,65.272667,45.360359,85.184974,35.000000,0.872904,2026 play-by-play through Week 3,,,,,,0,MODEL ONLY — WINDOW MARKET UNAVAILABLE,90.000000,ELITE,3,Exact 2026 play-by-play before Week 4,IN
4,KC,LV,,Kenneth Walker III,Tracked RB,Current role,1H,23,0.856725,70.666667,10.000000,60.000000,,UNKNOWN,0.300000,0.400000,0.300000,52.800000,60.000000,66.000000,59.640000,43.753685,75.526315,35.000000,0.877639,2026 play-by-play through Week 3,,,,,,0,MODEL ONLY — WINDOW MARKET UNAVAILABLE,88.000000,ELITE,3,Exact 2026 play-by-play before Week 4,IN
4,IND,WAS,,Jonathan Taylor,Tracked RB,Current role,1H,29,0.809717,45.666667,11.333333,42.000000,,UNKNOWN,0.300000,0.400000,0.300000,36.960000,42.000000,46.200000,41.748000,23.800159,59.695841,35.000000,0.611022,2026 play-by-play through Week 3,,,,,,0,MODEL ONLY — WINDOW MARKET UNAVAILABLE,86.000000,ELITE,3,Exact 2026 play-by-play before Week 4,IN
4,MIN,MIA,,Aaron Jones Sr.,Tracked RB,Current role,1H,14,0.602699,58.333333,9.000000,36.000000,,UNKNOWN,0.300000,0.400000,0.300000,31.680000,36.000000,39.600000,35.784000,26.763191,44.804809,35.000000,0.525986,2026 play-by-play through Week 3,,,,,,0,MODEL ONLY — WINDOW MARKET UNAVAILABLE,84.000000,PRIME,3,Exact 2026 play-by-play before Week 4,IN
4,SF,DEN,,Christian McCaffrey,Tracked RB,Current role,1H,7,0.488095,63.333333,4.666667,17.333333,,UNKNOWN,0.300000,0.400000,0.300000,15.253333,17.333333,19.066667,17.229333,12.729333,21.729333,35.000000,0.001529,2026 play-by-play through Week 3,,,,,,0,MODEL ONLY — WINDOW MARKET UNAVAILABLE,82.000000,PRIME,3,Exact 2026 play-by-play before Week 4,IN
4,ARI,NYG,,Jeremiyah Love,Tracked RB,Current role,1H,5,0.616239,44.833333,8.000000,35.666667,,UNKNOWN,0.300000,0.400000,0.300000,31.386667,35.666667,39.233333,35.452667,26.944027,43.961307,35.000000,0.515914,2026 play-by-play through Week 3,,,,,,0,MODEL ONLY — WINDOW MARKET UNAVAILABLE,80.000000,PRIME,3,Exact 2026 play-by-play before Week 4,IN
4,CAR,DET,,Chuba Hubbard,Tracked RB,Current role,1H,3,0.785714,44.666667,6.666667,18.333333,,UNKNOWN,0.300000,0.400000,0.300000,16.133333,18.333333,20.166667,18.223333,13.723333,22.723333,35.000000,0.002586,2026 play-by-play through Week 3,,,,,,0,MODEL ONLY — WINDOW MARKET UNAVAILABLE,78.000000,PRIME,3,Exact 2026 play-by-play before Week 4,IN
4,CIN,JAX,,Chase Brown,Tracked RB,Current role,1H,26,0.753788,39.833333,6.666667,31.333333,,UNKNOWN,0.300000,0.400000,0.300000,27.573333,31.333333,34.466667,31.145333,23.670453,38.620213,35.000000,0.349466,2026 play-by-play through Week 3,,,,,,0,MODEL ONLY — WINDOW MARKET UNAVAILABLE,76.000000,STRONG,3,Exact 2026 play-by-play before Week 4,IN
4,LV,KC,,Ashton Jeanty,Tracked RB,Current role,1H,24,0.700466,53.666667,8.666667,29.333333,,UNKNOWN,0.300000,0.400000,0.300000,25.813333,29.333333,32.266667,29.157333,21.851514,36.463153,35.000000,0.274321,2026 play-by-play through Week 3,,,,,,0,MODEL ONLY — WINDOW MARKET UNAVAILABLE,74.000000,STRONG,3,Exact 2026 play-by-play before Week 4,IN
4,DAL,HOU,,Javonte Williams,Tracked RB,Current role,1H,28,0.719048,48.000000,8.666667,29.000000,,UNKNOWN,0.300000,0.400000,0.300000,25.520000,29.000000,31.900000,28.826000,13.976758,43.675242,35.000000,0.377583,2026 play-by-play through Week 3,,,,,,0,MODEL ONLY — WINDOW MARKET UNAVAILABLE,72.000000,STRONG,3,Exact 2026 play-by-play before Week 4,IN
4,NYG,ARI,,Cam Skattebo,Tracked RB,Current role,1H,18,0.505357,48.166667,8.666667,17.666667,,UNKNOWN,0.300000,0.400000,0.300000,15.546667,17.666667,19.433333,17.560667,13.060667,22.060667,35.000000,0.001827,2026 play-by-play through Week 3,,,,,,0,MODEL ONLY — WINDOW MARKET UNAVAILABLE,70.000000,STRONG,3,Exact 2026 play-by-play before Week 4,IN
4,DET,CAR,,Jahmyr Gibbs,Tracked RB,Current role,Full Game,4,0.781818,157.000000,21.666667,101.866667,,UNKNOWN,0.300000,0.400000,0.300000,79.456000,101.866667,120.202667,100.644267,68.751869,132.536664,60.000000,0.830417,2026 play-by-play through Week 3,,,,,,0,AWAITING FULL-GAME LINE,94.000000,ELITE,3,Exact 2026 play-by-play before Week 4,IN
4,BAL,TEN,,Derrick Henry,Tracked RB,Current role,Full Game,19,0.686711,146.833333,22.000000,101.266667,,UNKNOWN,0.300000,0.400000,0.300000,78.988000,101.266667,119.494667,100.051467,76.017636,124.085297,60.000000,0.894322,2026 play-by-play through Week 3,,,,,,0,AWAITING FULL-GAME LINE,92.000000,ELITE,3,Exact 2026 play-by-play before Week 4,IN
4,BUF,NE,,James Cook III,Tracked RB,Current role,Full Game,16,0.643218,131.666667,19.333333,107.516667,,UNKNOWN,0.300000,0.400000,0.300000,83.863000,107.516667,126.869667,106.226467,74.748300,137.704634,60.000000,0.864637,2026 play-by-play through Week 3,,,,,,0,AWAITING FULL-GAME LINE,90.000000,ELITE,3,Exact 2026 play-by-play before Week 4,IN
4,KC,LV,,Kenneth Walker III,Tracked RB,Current role,Full Game,23,0.717616,134.833333,21.666667,108.800000,,UNKNOWN,0.300000,0.400000,0.300000,84.864000,108.800000,128.384000,107.494400,75.917114,139.071686,60.000000,0.870351,2026 play-by-play through Week 3,,,,,,0,AWAITING FULL-GAME LINE,88.000000,ELITE,3,Exact 2026 play-by-play before Week 4,IN
4,IND,WAS,,Jonathan Taylor,Tracked RB,Current role,Full Game,29,0.813978,92.666667,22.000000,85.650000,,UNKNOWN,0.300000,0.400000,0.300000,66.807000,85.650000,101.067000,84.622200,64.312872,104.931528,60.000000,0.818396,2026 play-by-play through Week 3,,,,,,0,AWAITING FULL-GAME LINE,86.000000,ELITE,3,Exact 2026 play-by-play before Week 4,IN
4,MIN,MIA,,Aaron Jones Sr.,Tracked RB,Current role,Full Game,14,0.637833,102.833333,17.333333,74.083333,,UNKNOWN,0.300000,0.400000,0.300000,57.785000,74.083333,87.418333,73.194333,52.642569,93.746097,60.000000,0.684921,2026 play-by-play through Week 3,,,,,,0,AWAITING FULL-GAME LINE,84.000000,PRIME,3,Exact 2026 play-by-play before Week 4,IN
4,SF,DEN,,Christian McCaffrey,Tracked RB,Current role,Full Game,7,0.451959,140.000000,11.666667,59.766667,,UNKNOWN,0.300000,0.400000,0.300000,46.618000,59.766667,70.524667,59.049467,41.768697,76.330236,60.000000,0.483547,2026 play-by-play through Week 3,,,,,,0,AWAITING FULL-GAME LINE,82.000000,PRIME,3,Exact 2026 play-by-play before Week 4,IN
4,ARI,NYG,,Jeremiyah Love,Tracked RB,Current role,Full Game,5,0.543573,98.666667,13.666667,59.866667,,UNKNOWN,0.300000,0.400000,0.300000,46.696000,59.866667,70.642667,59.148267,39.358749,78.937784,60.000000,0.487124,2026 play-by-play through Week 3,,,,,,0,AWAITING FULL-GAME LINE,80.000000,PRIME,3,Exact 2026 play-by-play before Week 4,IN
4,CAR,DET,,Chuba Hubbard,Tracked RB,Current role,Full Game,3,0.608696,107.166667,13.666667,64.716667,,UNKNOWN,0.300000,0.400000,0.300000,50.479000,64.716667,76.365667,63.940067,48.594451,79.285683,60.000000,0.576351,2026 play-by-play through Week 3,,,,,,0,AWAITING FULL-GAME LINE,78.000000,PRIME,3,Exact 2026 play-by-play before Week 4,IN
4,CIN,JAX,,Chase Brown,Tracked RB,Current role,Full Game,26,0.728127,91.333333,16.333333,66.133333,,UNKNOWN,0.300000,0.400000,0.300000,51.584000,66.133333,78.037333,65.339733,49.658197,81.021269,60.000000,0.600786,2026 play-by-play through Week 3,,,,,,0,AWAITING FULL-GAME LINE,76.000000,STRONG,3,Exact 2026 play-by-play before Week 4,IN
4,LV,KC,,Ashton Jeanty,Tracked RB,Current role,Full Game,24,0.683154,99.833333,21.000000,67.733333,,UNKNOWN,0.300000,0.400000,0.300000,52.832000,67.733333,79.925333,66.920533,49.073965,84.767102,60.000000,0.614411,2026 play-by-play through Week 3,,,,,,0,AWAITING FULL-GAME LINE,74.000000,STRONG,3,Exact 2026 play-by-play before Week 4,IN
4,DAL,HOU,,Javonte Williams,Tracked RB,Current role,Full Game,28,0.623810,90.500000,14.333333,59.366667,,UNKNOWN,0.300000,0.400000,0.300000,46.306000,59.366667,70.052667,58.654267,36.301974,81.006560,60.000000,0.481992,2026 play-by-play through Week 3,,,,,,0,AWAITING FULL-GAME LINE,72.000000,STRONG,3,Exact 2026 play-by-play before Week 4,IN
4,NYG,ARI,,Cam Skattebo,Tracked RB,Current role,Full Game,18,0.554659,123.000000,16.666667,64.600000,,UNKNOWN,0.300000,0.400000,0.300000,50.388000,64.600000,76.228000,63.824800,48.506848,79.142752,60.000000,0.574276,2026 play-by-play through Week 3,,,,,,0,AWAITING FULL-GAME LINE,70.000000,STRONG,3,Exact 2026 play-by-play before Week 4,IN
4,DET,CAR,,Jahmyr Gibbs,Tracked RB,Current role,Q1,4,0.775253,42.500000,5.000000,25.250000,,UNKNOWN,0.300000,0.400000,0.300000,23.735000,25.250000,26.765000,25.250000,10.806143,39.693857,15.000000,0.702718,2026 play-by-play through Week 3,,,,,,0,MODEL ONLY — WINDOW MARKET UNAVAILABLE,94.000000,ELITE,3,Exact 2026 play-by-play before Week 4,IN
4,BAL,TEN,,Derrick Henry,Tracked RB,Current role,Q1,19,0.867725,31.000000,6.666667,25.750000,,UNKNOWN,0.300000,0.400000,0.300000,24.205000,25.750000,27.295000,25.750000,19.570000,31.930000,15.000000,0.903987,2026 play-by-play through Week 3,,,,,,0,MODEL ONLY — WINDOW MARKET UNAVAILABLE,92.000000,ELITE,3,Exact 2026 play-by-play before Week 4,IN
4,BUF,NE,,James Cook III,Tracked RB,Current role,Q1,16,0.607143,39.833333,5.000000,23.250000,,UNKNOWN,0.300000,0.400000,0.300000,21.855000,23.250000,24.645000,23.250000,17.670000,28.830000,15.000000,0.866257,2026 play-by-play through Week 3,,,,,,0,MODEL ONLY — WINDOW MARKET UNAVAILABLE,90.000000,ELITE,3,Exact 2026 play-by-play before Week 4,IN
4,KC,LV,,Kenneth Walker III,Tracked RB,Current role,Q1,23,0.925926,32.666667,5.000000,22.000000,,UNKNOWN,0.300000,0.400000,0.300000,20.680000,22.000000,23.320000,22.000000,16.720000,27.280000,15.000000,0.839966,2026 play-by-play through Week 3,,,,,,0,MODEL ONLY — WINDOW MARKET UNAVAILABLE,88.000000,ELITE,3,Exact 2026 play-by-play before Week 4,IN
4,IND,WAS,,Jonathan Taylor,Tracked RB,Current role,Q1,29,0.839744,20.833333,6.666667,21.250000,,UNKNOWN,0.300000,0.400000,0.300000,19.975000,21.250000,22.525000,21.250000,9.657977,32.842023,15.000000,0.657031,2026 play-by-play through Week 3,,,,,,0,MODEL ONLY — WINDOW MARKET UNAVAILABLE,86.000000,ELITE,3,Exact 2026 play-by-play before Week 4,IN
4,MIN,MIA,,Aaron Jones Sr.,Tracked RB,Current role,Q1,14,0.544493,27.666667,4.666667,21.500000,,UNKNOWN,0.300000,0.400000,0.300000,20.210000,21.500000,22.790000,21.500000,16.340000,26.660000,15.000000,0.827611,2026 play-by-play through Week 3,,,,,,0,MODEL ONLY — WINDOW MARKET UNAVAILABLE,84.000000,PRIME,3,Exact 2026 play-by-play before Week 4,IN
4,SF,DEN,,Christian McCaffrey,Tracked RB,Current role,Q1,7,0.533333,29.666667,2.666667,17.000000,,UNKNOWN,0.300000,0.400000,0.300000,15.980000,17.000000,18.020000,17.000000,12.500000,21.500000,15.000000,0.630559,2026 play-by-play through Week 3,,,,,,0,MODEL ONLY — WINDOW MARKET UNAVAILABLE,82.000000,PRIME,3,Exact 2026 play-by-play before Week 4,IN
4,ARI,NYG,,Jeremiyah Love,Tracked RB,Current role,Q1,5,0.639815,24.833333,5.666667,18.000000,,UNKNOWN,0.300000,0.400000,0.300000,16.920000,18.000000,19.080000,18.000000,8.493423,27.506577,15.000000,0.593547,2026 play-by-play through Week 3,,,,,,0,MODEL ONLY — WINDOW MARKET UNAVAILABLE,80.000000,PRIME,3,Exact 2026 play-by-play before Week 4,IN
4,CAR,DET,,Chuba Hubbard,Tracked RB,Current role,Q1,3,0.750000,21.833333,3.333333,17.750000,,UNKNOWN,0.300000,0.400000,0.300000,16.685000,17.750000,18.815000,17.750000,13.250000,22.250000,15.000000,0.676644,2026 play-by-play through Week 3,,,,,,0,MODEL ONLY — WINDOW MARKET UNAVAILABLE,78.000000,PRIME,3,Exact 2026 play-by-play before Week 4,IN
4,CIN,JAX,,Chase Brown,Tracked RB,Current role,Q1,26,0.783333,21.000000,3.666667,16.750000,,UNKNOWN,0.300000,0.400000,0.300000,15.745000,16.750000,17.755000,16.750000,12.250000,21.250000,15.000000,0.614729,2026 play-by-play through Week 3,,,,,,0,MODEL ONLY — WINDOW MARKET UNAVAILABLE,76.000000,STRONG,3,Exact 2026 play-by-play before Week 4,IN
4,LV,KC,,Ashton Jeanty,Tracked RB,Current role,Q1,24,0.838095,28.500000,5.000000,16.500000,,UNKNOWN,0.300000,0.400000,0.300000,15.510000,16.500000,17.490000,16.500000,11.291833,21.708167,15.000000,0.585509,2026 play-by-play through Week 3,,,,,,0,MODEL ONLY — WINDOW MARKET UNAVAILABLE,74.000000,STRONG,3,Exact 2026 play-by-play before Week 4,IN
4,DAL,HOU,,Javonte Williams,Tracked RB,Current role,Q1,28,0.877778,23.000000,5.666667,16.250000,,UNKNOWN,0.300000,0.400000,0.300000,15.275000,16.250000,17.225000,16.250000,1.901655,30.598345,15.000000,0.526048,2026 play-by-play through Week 3,,,,,,0,MODEL ONLY — WINDOW MARKET UNAVAILABLE,72.000000,STRONG,3,Exact 2026 play-by-play before Week 4,IN
4,NYG,ARI,,Cam Skattebo,Tracked RB,Current role,Q1,18,0.671958,20.666667,5.000000,18.750000,,UNKNOWN,0.300000,0.400000,0.300000,17.625000,18.750000,19.875000,18.750000,14.250000,23.250000,15.000000,0.734014,2026 play-by-play through Week 3,,,,,,0,MODEL ONLY — WINDOW MARKET UNAVAILABLE,70.000000,STRONG,3,Exact 2026 play-by-play before Week 4,IN
