week,team,rush_eff_def_opponent_rank,schedule_difficulty,source,verified_at
4,WAS,1,easiest,Sharp screenshot supplied by user,2026-10-03
4,ATL,2,easier,Sharp screenshot supplied by user,2026-10-03
4,CAR,3,easier,Sharp screenshot supplied by user,2026-10-03
4,DET,4,easier,Sharp screenshot supplied by user,2026-10-03
4,ARI,5,easier,Sharp screenshot supplied by user,2026-10-03
4,TEN,6,easier,Sharp screenshot supplied by user,2026-10-03
4,SF,7,easier,Sharp screenshot supplied by user,2026-10-03
4,PIT,8,easier,Sharp screenshot supplied by user,2026-10-03
4,CHI,9,easier,Sharp screenshot supplied by user,2026-10-03
4,DEN,10,easier,Sharp screenshot supplied by user,2026-10-03
4,CLE,11,easier,Sharp screenshot supplied by user,2026-10-03
4,TB,12,easier,Sharp screenshot supplied by user,2026-10-03
4,NE,13,easier,Sharp screenshot supplied by user,2026-10-03
4,MIN,14,easier,Sharp screenshot supplied by user,2026-10-03
4,LAR,15,easier,Sharp screenshot supplied by user,2026-10-03
4,BUF,16,near_average,Sharp screenshot supplied by user,2026-10-03
4,NYJ,17,near_average,Sharp screenshot supplied by user,2026-10-03
4,NYG,18,harder,Sharp screenshot supplied by user,2026-10-03
4,BAL,19,harder,Sharp screenshot supplied by user,2026-10-03
4,HOU,20,harder,Sharp screenshot supplied by user,2026-10-03
4,JAX,21,harder,Sharp screenshot supplied by user,2026-10-03
4,PHI,22,harder,Sharp screenshot supplied by user,2026-10-03
4,KC,23,harder,Sharp screenshot supplied by user,2026-10-03
4,LV,24,harder,Sharp screenshot supplied by user,2026-10-03
4,SEA,25,harder,Sharp screenshot supplied by user,2026-10-03
4,CIN,26,harder,Sharp screenshot supplied by user,2026-10-03
4,MIA,27,harder,Sharp screenshot supplied by user,2026-10-03
4,DAL,28,harder,Sharp screenshot supplied by user,2026-10-03
4,IND,29,harder,Sharp screenshot supplied by user,2026-10-03
4,NO,30,harder,Sharp screenshot supplied by user,2026-10-03
4,GB,31,harder,Sharp screenshot supplied by user,2026-10-03
4,LAC,32,hardest,Sharp screenshot supplied by user,2026-10-03
